ISO-10303-21;
HEADER;
/* Generated by software containing ST-Developer
 * from STEP Tools, Inc. (www.steptools.com) 
 */

FILE_DESCRIPTION(
/* description */ (''),
/* implementation_level */ '2;1');

FILE_NAME(/* name */ 'strap 240mm mushroom to hole adapter.step',
/* time_stamp */ '2026-10-04T14:55:37-04:00',
/* author */ (''),
/* organization */ (''),
/* preprocessor_version */ 'ST-DEVELOPER v20.2',
/* originating_system */ 'Autodesk Translation Framework v15.15.0.0',
/* authorisation */ '');

FILE_SCHEMA (('AUTOMOTIVE_DESIGN { 1 0 10303 214 3 1 1 }'));
ENDSEC;

DATA;
#10=MECHANICAL_DESIGN_GEOMETRIC_PRESENTATION_REPRESENTATION('',(#13,#14,
#15,#16,#17,#18),#9755);
#11=SHAPE_REPRESENTATION_RELATIONSHIP('SRR','None',#9761,#12);
#12=ADVANCED_BREP_SHAPE_REPRESENTATION('',(#22),#9754);
#13=STYLED_ITEM('',(#9770),#19);
#14=STYLED_ITEM('',(#9770),#20);
#15=STYLED_ITEM('',(#9770),#21);
#16=STYLED_ITEM('',(#9770),#22);
#17=STYLED_ITEM('',(#9770),#23);
#18=STYLED_ITEM('',(#9770),#24);
#19=MANIFOLD_SOLID_BREP('Strap to Camera Ball attachment',#3454);
#20=MANIFOLD_SOLID_BREP('Strap 240mm attachment holes',#3455);
#21=MANIFOLD_SOLID_BREP('strap 240mm centerpiece adapter to mount',#3456);
#22=MANIFOLD_SOLID_BREP('strap 240mm mushroom to hole adapter ',#3457);
#23=MANIFOLD_SOLID_BREP('240 to 240mm strap joiner 1',#3458);
#24=MANIFOLD_SOLID_BREP('240 to 240 mm strap joiner 2',#3459);
#25=B_SPLINE_SURFACE_WITH_KNOTS('',3,3,((#4726,#4727,#4728,#4729,#4730,
#4731,#4732,#4733,#4734,#4735,#4736,#4737,#4738,#4739,#4740,#4741,#4742,
#4743,#4744,#4745,#4746,#4747,#4748,#4749,#4750,#4751,#4752,#4753,#4754,
#4755,#4756,#4757,#4758,#4759,#4760,#4761,#4762,#4763,#4764,#4765,#4766,
#4767,#4768,#4769,#4770,#4771,#4772,#4773),(#4774,#4775,#4776,#4777,#4778,
#4779,#4780,#4781,#4782,#4783,#4784,#4785,#4786,#4787,#4788,#4789,#4790,
#4791,#4792,#4793,#4794,#4795,#4796,#4797,#4798,#4799,#4800,#4801,#4802,
#4803,#4804,#4805,#4806,#4807,#4808,#4809,#4810,#4811,#4812,#4813,#4814,
#4815,#4816,#4817,#4818,#4819,#4820,#4821),(#4822,#4823,#4824,#4825,#4826,
#4827,#4828,#4829,#4830,#4831,#4832,#4833,#4834,#4835,#4836,#4837,#4838,
#4839,#4840,#4841,#4842,#4843,#4844,#4845,#4846,#4847,#4848,#4849,#4850,
#4851,#4852,#4853,#4854,#4855,#4856,#4857,#4858,#4859,#4860,#4861,#4862,
#4863,#4864,#4865,#4866,#4867,#4868,#4869),(#4870,#4871,#4872,#4873,#4874,
#4875,#4876,#4877,#4878,#4879,#4880,#4881,#4882,#4883,#4884,#4885,#4886,
#4887,#4888,#4889,#4890,#4891,#4892,#4893,#4894,#4895,#4896,#4897,#4898,
#4899,#4900,#4901,#4902,#4903,#4904,#4905,#4906,#4907,#4908,#4909,#4910,
#4911,#4912,#4913,#4914,#4915,#4916,#4917)),.UNSPECIFIED.,.F.,.T.,.F.,(4,
4),(4,2,2,2,2,2,1,2,2,2,2,2,1,2,2,2,2,2,1,2,2,2,2,2,1,4),(0.,1.),(-1.70215474637652,
-1.68182179581438,-1.54474214247446,-1.47042490765123,-1.4672384046828,
-1.39295738757832,-1.35868316644677,-1.25586050305211,-1.11899963682008,
-1.04488131559722,-1.04171761338723,-0.967730747345129,-0.933465642285888,
-0.830670327108163,-0.693813053984795,-0.619591844919449,-0.616410644861227,
-0.542270299795889,-0.473779250551336,-0.405288201306784,-0.268201068790318,
-0.193977464078914,-0.190799174456321,-0.116856221641022,-0.0584281108205111,
0.),.UNSPECIFIED.);
#26=B_SPLINE_SURFACE_WITH_KNOTS('',3,3,((#5016,#5017,#5018,#5019,#5020,
#5021,#5022,#5023,#5024,#5025,#5026,#5027,#5028),(#5029,#5030,#5031,#5032,
#5033,#5034,#5035,#5036,#5037,#5038,#5039,#5040,#5041),(#5042,#5043,#5044,
#5045,#5046,#5047,#5048,#5049,#5050,#5051,#5052,#5053,#5054),(#5055,#5056,
#5057,#5058,#5059,#5060,#5061,#5062,#5063,#5064,#5065,#5066,#5067),(#5068,
#5069,#5070,#5071,#5072,#5073,#5074,#5075,#5076,#5077,#5078,#5079,#5080),
(#5081,#5082,#5083,#5084,#5085,#5086,#5087,#5088,#5089,#5090,#5091,#5092,
#5093),(#5094,#5095,#5096,#5097,#5098,#5099,#5100,#5101,#5102,#5103,#5104,
#5105,#5106),(#5107,#5108,#5109,#5110,#5111,#5112,#5113,#5114,#5115,#5116,
#5117,#5118,#5119),(#5120,#5121,#5122,#5123,#5124,#5125,#5126,#5127,#5128,
#5129,#5130,#5131,#5132),(#5133,#5134,#5135,#5136,#5137,#5138,#5139,#5140,
#5141,#5142,#5143,#5144,#5145),(#5146,#5147,#5148,#5149,#5150,#5151,#5152,
#5153,#5154,#5155,#5156,#5157,#5158),(#5159,#5160,#5161,#5162,#5163,#5164,
#5165,#5166,#5167,#5168,#5169,#5170,#5171),(#5172,#5173,#5174,#5175,#5176,
#5177,#5178,#5179,#5180,#5181,#5182,#5183,#5184)),.UNSPECIFIED.,.F.,.F.,
 .F.,(4,2,2,1,2,2,4),(4,2,2,1,2,2,4),(0.,0.25,0.5,1.,1.5,1.75,2.),(0.,0.25,
0.5,1.,1.5,1.75,2.),.UNSPECIFIED.);
#27=B_SPLINE_SURFACE_WITH_KNOTS('',3,3,((#5253,#5254,#5255,#5256,#5257,
#5258,#5259,#5260,#5261,#5262,#5263,#5264,#5265),(#5266,#5267,#5268,#5269,
#5270,#5271,#5272,#5273,#5274,#5275,#5276,#5277,#5278),(#5279,#5280,#5281,
#5282,#5283,#5284,#5285,#5286,#5287,#5288,#5289,#5290,#5291),(#5292,#5293,
#5294,#5295,#5296,#5297,#5298,#5299,#5300,#5301,#5302,#5303,#5304),(#5305,
#5306,#5307,#5308,#5309,#5310,#5311,#5312,#5313,#5314,#5315,#5316,#5317),
(#5318,#5319,#5320,#5321,#5322,#5323,#5324,#5325,#5326,#5327,#5328,#5329,
#5330),(#5331,#5332,#5333,#5334,#5335,#5336,#5337,#5338,#5339,#5340,#5341,
#5342,#5343),(#5344,#5345,#5346,#5347,#5348,#5349,#5350,#5351,#5352,#5353,
#5354,#5355,#5356),(#5357,#5358,#5359,#5360,#5361,#5362,#5363,#5364,#5365,
#5366,#5367,#5368,#5369),(#5370,#5371,#5372,#5373,#5374,#5375,#5376,#5377,
#5378,#5379,#5380,#5381,#5382),(#5383,#5384,#5385,#5386,#5387,#5388,#5389,
#5390,#5391,#5392,#5393,#5394,#5395),(#5396,#5397,#5398,#5399,#5400,#5401,
#5402,#5403,#5404,#5405,#5406,#5407,#5408),(#5409,#5410,#5411,#5412,#5413,
#5414,#5415,#5416,#5417,#5418,#5419,#5420,#5421)),.UNSPECIFIED.,.F.,.F.,
 .F.,(4,2,2,1,2,2,4),(4,2,2,1,2,2,4),(0.,0.25,0.5,1.,1.5,1.75,2.),(0.,0.25,
0.5,1.,1.5,1.75,2.),.UNSPECIFIED.);
#28=B_SPLINE_SURFACE_WITH_KNOTS('',3,3,((#5463,#5464,#5465,#5466,#5467,
#5468,#5469,#5470,#5471,#5472,#5473,#5474,#5475),(#5476,#5477,#5478,#5479,
#5480,#5481,#5482,#5483,#5484,#5485,#5486,#5487,#5488),(#5489,#5490,#5491,
#5492,#5493,#5494,#5495,#5496,#5497,#5498,#5499,#5500,#5501),(#5502,#5503,
#5504,#5505,#5506,#5507,#5508,#5509,#5510,#5511,#5512,#5513,#5514),(#5515,
#5516,#5517,#5518,#5519,#5520,#5521,#5522,#5523,#5524,#5525,#5526,#5527),
(#5528,#5529,#5530,#5531,#5532,#5533,#5534,#5535,#5536,#5537,#5538,#5539,
#5540),(#5541,#5542,#5543,#5544,#5545,#5546,#5547,#5548,#5549,#5550,#5551,
#5552,#5553),(#5554,#5555,#5556,#5557,#5558,#5559,#5560,#5561,#5562,#5563,
#5564,#5565,#5566),(#5567,#5568,#5569,#5570,#5571,#5572,#5573,#5574,#5575,
#5576,#5577,#5578,#5579),(#5580,#5581,#5582,#5583,#5584,#5585,#5586,#5587,
#5588,#5589,#5590,#5591,#5592),(#5593,#5594,#5595,#5596,#5597,#5598,#5599,
#5600,#5601,#5602,#5603,#5604,#5605),(#5606,#5607,#5608,#5609,#5610,#5611,
#5612,#5613,#5614,#5615,#5616,#5617,#5618),(#5619,#5620,#5621,#5622,#5623,
#5624,#5625,#5626,#5627,#5628,#5629,#5630,#5631)),.UNSPECIFIED.,.F.,.F.,
 .F.,(4,2,2,1,2,2,4),(4,2,2,1,2,2,4),(0.,0.25,0.5,1.,1.5,1.75,2.),(0.,0.25,
0.5,1.,1.5,1.75,2.),.UNSPECIFIED.);
#29=B_SPLINE_SURFACE_WITH_KNOTS('',3,3,((#5659,#5660,#5661,#5662,#5663,
#5664,#5665,#5666,#5667,#5668,#5669,#5670,#5671),(#5672,#5673,#5674,#5675,
#5676,#5677,#5678,#5679,#5680,#5681,#5682,#5683,#5684),(#5685,#5686,#5687,
#5688,#5689,#5690,#5691,#5692,#5693,#5694,#5695,#5696,#5697),(#5698,#5699,
#5700,#5701,#5702,#5703,#5704,#5705,#5706,#5707,#5708,#5709,#5710),(#5711,
#5712,#5713,#5714,#5715,#5716,#5717,#5718,#5719,#5720,#5721,#5722,#5723),
(#5724,#5725,#5726,#5727,#5728,#5729,#5730,#5731,#5732,#5733,#5734,#5735,
#5736),(#5737,#5738,#5739,#5740,#5741,#5742,#5743,#5744,#5745,#5746,#5747,
#5748,#5749),(#5750,#5751,#5752,#5753,#5754,#5755,#5756,#5757,#5758,#5759,
#5760,#5761,#5762),(#5763,#5764,#5765,#5766,#5767,#5768,#5769,#5770,#5771,
#5772,#5773,#5774,#5775),(#5776,#5777,#5778,#5779,#5780,#5781,#5782,#5783,
#5784,#5785,#5786,#5787,#5788),(#5789,#5790,#5791,#5792,#5793,#5794,#5795,
#5796,#5797,#5798,#5799,#5800,#5801),(#5802,#5803,#5804,#5805,#5806,#5807,
#5808,#5809,#5810,#5811,#5812,#5813,#5814),(#5815,#5816,#5817,#5818,#5819,
#5820,#5821,#5822,#5823,#5824,#5825,#5826,#5827)),.UNSPECIFIED.,.F.,.F.,
 .F.,(4,2,2,1,2,2,4),(4,2,2,1,2,2,4),(0.,0.25,0.5,1.,1.5,1.75,2.),(0.,0.25,
0.5,1.,1.5,1.75,2.),.UNSPECIFIED.);
#30=B_SPLINE_SURFACE_WITH_KNOTS('',3,3,((#5855,#5856,#5857,#5858,#5859,
#5860,#5861,#5862,#5863,#5864,#5865,#5866,#5867),(#5868,#5869,#5870,#5871,
#5872,#5873,#5874,#5875,#5876,#5877,#5878,#5879,#5880),(#5881,#5882,#5883,
#5884,#5885,#5886,#5887,#5888,#5889,#5890,#5891,#5892,#5893),(#5894,#5895,
#5896,#5897,#5898,#5899,#5900,#5901,#5902,#5903,#5904,#5905,#5906),(#5907,
#5908,#5909,#5910,#5911,#5912,#5913,#5914,#5915,#5916,#5917,#5918,#5919),
(#5920,#5921,#5922,#5923,#5924,#5925,#5926,#5927,#5928,#5929,#5930,#5931,
#5932),(#5933,#5934,#5935,#5936,#5937,#5938,#5939,#5940,#5941,#5942,#5943,
#5944,#5945),(#5946,#5947,#5948,#5949,#5950,#5951,#5952,#5953,#5954,#5955,
#5956,#5957,#5958),(#5959,#5960,#5961,#5962,#5963,#5964,#5965,#5966,#5967,
#5968,#5969,#5970,#5971),(#5972,#5973,#5974,#5975,#5976,#5977,#5978,#5979,
#5980,#5981,#5982,#5983,#5984),(#5985,#5986,#5987,#5988,#5989,#5990,#5991,
#5992,#5993,#5994,#5995,#5996,#5997),(#5998,#5999,#6000,#6001,#6002,#6003,
#6004,#6005,#6006,#6007,#6008,#6009,#6010),(#6011,#6012,#6013,#6014,#6015,
#6016,#6017,#6018,#6019,#6020,#6021,#6022,#6023)),.UNSPECIFIED.,.F.,.F.,
 .F.,(4,2,2,1,2,2,4),(4,2,2,1,2,2,4),(0.,0.25,0.5,1.,1.5,1.75,2.),(0.,0.25,
0.5,1.,1.5,1.75,2.),.UNSPECIFIED.);
#31=B_SPLINE_SURFACE_WITH_KNOTS('',3,3,((#6037,#6038,#6039,#6040,#6041,
#6042,#6043,#6044,#6045,#6046,#6047,#6048,#6049),(#6050,#6051,#6052,#6053,
#6054,#6055,#6056,#6057,#6058,#6059,#6060,#6061,#6062),(#6063,#6064,#6065,
#6066,#6067,#6068,#6069,#6070,#6071,#6072,#6073,#6074,#6075),(#6076,#6077,
#6078,#6079,#6080,#6081,#6082,#6083,#6084,#6085,#6086,#6087,#6088),(#6089,
#6090,#6091,#6092,#6093,#6094,#6095,#6096,#6097,#6098,#6099,#6100,#6101),
(#6102,#6103,#6104,#6105,#6106,#6107,#6108,#6109,#6110,#6111,#6112,#6113,
#6114),(#6115,#6116,#6117,#6118,#6119,#6120,#6121,#6122,#6123,#6124,#6125,
#6126,#6127),(#6128,#6129,#6130,#6131,#6132,#6133,#6134,#6135,#6136,#6137,
#6138,#6139,#6140),(#6141,#6142,#6143,#6144,#6145,#6146,#6147,#6148,#6149,
#6150,#6151,#6152,#6153),(#6154,#6155,#6156,#6157,#6158,#6159,#6160,#6161,
#6162,#6163,#6164,#6165,#6166),(#6167,#6168,#6169,#6170,#6171,#6172,#6173,
#6174,#6175,#6176,#6177,#6178,#6179),(#6180,#6181,#6182,#6183,#6184,#6185,
#6186,#6187,#6188,#6189,#6190,#6191,#6192),(#6193,#6194,#6195,#6196,#6197,
#6198,#6199,#6200,#6201,#6202,#6203,#6204,#6205)),.UNSPECIFIED.,.F.,.F.,
 .F.,(4,2,2,1,2,2,4),(4,2,2,1,2,2,4),(0.,0.25,0.5,1.,1.5,1.75,2.),(0.,0.25,
0.5,1.,1.5,1.75,2.),.UNSPECIFIED.);
#32=B_SPLINE_SURFACE_WITH_KNOTS('',3,3,((#6815,#6816,#6817,#6818,#6819,
#6820,#6821,#6822,#6823,#6824,#6825,#6826,#6827),(#6828,#6829,#6830,#6831,
#6832,#6833,#6834,#6835,#6836,#6837,#6838,#6839,#6840),(#6841,#6842,#6843,
#6844,#6845,#6846,#6847,#6848,#6849,#6850,#6851,#6852,#6853),(#6854,#6855,
#6856,#6857,#6858,#6859,#6860,#6861,#6862,#6863,#6864,#6865,#6866),(#6867,
#6868,#6869,#6870,#6871,#6872,#6873,#6874,#6875,#6876,#6877,#6878,#6879),
(#6880,#6881,#6882,#6883,#6884,#6885,#6886,#6887,#6888,#6889,#6890,#6891,
#6892),(#6893,#6894,#6895,#6896,#6897,#6898,#6899,#6900,#6901,#6902,#6903,
#6904,#6905),(#6906,#6907,#6908,#6909,#6910,#6911,#6912,#6913,#6914,#6915,
#6916,#6917,#6918),(#6919,#6920,#6921,#6922,#6923,#6924,#6925,#6926,#6927,
#6928,#6929,#6930,#6931),(#6932,#6933,#6934,#6935,#6936,#6937,#6938,#6939,
#6940,#6941,#6942,#6943,#6944),(#6945,#6946,#6947,#6948,#6949,#6950,#6951,
#6952,#6953,#6954,#6955,#6956,#6957),(#6958,#6959,#6960,#6961,#6962,#6963,
#6964,#6965,#6966,#6967,#6968,#6969,#6970),(#6971,#6972,#6973,#6974,#6975,
#6976,#6977,#6978,#6979,#6980,#6981,#6982,#6983)),.UNSPECIFIED.,.F.,.F.,
 .F.,(4,2,2,1,2,2,4),(4,2,2,1,2,2,4),(0.,0.25,0.5,1.,1.5,1.75,2.),(0.,0.25,
0.5,1.,1.5,1.75,2.),.UNSPECIFIED.);
#33=B_SPLINE_SURFACE_WITH_KNOTS('',3,3,((#7040,#7041,#7042,#7043,#7044,
#7045,#7046,#7047,#7048,#7049,#7050,#7051,#7052),(#7053,#7054,#7055,#7056,
#7057,#7058,#7059,#7060,#7061,#7062,#7063,#7064,#7065),(#7066,#7067,#7068,
#7069,#7070,#7071,#7072,#7073,#7074,#7075,#7076,#7077,#7078),(#7079,#7080,
#7081,#7082,#7083,#7084,#7085,#7086,#7087,#7088,#7089,#7090,#7091),(#7092,
#7093,#7094,#7095,#7096,#7097,#7098,#7099,#7100,#7101,#7102,#7103,#7104),
(#7105,#7106,#7107,#7108,#7109,#7110,#7111,#7112,#7113,#7114,#7115,#7116,
#7117),(#7118,#7119,#7120,#7121,#7122,#7123,#7124,#7125,#7126,#7127,#7128,
#7129,#7130),(#7131,#7132,#7133,#7134,#7135,#7136,#7137,#7138,#7139,#7140,
#7141,#7142,#7143),(#7144,#7145,#7146,#7147,#7148,#7149,#7150,#7151,#7152,
#7153,#7154,#7155,#7156),(#7157,#7158,#7159,#7160,#7161,#7162,#7163,#7164,
#7165,#7166,#7167,#7168,#7169),(#7170,#7171,#7172,#7173,#7174,#7175,#7176,
#7177,#7178,#7179,#7180,#7181,#7182),(#7183,#7184,#7185,#7186,#7187,#7188,
#7189,#7190,#7191,#7192,#7193,#7194,#7195),(#7196,#7197,#7198,#7199,#7200,
#7201,#7202,#7203,#7204,#7205,#7206,#7207,#7208)),.UNSPECIFIED.,.F.,.F.,
 .F.,(4,2,2,1,2,2,4),(4,2,2,1,2,2,4),(0.,0.25,0.5,1.,1.5,1.75,2.),(0.,0.25,
0.5,1.,1.5,1.75,2.),.UNSPECIFIED.);
#34=B_SPLINE_SURFACE_WITH_KNOTS('',3,3,((#7254,#7255,#7256,#7257,#7258,
#7259,#7260,#7261,#7262,#7263,#7264,#7265,#7266),(#7267,#7268,#7269,#7270,
#7271,#7272,#7273,#7274,#7275,#7276,#7277,#7278,#7279),(#7280,#7281,#7282,
#7283,#7284,#7285,#7286,#7287,#7288,#7289,#7290,#7291,#7292),(#7293,#7294,
#7295,#7296,#7297,#7298,#7299,#7300,#7301,#7302,#7303,#7304,#7305),(#7306,
#7307,#7308,#7309,#7310,#7311,#7312,#7313,#7314,#7315,#7316,#7317,#7318),
(#7319,#7320,#7321,#7322,#7323,#7324,#7325,#7326,#7327,#7328,#7329,#7330,
#7331),(#7332,#7333,#7334,#7335,#7336,#7337,#7338,#7339,#7340,#7341,#7342,
#7343,#7344),(#7345,#7346,#7347,#7348,#7349,#7350,#7351,#7352,#7353,#7354,
#7355,#7356,#7357),(#7358,#7359,#7360,#7361,#7362,#7363,#7364,#7365,#7366,
#7367,#7368,#7369,#7370),(#7371,#7372,#7373,#7374,#7375,#7376,#7377,#7378,
#7379,#7380,#7381,#7382,#7383),(#7384,#7385,#7386,#7387,#7388,#7389,#7390,
#7391,#7392,#7393,#7394,#7395,#7396),(#7397,#7398,#7399,#7400,#7401,#7402,
#7403,#7404,#7405,#7406,#7407,#7408,#7409),(#7410,#7411,#7412,#7413,#7414,
#7415,#7416,#7417,#7418,#7419,#7420,#7421,#7422)),.UNSPECIFIED.,.F.,.F.,
 .F.,(4,2,2,1,2,2,4),(4,2,2,1,2,2,4),(0.,0.25,0.5,1.,1.5,1.75,2.),(0.,0.25,
0.5,1.,1.5,1.75,2.),.UNSPECIFIED.);
#35=B_SPLINE_SURFACE_WITH_KNOTS('',3,3,((#7459,#7460,#7461,#7462,#7463,
#7464,#7465,#7466,#7467,#7468,#7469,#7470,#7471),(#7472,#7473,#7474,#7475,
#7476,#7477,#7478,#7479,#7480,#7481,#7482,#7483,#7484),(#7485,#7486,#7487,
#7488,#7489,#7490,#7491,#7492,#7493,#7494,#7495,#7496,#7497),(#7498,#7499,
#7500,#7501,#7502,#7503,#7504,#7505,#7506,#7507,#7508,#7509,#7510),(#7511,
#7512,#7513,#7514,#7515,#7516,#7517,#7518,#7519,#7520,#7521,#7522,#7523),
(#7524,#7525,#7526,#7527,#7528,#7529,#7530,#7531,#7532,#7533,#7534,#7535,
#7536),(#7537,#7538,#7539,#7540,#7541,#7542,#7543,#7544,#7545,#7546,#7547,
#7548,#7549),(#7550,#7551,#7552,#7553,#7554,#7555,#7556,#7557,#7558,#7559,
#7560,#7561,#7562),(#7563,#7564,#7565,#7566,#7567,#7568,#7569,#7570,#7571,
#7572,#7573,#7574,#7575),(#7576,#7577,#7578,#7579,#7580,#7581,#7582,#7583,
#7584,#7585,#7586,#7587,#7588),(#7589,#7590,#7591,#7592,#7593,#7594,#7595,
#7596,#7597,#7598,#7599,#7600,#7601),(#7602,#7603,#7604,#7605,#7606,#7607,
#7608,#7609,#7610,#7611,#7612,#7613,#7614),(#7615,#7616,#7617,#7618,#7619,
#7620,#7621,#7622,#7623,#7624,#7625,#7626,#7627)),.UNSPECIFIED.,.F.,.F.,
 .F.,(4,2,2,1,2,2,4),(4,2,2,1,2,2,4),(0.,0.25,0.5,1.,1.5,1.75,2.),(0.,0.25,
0.5,1.,1.5,1.75,2.),.UNSPECIFIED.);
#36=B_SPLINE_SURFACE_WITH_KNOTS('',3,3,((#7664,#7665,#7666,#7667,#7668,
#7669,#7670,#7671,#7672,#7673,#7674,#7675,#7676),(#7677,#7678,#7679,#7680,
#7681,#7682,#7683,#7684,#7685,#7686,#7687,#7688,#7689),(#7690,#7691,#7692,
#7693,#7694,#7695,#7696,#7697,#7698,#7699,#7700,#7701,#7702),(#7703,#7704,
#7705,#7706,#7707,#7708,#7709,#7710,#7711,#7712,#7713,#7714,#7715),(#7716,
#7717,#7718,#7719,#7720,#7721,#7722,#7723,#7724,#7725,#7726,#7727,#7728),
(#7729,#7730,#7731,#7732,#7733,#7734,#7735,#7736,#7737,#7738,#7739,#7740,
#7741),(#7742,#7743,#7744,#7745,#7746,#7747,#7748,#7749,#7750,#7751,#7752,
#7753,#7754),(#7755,#7756,#7757,#7758,#7759,#7760,#7761,#7762,#7763,#7764,
#7765,#7766,#7767),(#7768,#7769,#7770,#7771,#7772,#7773,#7774,#7775,#7776,
#7777,#7778,#7779,#7780),(#7781,#7782,#7783,#7784,#7785,#7786,#7787,#7788,
#7789,#7790,#7791,#7792,#7793),(#7794,#7795,#7796,#7797,#7798,#7799,#7800,
#7801,#7802,#7803,#7804,#7805,#7806),(#7807,#7808,#7809,#7810,#7811,#7812,
#7813,#7814,#7815,#7816,#7817,#7818,#7819),(#7820,#7821,#7822,#7823,#7824,
#7825,#7826,#7827,#7828,#7829,#7830,#7831,#7832)),.UNSPECIFIED.,.F.,.F.,
 .F.,(4,2,2,1,2,2,4),(4,2,2,1,2,2,4),(0.,0.25,0.5,1.,1.5,1.75,2.),(0.,0.25,
0.5,1.,1.5,1.75,2.),.UNSPECIFIED.);
#37=B_SPLINE_SURFACE_WITH_KNOTS('',3,3,((#7860,#7861,#7862,#7863,#7864,
#7865,#7866,#7867,#7868,#7869,#7870,#7871,#7872),(#7873,#7874,#7875,#7876,
#7877,#7878,#7879,#7880,#7881,#7882,#7883,#7884,#7885),(#7886,#7887,#7888,
#7889,#7890,#7891,#7892,#7893,#7894,#7895,#7896,#7897,#7898),(#7899,#7900,
#7901,#7902,#7903,#7904,#7905,#7906,#7907,#7908,#7909,#7910,#7911),(#7912,
#7913,#7914,#7915,#7916,#7917,#7918,#7919,#7920,#7921,#7922,#7923,#7924),
(#7925,#7926,#7927,#7928,#7929,#7930,#7931,#7932,#7933,#7934,#7935,#7936,
#7937)),.UNSPECIFIED.,.F.,.F.,.F.,(4,1,1,4),(4,2,2,1,2,2,4),(0.,0.285714285714286,
0.571428571428571,1.),(3.62568785680535E-15,0.0528409352671499,0.108305329927405,
0.220427005669611,0.332613531853165,0.388183531469117,0.44098121869177),
 .UNSPECIFIED.);
#38=B_SPLINE_SURFACE_WITH_KNOTS('',3,3,((#7955,#7956,#7957,#7958,#7959,
#7960,#7961,#7962,#7963,#7964,#7965,#7966,#7967),(#7968,#7969,#7970,#7971,
#7972,#7973,#7974,#7975,#7976,#7977,#7978,#7979,#7980),(#7981,#7982,#7983,
#7984,#7985,#7986,#7987,#7988,#7989,#7990,#7991,#7992,#7993),(#7994,#7995,
#7996,#7997,#7998,#7999,#8000,#8001,#8002,#8003,#8004,#8005,#8006),(#8007,
#8008,#8009,#8010,#8011,#8012,#8013,#8014,#8015,#8016,#8017,#8018,#8019),
(#8020,#8021,#8022,#8023,#8024,#8025,#8026,#8027,#8028,#8029,#8030,#8031,
#8032)),.UNSPECIFIED.,.F.,.F.,.F.,(4,1,1,4),(4,2,2,1,2,2,4),(0.,0.285714285714286,
0.571428571428571,1.),(2.32833134001585E-14,0.052840935267183,0.108305329927431,
0.220427005669637,0.332613531853187,0.388183531469107,0.440981218691797),
 .UNSPECIFIED.);
#39=B_SPLINE_SURFACE_WITH_KNOTS('',3,3,((#8048,#8049,#8050,#8051,#8052,
#8053,#8054,#8055,#8056,#8057,#8058,#8059,#8060),(#8061,#8062,#8063,#8064,
#8065,#8066,#8067,#8068,#8069,#8070,#8071,#8072,#8073),(#8074,#8075,#8076,
#8077,#8078,#8079,#8080,#8081,#8082,#8083,#8084,#8085,#8086),(#8087,#8088,
#8089,#8090,#8091,#8092,#8093,#8094,#8095,#8096,#8097,#8098,#8099),(#8100,
#8101,#8102,#8103,#8104,#8105,#8106,#8107,#8108,#8109,#8110,#8111,#8112),
(#8113,#8114,#8115,#8116,#8117,#8118,#8119,#8120,#8121,#8122,#8123,#8124,
#8125)),.UNSPECIFIED.,.F.,.F.,.F.,(4,1,1,4),(4,2,2,1,2,2,4),(0.,0.285714285714286,
0.571428571428571,1.),(2.00023250695364E-14,0.0528409352671688,0.108305329927451,
0.220427005669642,0.332613531853191,0.38818353146913,0.440981218691813),
 .UNSPECIFIED.);
#40=B_SPLINE_SURFACE_WITH_KNOTS('',3,3,((#8141,#8142,#8143,#8144,#8145,
#8146,#8147,#8148,#8149,#8150,#8151,#8152,#8153),(#8154,#8155,#8156,#8157,
#8158,#8159,#8160,#8161,#8162,#8163,#8164,#8165,#8166),(#8167,#8168,#8169,
#8170,#8171,#8172,#8173,#8174,#8175,#8176,#8177,#8178,#8179),(#8180,#8181,
#8182,#8183,#8184,#8185,#8186,#8187,#8188,#8189,#8190,#8191,#8192),(#8193,
#8194,#8195,#8196,#8197,#8198,#8199,#8200,#8201,#8202,#8203,#8204,#8205),
(#8206,#8207,#8208,#8209,#8210,#8211,#8212,#8213,#8214,#8215,#8216,#8217,
#8218)),.UNSPECIFIED.,.F.,.F.,.F.,(4,1,1,4),(4,2,2,1,2,2,4),(0.,0.285714285714286,
0.571428571428571,1.),(0.,0.0528409352671349,0.108305329927433,0.220427005669621,
0.332613531853153,0.388183531469111,0.440981218691793),.UNSPECIFIED.);
#41=B_SPLINE_SURFACE_WITH_KNOTS('',3,3,((#8233,#8234,#8235,#8236,#8237,
#8238,#8239,#8240,#8241,#8242,#8243,#8244,#8245),(#8246,#8247,#8248,#8249,
#8250,#8251,#8252,#8253,#8254,#8255,#8256,#8257,#8258),(#8259,#8260,#8261,
#8262,#8263,#8264,#8265,#8266,#8267,#8268,#8269,#8270,#8271),(#8272,#8273,
#8274,#8275,#8276,#8277,#8278,#8279,#8280,#8281,#8282,#8283,#8284),(#8285,
#8286,#8287,#8288,#8289,#8290,#8291,#8292,#8293,#8294,#8295,#8296,#8297),
(#8298,#8299,#8300,#8301,#8302,#8303,#8304,#8305,#8306,#8307,#8308,#8309,
#8310),(#8311,#8312,#8313,#8314,#8315,#8316,#8317,#8318,#8319,#8320,#8321,
#8322,#8323),(#8324,#8325,#8326,#8327,#8328,#8329,#8330,#8331,#8332,#8333,
#8334,#8335,#8336),(#8337,#8338,#8339,#8340,#8341,#8342,#8343,#8344,#8345,
#8346,#8347,#8348,#8349),(#8350,#8351,#8352,#8353,#8354,#8355,#8356,#8357,
#8358,#8359,#8360,#8361,#8362),(#8363,#8364,#8365,#8366,#8367,#8368,#8369,
#8370,#8371,#8372,#8373,#8374,#8375),(#8376,#8377,#8378,#8379,#8380,#8381,
#8382,#8383,#8384,#8385,#8386,#8387,#8388),(#8389,#8390,#8391,#8392,#8393,
#8394,#8395,#8396,#8397,#8398,#8399,#8400,#8401)),.UNSPECIFIED.,.F.,.F.,
 .F.,(4,2,2,1,2,2,4),(4,2,2,1,2,2,4),(0.,0.25,0.5,1.,1.5,1.75,2.),(0.,0.25,
0.5,1.,1.5,1.75,2.),.UNSPECIFIED.);
#42=B_SPLINE_SURFACE_WITH_KNOTS('',3,3,((#8458,#8459,#8460,#8461,#8462,
#8463,#8464,#8465,#8466,#8467,#8468,#8469,#8470),(#8471,#8472,#8473,#8474,
#8475,#8476,#8477,#8478,#8479,#8480,#8481,#8482,#8483),(#8484,#8485,#8486,
#8487,#8488,#8489,#8490,#8491,#8492,#8493,#8494,#8495,#8496),(#8497,#8498,
#8499,#8500,#8501,#8502,#8503,#8504,#8505,#8506,#8507,#8508,#8509),(#8510,
#8511,#8512,#8513,#8514,#8515,#8516,#8517,#8518,#8519,#8520,#8521,#8522),
(#8523,#8524,#8525,#8526,#8527,#8528,#8529,#8530,#8531,#8532,#8533,#8534,
#8535),(#8536,#8537,#8538,#8539,#8540,#8541,#8542,#8543,#8544,#8545,#8546,
#8547,#8548),(#8549,#8550,#8551,#8552,#8553,#8554,#8555,#8556,#8557,#8558,
#8559,#8560,#8561),(#8562,#8563,#8564,#8565,#8566,#8567,#8568,#8569,#8570,
#8571,#8572,#8573,#8574),(#8575,#8576,#8577,#8578,#8579,#8580,#8581,#8582,
#8583,#8584,#8585,#8586,#8587),(#8588,#8589,#8590,#8591,#8592,#8593,#8594,
#8595,#8596,#8597,#8598,#8599,#8600),(#8601,#8602,#8603,#8604,#8605,#8606,
#8607,#8608,#8609,#8610,#8611,#8612,#8613),(#8614,#8615,#8616,#8617,#8618,
#8619,#8620,#8621,#8622,#8623,#8624,#8625,#8626)),.UNSPECIFIED.,.F.,.F.,
 .F.,(4,2,2,1,2,2,4),(4,2,2,1,2,2,4),(0.,0.25,0.5,1.,1.5,1.75,2.),(0.,0.25,
0.5,1.,1.5,1.75,2.),.UNSPECIFIED.);
#43=B_SPLINE_SURFACE_WITH_KNOTS('',3,3,((#8672,#8673,#8674,#8675,#8676,
#8677,#8678,#8679,#8680,#8681,#8682,#8683,#8684),(#8685,#8686,#8687,#8688,
#8689,#8690,#8691,#8692,#8693,#8694,#8695,#8696,#8697),(#8698,#8699,#8700,
#8701,#8702,#8703,#8704,#8705,#8706,#8707,#8708,#8709,#8710),(#8711,#8712,
#8713,#8714,#8715,#8716,#8717,#8718,#8719,#8720,#8721,#8722,#8723),(#8724,
#8725,#8726,#8727,#8728,#8729,#8730,#8731,#8732,#8733,#8734,#8735,#8736),
(#8737,#8738,#8739,#8740,#8741,#8742,#8743,#8744,#8745,#8746,#8747,#8748,
#8749),(#8750,#8751,#8752,#8753,#8754,#8755,#8756,#8757,#8758,#8759,#8760,
#8761,#8762),(#8763,#8764,#8765,#8766,#8767,#8768,#8769,#8770,#8771,#8772,
#8773,#8774,#8775),(#8776,#8777,#8778,#8779,#8780,#8781,#8782,#8783,#8784,
#8785,#8786,#8787,#8788),(#8789,#8790,#8791,#8792,#8793,#8794,#8795,#8796,
#8797,#8798,#8799,#8800,#8801),(#8802,#8803,#8804,#8805,#8806,#8807,#8808,
#8809,#8810,#8811,#8812,#8813,#8814),(#8815,#8816,#8817,#8818,#8819,#8820,
#8821,#8822,#8823,#8824,#8825,#8826,#8827),(#8828,#8829,#8830,#8831,#8832,
#8833,#8834,#8835,#8836,#8837,#8838,#8839,#8840)),.UNSPECIFIED.,.F.,.F.,
 .F.,(4,2,2,1,2,2,4),(4,2,2,1,2,2,4),(0.,0.25,0.5,1.,1.5,1.75,2.),(0.,0.25,
0.5,1.,1.5,1.75,2.),.UNSPECIFIED.);
#44=B_SPLINE_SURFACE_WITH_KNOTS('',3,3,((#8877,#8878,#8879,#8880,#8881,
#8882,#8883,#8884,#8885,#8886,#8887,#8888,#8889),(#8890,#8891,#8892,#8893,
#8894,#8895,#8896,#8897,#8898,#8899,#8900,#8901,#8902),(#8903,#8904,#8905,
#8906,#8907,#8908,#8909,#8910,#8911,#8912,#8913,#8914,#8915),(#8916,#8917,
#8918,#8919,#8920,#8921,#8922,#8923,#8924,#8925,#8926,#8927,#8928),(#8929,
#8930,#8931,#8932,#8933,#8934,#8935,#8936,#8937,#8938,#8939,#8940,#8941),
(#8942,#8943,#8944,#8945,#8946,#8947,#8948,#8949,#8950,#8951,#8952,#8953,
#8954),(#8955,#8956,#8957,#8958,#8959,#8960,#8961,#8962,#8963,#8964,#8965,
#8966,#8967),(#8968,#8969,#8970,#8971,#8972,#8973,#8974,#8975,#8976,#8977,
#8978,#8979,#8980),(#8981,#8982,#8983,#8984,#8985,#8986,#8987,#8988,#8989,
#8990,#8991,#8992,#8993),(#8994,#8995,#8996,#8997,#8998,#8999,#9000,#9001,
#9002,#9003,#9004,#9005,#9006),(#9007,#9008,#9009,#9010,#9011,#9012,#9013,
#9014,#9015,#9016,#9017,#9018,#9019),(#9020,#9021,#9022,#9023,#9024,#9025,
#9026,#9027,#9028,#9029,#9030,#9031,#9032),(#9033,#9034,#9035,#9036,#9037,
#9038,#9039,#9040,#9041,#9042,#9043,#9044,#9045)),.UNSPECIFIED.,.F.,.F.,
 .F.,(4,2,2,1,2,2,4),(4,2,2,1,2,2,4),(0.,0.25,0.5,1.,1.5,1.75,2.),(0.,0.25,
0.5,1.,1.5,1.75,2.),.UNSPECIFIED.);
#45=B_SPLINE_SURFACE_WITH_KNOTS('',3,3,((#9082,#9083,#9084,#9085,#9086,
#9087,#9088,#9089,#9090,#9091,#9092,#9093,#9094),(#9095,#9096,#9097,#9098,
#9099,#9100,#9101,#9102,#9103,#9104,#9105,#9106,#9107),(#9108,#9109,#9110,
#9111,#9112,#9113,#9114,#9115,#9116,#9117,#9118,#9119,#9120),(#9121,#9122,
#9123,#9124,#9125,#9126,#9127,#9128,#9129,#9130,#9131,#9132,#9133),(#9134,
#9135,#9136,#9137,#9138,#9139,#9140,#9141,#9142,#9143,#9144,#9145,#9146),
(#9147,#9148,#9149,#9150,#9151,#9152,#9153,#9154,#9155,#9156,#9157,#9158,
#9159),(#9160,#9161,#9162,#9163,#9164,#9165,#9166,#9167,#9168,#9169,#9170,
#9171,#9172),(#9173,#9174,#9175,#9176,#9177,#9178,#9179,#9180,#9181,#9182,
#9183,#9184,#9185),(#9186,#9187,#9188,#9189,#9190,#9191,#9192,#9193,#9194,
#9195,#9196,#9197,#9198),(#9199,#9200,#9201,#9202,#9203,#9204,#9205,#9206,
#9207,#9208,#9209,#9210,#9211),(#9212,#9213,#9214,#9215,#9216,#9217,#9218,
#9219,#9220,#9221,#9222,#9223,#9224),(#9225,#9226,#9227,#9228,#9229,#9230,
#9231,#9232,#9233,#9234,#9235,#9236,#9237),(#9238,#9239,#9240,#9241,#9242,
#9243,#9244,#9245,#9246,#9247,#9248,#9249,#9250)),.UNSPECIFIED.,.F.,.F.,
 .F.,(4,2,2,1,2,2,4),(4,2,2,1,2,2,4),(0.,0.25,0.5,1.,1.5,1.75,2.),(0.,0.25,
0.5,1.,1.5,1.75,2.),.UNSPECIFIED.);
#46=B_SPLINE_SURFACE_WITH_KNOTS('',3,3,((#9278,#9279,#9280,#9281,#9282,
#9283,#9284,#9285,#9286,#9287,#9288,#9289,#9290),(#9291,#9292,#9293,#9294,
#9295,#9296,#9297,#9298,#9299,#9300,#9301,#9302,#9303),(#9304,#9305,#9306,
#9307,#9308,#9309,#9310,#9311,#9312,#9313,#9314,#9315,#9316),(#9317,#9318,
#9319,#9320,#9321,#9322,#9323,#9324,#9325,#9326,#9327,#9328,#9329),(#9330,
#9331,#9332,#9333,#9334,#9335,#9336,#9337,#9338,#9339,#9340,#9341,#9342),
(#9343,#9344,#9345,#9346,#9347,#9348,#9349,#9350,#9351,#9352,#9353,#9354,
#9355)),.UNSPECIFIED.,.F.,.F.,.F.,(4,1,1,4),(4,2,2,1,2,2,4),(0.,0.285714285714286,
0.571428571428571,1.),(3.62568785680535E-15,0.0528409352671499,0.108305329927405,
0.220427005669611,0.332613531853165,0.388183531469117,0.44098121869177),
 .UNSPECIFIED.);
#47=B_SPLINE_SURFACE_WITH_KNOTS('',3,3,((#9373,#9374,#9375,#9376,#9377,
#9378,#9379,#9380,#9381,#9382,#9383,#9384,#9385),(#9386,#9387,#9388,#9389,
#9390,#9391,#9392,#9393,#9394,#9395,#9396,#9397,#9398),(#9399,#9400,#9401,
#9402,#9403,#9404,#9405,#9406,#9407,#9408,#9409,#9410,#9411),(#9412,#9413,
#9414,#9415,#9416,#9417,#9418,#9419,#9420,#9421,#9422,#9423,#9424),(#9425,
#9426,#9427,#9428,#9429,#9430,#9431,#9432,#9433,#9434,#9435,#9436,#9437),
(#9438,#9439,#9440,#9441,#9442,#9443,#9444,#9445,#9446,#9447,#9448,#9449,
#9450)),.UNSPECIFIED.,.F.,.F.,.F.,(4,1,1,4),(4,2,2,1,2,2,4),(0.,0.285714285714286,
0.571428571428571,1.),(2.32833134001585E-14,0.052840935267183,0.108305329927431,
0.220427005669637,0.332613531853187,0.388183531469107,0.440981218691797),
 .UNSPECIFIED.);
#48=B_SPLINE_SURFACE_WITH_KNOTS('',3,3,((#9466,#9467,#9468,#9469,#9470,
#9471,#9472,#9473,#9474,#9475,#9476,#9477,#9478),(#9479,#9480,#9481,#9482,
#9483,#9484,#9485,#9486,#9487,#9488,#9489,#9490,#9491),(#9492,#9493,#9494,
#9495,#9496,#9497,#9498,#9499,#9500,#9501,#9502,#9503,#9504),(#9505,#9506,
#9507,#9508,#9509,#9510,#9511,#9512,#9513,#9514,#9515,#9516,#9517),(#9518,
#9519,#9520,#9521,#9522,#9523,#9524,#9525,#9526,#9527,#9528,#9529,#9530),
(#9531,#9532,#9533,#9534,#9535,#9536,#9537,#9538,#9539,#9540,#9541,#9542,
#9543)),.UNSPECIFIED.,.F.,.F.,.F.,(4,1,1,4),(4,2,2,1,2,2,4),(0.,0.285714285714286,
0.571428571428571,1.),(2.00023250695364E-14,0.0528409352671688,0.108305329927451,
0.220427005669642,0.332613531853191,0.38818353146913,0.440981218691813),
 .UNSPECIFIED.);
#49=B_SPLINE_SURFACE_WITH_KNOTS('',3,3,((#9559,#9560,#9561,#9562,#9563,
#9564,#9565,#9566,#9567,#9568,#9569,#9570,#9571),(#9572,#9573,#9574,#9575,
#9576,#9577,#9578,#9579,#9580,#9581,#9582,#9583,#9584),(#9585,#9586,#9587,
#9588,#9589,#9590,#9591,#9592,#9593,#9594,#9595,#9596,#9597),(#9598,#9599,
#9600,#9601,#9602,#9603,#9604,#9605,#9606,#9607,#9608,#9609,#9610),(#9611,
#9612,#9613,#9614,#9615,#9616,#9617,#9618,#9619,#9620,#9621,#9622,#9623),
(#9624,#9625,#9626,#9627,#9628,#9629,#9630,#9631,#9632,#9633,#9634,#9635,
#9636)),.UNSPECIFIED.,.F.,.F.,.F.,(4,1,1,4),(4,2,2,1,2,2,4),(0.,0.285714285714286,
0.571428571428571,1.),(0.,0.0528409352671349,0.108305329927433,0.220427005669621,
0.332613531853153,0.388183531469111,0.440981218691793),.UNSPECIFIED.);
#50=CYLINDRICAL_SURFACE('',#3474,2.7);
#51=CYLINDRICAL_SURFACE('',#3475,1.6);
#52=CYLINDRICAL_SURFACE('',#3476,1.6);
#53=CYLINDRICAL_SURFACE('',#3479,3.);
#54=CYLINDRICAL_SURFACE('',#3528,2.5);
#55=CYLINDRICAL_SURFACE('',#3566,0.999999999999943);
#56=CYLINDRICAL_SURFACE('',#3568,3.44999999999999);
#57=CYLINDRICAL_SURFACE('',#3570,0.999999999999943);
#58=CYLINDRICAL_SURFACE('',#3572,3.44999999999999);
#59=CYLINDRICAL_SURFACE('',#3574,0.999999999999943);
#60=CYLINDRICAL_SURFACE('',#3576,3.44999999999999);
#61=CYLINDRICAL_SURFACE('',#3578,0.999999999999943);
#62=CYLINDRICAL_SURFACE('',#3580,3.44999999999999);
#63=CYLINDRICAL_SURFACE('',#3582,0.999999999999943);
#64=CYLINDRICAL_SURFACE('',#3584,3.44999999999999);
#65=CYLINDRICAL_SURFACE('',#3587,3.44999999999999);
#66=CYLINDRICAL_SURFACE('',#3589,0.999999999999943);
#67=CYLINDRICAL_SURFACE('',#3591,3.44999999999999);
#68=CYLINDRICAL_SURFACE('',#3593,0.999999999999943);
#69=CYLINDRICAL_SURFACE('',#3595,3.44999999999999);
#70=CYLINDRICAL_SURFACE('',#3597,0.999999999999943);
#71=CYLINDRICAL_SURFACE('',#3599,3.44999999999999);
#72=CYLINDRICAL_SURFACE('',#3601,0.999999999999943);
#73=CYLINDRICAL_SURFACE('',#3603,3.44999999999999);
#74=CYLINDRICAL_SURFACE('',#3605,0.999999999999943);
#75=CYLINDRICAL_SURFACE('',#3607,3.44999999999999);
#76=CYLINDRICAL_SURFACE('',#3609,0.999999999999943);
#77=CYLINDRICAL_SURFACE('',#3611,3.44999999999999);
#78=CYLINDRICAL_SURFACE('',#3613,0.999999999999943);
#79=CYLINDRICAL_SURFACE('',#3615,3.44999999999999);
#80=CYLINDRICAL_SURFACE('',#3617,0.999999999999943);
#81=CYLINDRICAL_SURFACE('',#3619,3.44999999999999);
#82=CYLINDRICAL_SURFACE('',#3621,0.999999999999943);
#83=CYLINDRICAL_SURFACE('',#3623,3.44999999999999);
#84=CYLINDRICAL_SURFACE('',#3625,0.999999999999943);
#85=CYLINDRICAL_SURFACE('',#3627,0.999999999999948);
#86=CYLINDRICAL_SURFACE('',#3629,3.44999999999999);
#87=CYLINDRICAL_SURFACE('',#3630,10.);
#88=CYLINDRICAL_SURFACE('',#3631,10.);
#89=CYLINDRICAL_SURFACE('',#3635,3.);
#90=CYLINDRICAL_SURFACE('',#3638,3.);
#91=CYLINDRICAL_SURFACE('',#3643,3.);
#92=CYLINDRICAL_SURFACE('',#3647,3.);
#93=CYLINDRICAL_SURFACE('',#3659,2.5);
#94=CYLINDRICAL_SURFACE('',#3662,2.5);
#95=CYLINDRICAL_SURFACE('',#3665,1.5);
#96=CYLINDRICAL_SURFACE('',#3669,3.);
#97=CYLINDRICAL_SURFACE('',#3672,3.);
#98=CYLINDRICAL_SURFACE('',#3687,2.5);
#99=CYLINDRICAL_SURFACE('',#3690,2.60000000000003);
#100=CYLINDRICAL_SURFACE('',#3692,2.60000000000003);
#101=CYLINDRICAL_SURFACE('',#3694,10.);
#102=CYLINDRICAL_SURFACE('',#3696,10.);
#103=CYLINDRICAL_SURFACE('',#3708,1.);
#104=CYLINDRICAL_SURFACE('',#3716,1.);
#105=CYLINDRICAL_SURFACE('',#3718,2.7);
#106=CYLINDRICAL_SURFACE('',#3720,2.7);
#107=CYLINDRICAL_SURFACE('',#3726,2.);
#108=CYLINDRICAL_SURFACE('',#3734,2.);
#109=CYLINDRICAL_SURFACE('',#3736,2.7);
#110=CYLINDRICAL_SURFACE('',#3738,2.7);
#111=B_SPLINE_CURVE_WITH_KNOTS('',3,(#4632,#4633,#4634,#4635,#4636,#4637,
#4638,#4639,#4640,#4641),.UNSPECIFIED.,.F.,.F.,(4,2,2,2,4),(1.37592579218368,
1.45474638304627,1.63267528802072,1.81060419299517,1.88942478385776),
 .UNSPECIFIED.);
#112=B_SPLINE_CURVE_WITH_KNOTS('',3,(#4648,#4649,#4650,#4651),
 .UNSPECIFIED.,.F.,.F.,(4,4),(-1.70215474637652,-1.68182179581438),
 .UNSPECIFIED.);
#113=B_SPLINE_CURVE_WITH_KNOTS('',3,(#4652,#4653,#4654,#4655,#4656,#4657,
#4658,#4659,#4660,#4661,#4662,#4663,#4664,#4665,#4666,#4667,#4668,#4669,
#4670,#4671,#4672,#4673,#4674,#4675,#4676,#4677,#4678,#4679,#4680,#4681,
#4682,#4683,#4684,#4685,#4686,#4687,#4688,#4689,#4690,#4691,#4692,#4693,
#4694,#4695,#4696,#4697),.UNSPECIFIED.,.F.,.F.,(4,2,2,2,2,1,2,2,2,2,2,1,
2,2,2,2,2,1,2,2,2,2,2,1,4),(-1.68182179581438,-1.54474214247446,-1.47042490765123,
-1.4672384046828,-1.39295738757832,-1.35868316644677,-1.25586050305211,
-1.11899963682008,-1.04488131559722,-1.04171761338723,-0.967730747345129,
-0.933465642285888,-0.830670327108163,-0.693813053984795,-0.619591844919449,
-0.616410644861227,-0.542270299795889,-0.473779250551336,-0.405288201306784,
-0.268201068790318,-0.193977464078914,-0.190799174456321,-0.116856221641022,
-0.0584281108205111,0.),.UNSPECIFIED.);
#114=B_SPLINE_CURVE_WITH_KNOTS('',3,(#4921,#4922,#4923,#4924,#4925),
 .UNSPECIFIED.,.F.,.F.,(4,1,4),(0.,0.0584281108205111,0.116856221641022),
 .UNSPECIFIED.);
#115=B_SPLINE_CURVE_WITH_KNOTS('',3,(#4927,#4928,#4929,#4930),
 .UNSPECIFIED.,.F.,.F.,(4,4),(0.116856221641022,0.190799174456321),
 .UNSPECIFIED.);
#116=B_SPLINE_CURVE_WITH_KNOTS('',3,(#4932,#4933,#4934,#4935),
 .UNSPECIFIED.,.F.,.F.,(4,4),(0.190799174456321,0.193977464078914),
 .UNSPECIFIED.);
#117=B_SPLINE_CURVE_WITH_KNOTS('',3,(#4937,#4938,#4939,#4940),
 .UNSPECIFIED.,.F.,.F.,(4,4),(0.193977464078914,0.268201068790318),
 .UNSPECIFIED.);
#118=B_SPLINE_CURVE_WITH_KNOTS('',3,(#4942,#4943,#4944,#4945,#4946,#4947,
#4948),.UNSPECIFIED.,.F.,.F.,(4,2,1,4),(0.268201068790318,0.405288201306784,
0.473779250551336,0.542270299795889),.UNSPECIFIED.);
#119=B_SPLINE_CURVE_WITH_KNOTS('',3,(#4950,#4951,#4952,#4953),
 .UNSPECIFIED.,.F.,.F.,(4,4),(0.542270299795889,0.616410644861227),
 .UNSPECIFIED.);
#120=B_SPLINE_CURVE_WITH_KNOTS('',3,(#4955,#4956,#4957,#4958),
 .UNSPECIFIED.,.F.,.F.,(4,4),(0.616410644861227,0.619591844919449),
 .UNSPECIFIED.);
#121=B_SPLINE_CURVE_WITH_KNOTS('',3,(#4960,#4961,#4962,#4963),
 .UNSPECIFIED.,.F.,.F.,(4,4),(0.619591844919449,0.693813053984795),
 .UNSPECIFIED.);
#122=B_SPLINE_CURVE_WITH_KNOTS('',3,(#4965,#4966,#4967,#4968,#4969,#4970,
#4971),.UNSPECIFIED.,.F.,.F.,(4,2,1,4),(0.693813053984795,0.830670327108163,
0.933465642285888,0.967730747345129),.UNSPECIFIED.);
#123=B_SPLINE_CURVE_WITH_KNOTS('',3,(#4973,#4974,#4975,#4976),
 .UNSPECIFIED.,.F.,.F.,(4,4),(0.967730747345129,1.04171761338723),
 .UNSPECIFIED.);
#124=B_SPLINE_CURVE_WITH_KNOTS('',3,(#4978,#4979,#4980,#4981),
 .UNSPECIFIED.,.F.,.F.,(4,4),(1.04171761338723,1.04488131559722),
 .UNSPECIFIED.);
#125=B_SPLINE_CURVE_WITH_KNOTS('',3,(#4983,#4984,#4985,#4986),
 .UNSPECIFIED.,.F.,.F.,(4,4),(1.04488131559722,1.11899963682008),
 .UNSPECIFIED.);
#126=B_SPLINE_CURVE_WITH_KNOTS('',3,(#4988,#4989,#4990,#4991,#4992,#4993,
#4994),.UNSPECIFIED.,.F.,.F.,(4,2,1,4),(1.11899963682008,1.25586050305211,
1.35868316644677,1.39295738757832),.UNSPECIFIED.);
#127=B_SPLINE_CURVE_WITH_KNOTS('',3,(#4996,#4997,#4998,#4999),
 .UNSPECIFIED.,.F.,.F.,(4,4),(1.39295738757832,1.4672384046828),
 .UNSPECIFIED.);
#128=B_SPLINE_CURVE_WITH_KNOTS('',3,(#5001,#5002,#5003,#5004),
 .UNSPECIFIED.,.F.,.F.,(4,4),(1.4672384046828,1.47042490765123),
 .UNSPECIFIED.);
#129=B_SPLINE_CURVE_WITH_KNOTS('',3,(#5006,#5007,#5008,#5009),
 .UNSPECIFIED.,.F.,.F.,(4,4),(1.47042490765123,1.54474214247446),
 .UNSPECIFIED.);
#130=B_SPLINE_CURVE_WITH_KNOTS('',3,(#5010,#5011,#5012,#5013,#5014,#5015),
 .UNSPECIFIED.,.F.,.F.,(4,2,4),(1.54474214247446,1.68182179581438,1.70215474637652),
 .UNSPECIFIED.);
#131=B_SPLINE_CURVE_WITH_KNOTS('',3,(#5187,#5188,#5189,#5190,#5191,#5192,
#5193,#5194,#5195,#5196,#5197,#5198,#5199),.UNSPECIFIED.,.F.,.F.,(4,2,2,
1,2,2,4),(0.,0.25,0.5,1.,1.5,1.75,2.),.UNSPECIFIED.);
#132=B_SPLINE_CURVE_WITH_KNOTS('',3,(#5201,#5202,#5203,#5204,#5205,#5206,
#5207,#5208,#5209,#5210,#5211,#5212,#5213),.UNSPECIFIED.,.F.,.F.,(4,2,2,
1,2,2,4),(0.,0.25,0.5,1.,1.5,1.75,2.),.UNSPECIFIED.);
#133=B_SPLINE_CURVE_WITH_KNOTS('',3,(#5215,#5216,#5217,#5218,#5219,#5220,
#5221,#5222,#5223,#5224,#5225,#5226,#5227),.UNSPECIFIED.,.F.,.F.,(4,2,2,
1,2,2,4),(-2.,-1.75,-1.5,-1.,-0.5,-0.25,0.),.UNSPECIFIED.);
#134=B_SPLINE_CURVE_WITH_KNOTS('',3,(#5228,#5229,#5230,#5231,#5232,#5233,
#5234,#5235,#5236,#5237,#5238,#5239,#5240),.UNSPECIFIED.,.F.,.F.,(4,2,2,
1,2,2,4),(-2.,-1.75,-1.5,-1.,-0.5,-0.25,0.),.UNSPECIFIED.);
#135=B_SPLINE_CURVE_WITH_KNOTS('',3,(#5423,#5424,#5425,#5426,#5427,#5428,
#5429,#5430,#5431,#5432,#5433,#5434,#5435),.UNSPECIFIED.,.F.,.F.,(4,2,2,
1,2,2,4),(0.,0.25,0.5,1.,1.5,1.75,2.),.UNSPECIFIED.);
#136=B_SPLINE_CURVE_WITH_KNOTS('',3,(#5437,#5438,#5439,#5440,#5441,#5442,
#5443,#5444,#5445,#5446,#5447,#5448,#5449),.UNSPECIFIED.,.F.,.F.,(4,2,2,
1,2,2,4),(0.,0.25,0.5,1.,1.5,1.75,2.),.UNSPECIFIED.);
#137=B_SPLINE_CURVE_WITH_KNOTS('',3,(#5450,#5451,#5452,#5453,#5454,#5455,
#5456,#5457,#5458,#5459,#5460,#5461,#5462),.UNSPECIFIED.,.F.,.F.,(4,2,2,
1,2,2,4),(0.,0.25,0.5,1.,1.5,1.75,2.),.UNSPECIFIED.);
#138=B_SPLINE_CURVE_WITH_KNOTS('',3,(#5633,#5634,#5635,#5636,#5637,#5638,
#5639,#5640,#5641,#5642,#5643,#5644,#5645),.UNSPECIFIED.,.F.,.F.,(4,2,2,
1,2,2,4),(-2.,-1.75,-1.5,-1.,-0.5,-0.25,0.),.UNSPECIFIED.);
#139=B_SPLINE_CURVE_WITH_KNOTS('',3,(#5646,#5647,#5648,#5649,#5650,#5651,
#5652,#5653,#5654,#5655,#5656,#5657,#5658),.UNSPECIFIED.,.F.,.F.,(4,2,2,
1,2,2,4),(-2.,-1.75,-1.5,-1.,-0.5,-0.25,0.),.UNSPECIFIED.);
#140=B_SPLINE_CURVE_WITH_KNOTS('',3,(#5829,#5830,#5831,#5832,#5833,#5834,
#5835,#5836,#5837,#5838,#5839,#5840,#5841),.UNSPECIFIED.,.F.,.F.,(4,2,2,
1,2,2,4),(-2.,-1.75,-1.5,-1.,-0.5,-0.25,0.),.UNSPECIFIED.);
#141=B_SPLINE_CURVE_WITH_KNOTS('',3,(#5842,#5843,#5844,#5845,#5846,#5847,
#5848,#5849,#5850,#5851,#5852,#5853,#5854),.UNSPECIFIED.,.F.,.F.,(4,2,2,
1,2,2,4),(0.,0.25,0.5,1.,1.5,1.75,2.),.UNSPECIFIED.);
#142=B_SPLINE_CURVE_WITH_KNOTS('',3,(#6024,#6025,#6026,#6027,#6028,#6029,
#6030,#6031,#6032,#6033,#6034,#6035,#6036),.UNSPECIFIED.,.F.,.F.,(4,2,2,
1,2,2,4),(-2.,-1.75,-1.5,-1.,-0.5,-0.25,0.),.UNSPECIFIED.);
#143=B_SPLINE_CURVE_WITH_KNOTS('',3,(#6986,#6987,#6988,#6989,#6990,#6991,
#6992,#6993,#6994,#6995,#6996,#6997,#6998),.UNSPECIFIED.,.F.,.F.,(4,2,2,
1,2,2,4),(-2.,-1.75,-1.5,-1.,-0.5,-0.25,0.),.UNSPECIFIED.);
#144=B_SPLINE_CURVE_WITH_KNOTS('',3,(#7000,#7001,#7002,#7003,#7004,#7005,
#7006,#7007,#7008,#7009,#7010,#7011,#7012),.UNSPECIFIED.,.F.,.F.,(4,2,2,
1,2,2,4),(0.,0.25,0.5,1.,1.5,1.75,2.),.UNSPECIFIED.);
#145=B_SPLINE_CURVE_WITH_KNOTS('',3,(#7014,#7015,#7016,#7017,#7018,#7019,
#7020,#7021,#7022,#7023,#7024,#7025,#7026),.UNSPECIFIED.,.F.,.F.,(4,2,2,
1,2,2,4),(-2.,-1.75,-1.5,-1.,-0.5,-0.25,0.),.UNSPECIFIED.);
#146=B_SPLINE_CURVE_WITH_KNOTS('',3,(#7027,#7028,#7029,#7030,#7031,#7032,
#7033,#7034,#7035,#7036,#7037,#7038,#7039),.UNSPECIFIED.,.F.,.F.,(4,2,2,
1,2,2,4),(0.,0.25,0.5,1.,1.5,1.75,2.),.UNSPECIFIED.);
#147=B_SPLINE_CURVE_WITH_KNOTS('',3,(#7211,#7212,#7213,#7214),
 .UNSPECIFIED.,.F.,.F.,(4,4),(-0.052840935267183,-2.32833134001585E-14),
 .UNSPECIFIED.);
#148=B_SPLINE_CURVE_WITH_KNOTS('',3,(#7216,#7217,#7218,#7219),
 .UNSPECIFIED.,.F.,.F.,(4,4),(-0.108298982472542,-0.0528719260563803),
 .UNSPECIFIED.);
#149=B_SPLINE_CURVE_WITH_KNOTS('',3,(#7221,#7222,#7223,#7224,#7225),
 .UNSPECIFIED.,.F.,.F.,(4,1,4),(-0.332613531853187,-0.220427005669637,-0.108305329927431),
 .UNSPECIFIED.);
#150=B_SPLINE_CURVE_WITH_KNOTS('',3,(#7227,#7228,#7229,#7230,#7231,#7232),
 .UNSPECIFIED.,.F.,.F.,(4,2,4),(-0.3880871074517,-0.332613531853187,-0.3325100634285),
 .UNSPECIFIED.);
#151=B_SPLINE_CURVE_WITH_KNOTS('',3,(#7234,#7235,#7236,#7237),
 .UNSPECIFIED.,.F.,.F.,(4,4),(-0.440981218691797,-0.388183531469107),
 .UNSPECIFIED.);
#152=B_SPLINE_CURVE_WITH_KNOTS('',3,(#7238,#7239,#7240,#7241,#7242,#7243,
#7244,#7245),.UNSPECIFIED.,.F.,.F.,(4,2,2,4),(0.,0.25,0.5,0.513264649743237),
 .UNSPECIFIED.);
#153=B_SPLINE_CURVE_WITH_KNOTS('',3,(#7246,#7247,#7248,#7249,#7250,#7251,
#7252,#7253),.UNSPECIFIED.,.F.,.F.,(4,2,2,4),(1.48673535025667,1.5,1.75,
2.),.UNSPECIFIED.);
#154=B_SPLINE_CURVE_WITH_KNOTS('',3,(#7425,#7426,#7427,#7428),
 .UNSPECIFIED.,.F.,.F.,(4,4),(-0.0528409352671688,-2.00023250695364E-14),
 .UNSPECIFIED.);
#155=B_SPLINE_CURVE_WITH_KNOTS('',3,(#7430,#7431,#7432,#7433),
 .UNSPECIFIED.,.F.,.F.,(4,4),(-0.108298982472642,-0.0528719260564105),
 .UNSPECIFIED.);
#156=B_SPLINE_CURVE_WITH_KNOTS('',3,(#7435,#7436,#7437,#7438,#7439),
 .UNSPECIFIED.,.F.,.F.,(4,1,4),(-0.332613531853191,-0.220427005669642,-0.108305329927451),
 .UNSPECIFIED.);
#157=B_SPLINE_CURVE_WITH_KNOTS('',3,(#7441,#7442,#7443,#7444,#7445,#7446),
 .UNSPECIFIED.,.F.,.F.,(4,2,4),(-0.388087107451684,-0.332613531853191,-0.332510063428468),
 .UNSPECIFIED.);
#158=B_SPLINE_CURVE_WITH_KNOTS('',3,(#7447,#7448,#7449,#7450),
 .UNSPECIFIED.,.F.,.F.,(4,4),(-0.440981218691813,-0.38818353146913),
 .UNSPECIFIED.);
#159=B_SPLINE_CURVE_WITH_KNOTS('',3,(#7451,#7452,#7453,#7454,#7455,#7456,
#7457,#7458),.UNSPECIFIED.,.F.,.F.,(4,2,2,4),(-2.,-1.75,-1.5,-1.48673535025668),
 .UNSPECIFIED.);
#160=B_SPLINE_CURVE_WITH_KNOTS('',3,(#7630,#7631,#7632,#7633),
 .UNSPECIFIED.,.F.,.F.,(4,4),(-0.0528409352671349,0.),.UNSPECIFIED.);
#161=B_SPLINE_CURVE_WITH_KNOTS('',3,(#7635,#7636,#7637,#7638),
 .UNSPECIFIED.,.F.,.F.,(4,4),(-0.108298977622013,-0.0528719230186219),
 .UNSPECIFIED.);
#162=B_SPLINE_CURVE_WITH_KNOTS('',3,(#7640,#7641,#7642,#7643,#7644),
 .UNSPECIFIED.,.F.,.F.,(4,1,4),(-0.332613531853153,-0.220427005669621,-0.108305329927433),
 .UNSPECIFIED.);
#163=B_SPLINE_CURVE_WITH_KNOTS('',3,(#7646,#7647,#7648,#7649,#7650,#7651),
 .UNSPECIFIED.,.F.,.F.,(4,2,4),(-0.388087105720811,-0.332613531853153,-0.332510061849812),
 .UNSPECIFIED.);
#164=B_SPLINE_CURVE_WITH_KNOTS('',3,(#7652,#7653,#7654,#7655),
 .UNSPECIFIED.,.F.,.F.,(4,4),(-0.440981218691793,-0.388183531469111),
 .UNSPECIFIED.);
#165=B_SPLINE_CURVE_WITH_KNOTS('',3,(#7656,#7657,#7658,#7659,#7660,#7661,
#7662,#7663),.UNSPECIFIED.,.F.,.F.,(4,2,2,4),(-2.,-1.75,-1.5,-1.48673535025658),
 .UNSPECIFIED.);
#166=B_SPLINE_CURVE_WITH_KNOTS('',3,(#7834,#7835,#7836,#7837),
 .UNSPECIFIED.,.F.,.F.,(4,4),(-0.0528409352671499,-3.62568785680535E-15),
 .UNSPECIFIED.);
#167=B_SPLINE_CURVE_WITH_KNOTS('',3,(#7839,#7840,#7841,#7842),
 .UNSPECIFIED.,.F.,.F.,(4,4),(-0.108298977622159,-0.0528719230187055),
 .UNSPECIFIED.);
#168=B_SPLINE_CURVE_WITH_KNOTS('',3,(#7844,#7845,#7846,#7847,#7848),
 .UNSPECIFIED.,.F.,.F.,(4,1,4),(-0.332613531853165,-0.220427005669611,-0.108305329927405),
 .UNSPECIFIED.);
#169=B_SPLINE_CURVE_WITH_KNOTS('',3,(#7850,#7851,#7852,#7853,#7854,#7855),
 .UNSPECIFIED.,.F.,.F.,(4,2,4),(-0.388087105720792,-0.332613531853165,-0.332510061849811),
 .UNSPECIFIED.);
#170=B_SPLINE_CURVE_WITH_KNOTS('',3,(#7856,#7857,#7858,#7859),
 .UNSPECIFIED.,.F.,.F.,(4,4),(-0.44098121869177,-0.388183531469117),
 .UNSPECIFIED.);
#171=B_SPLINE_CURVE_WITH_KNOTS('',3,(#7942,#7943,#7944,#7945,#7946,#7947,
#7948,#7949,#7950,#7951,#7952,#7953,#7954),.UNSPECIFIED.,.F.,.F.,(4,2,2,
1,2,2,4),(3.62568785680535E-15,0.0528409352671499,0.108305329927405,0.220427005669611,
0.332613531853165,0.388183531469117,0.44098121869177),.UNSPECIFIED.);
#172=B_SPLINE_CURVE_WITH_KNOTS('',3,(#8035,#8036,#8037,#8038,#8039,#8040,
#8041,#8042,#8043,#8044,#8045,#8046,#8047),.UNSPECIFIED.,.F.,.F.,(4,2,2,
1,2,2,4),(2.32833134001585E-14,0.052840935267183,0.108305329927431,0.220427005669637,
0.332613531853187,0.388183531469107,0.440981218691797),.UNSPECIFIED.);
#173=B_SPLINE_CURVE_WITH_KNOTS('',3,(#8128,#8129,#8130,#8131,#8132,#8133,
#8134,#8135,#8136,#8137,#8138,#8139,#8140),.UNSPECIFIED.,.F.,.F.,(4,2,2,
1,2,2,4),(2.00023250695364E-14,0.0528409352671688,0.108305329927451,0.220427005669642,
0.332613531853191,0.38818353146913,0.440981218691813),.UNSPECIFIED.);
#174=B_SPLINE_CURVE_WITH_KNOTS('',3,(#8219,#8220,#8221,#8222,#8223,#8224,
#8225,#8226,#8227,#8228,#8229,#8230,#8231),.UNSPECIFIED.,.F.,.F.,(4,2,2,
1,2,2,4),(0.,0.0528409352671349,0.108305329927433,0.220427005669621,0.332613531853153,
0.388183531469111,0.440981218691793),.UNSPECIFIED.);
#175=B_SPLINE_CURVE_WITH_KNOTS('',3,(#8404,#8405,#8406,#8407,#8408,#8409,
#8410,#8411,#8412,#8413,#8414,#8415,#8416),.UNSPECIFIED.,.F.,.F.,(4,2,2,
1,2,2,4),(-2.,-1.75,-1.5,-1.,-0.5,-0.25,0.),.UNSPECIFIED.);
#176=B_SPLINE_CURVE_WITH_KNOTS('',3,(#8418,#8419,#8420,#8421,#8422,#8423,
#8424,#8425,#8426,#8427,#8428,#8429,#8430),.UNSPECIFIED.,.F.,.F.,(4,2,2,
1,2,2,4),(0.,0.25,0.5,1.,1.5,1.75,2.),.UNSPECIFIED.);
#177=B_SPLINE_CURVE_WITH_KNOTS('',3,(#8432,#8433,#8434,#8435,#8436,#8437,
#8438,#8439,#8440,#8441,#8442,#8443,#8444),.UNSPECIFIED.,.F.,.F.,(4,2,2,
1,2,2,4),(-2.,-1.75,-1.5,-1.,-0.5,-0.25,0.),.UNSPECIFIED.);
#178=B_SPLINE_CURVE_WITH_KNOTS('',3,(#8445,#8446,#8447,#8448,#8449,#8450,
#8451,#8452,#8453,#8454,#8455,#8456,#8457),.UNSPECIFIED.,.F.,.F.,(4,2,2,
1,2,2,4),(0.,0.25,0.5,1.,1.5,1.75,2.),.UNSPECIFIED.);
#179=B_SPLINE_CURVE_WITH_KNOTS('',3,(#8629,#8630,#8631,#8632),
 .UNSPECIFIED.,.F.,.F.,(4,4),(-0.052840935267183,-2.32833134001585E-14),
 .UNSPECIFIED.);
#180=B_SPLINE_CURVE_WITH_KNOTS('',3,(#8634,#8635,#8636,#8637),
 .UNSPECIFIED.,.F.,.F.,(4,4),(-0.108298994244336,-0.052871933428906),
 .UNSPECIFIED.);
#181=B_SPLINE_CURVE_WITH_KNOTS('',3,(#8639,#8640,#8641,#8642,#8643),
 .UNSPECIFIED.,.F.,.F.,(4,1,4),(-0.332613531853187,-0.220427005669637,-0.108305329927431),
 .UNSPECIFIED.);
#182=B_SPLINE_CURVE_WITH_KNOTS('',3,(#8645,#8646,#8647,#8648,#8649,#8650),
 .UNSPECIFIED.,.F.,.F.,(4,2,4),(-0.388087111653767,-0.332613531853187,-0.332510067260473),
 .UNSPECIFIED.);
#183=B_SPLINE_CURVE_WITH_KNOTS('',3,(#8652,#8653,#8654,#8655),
 .UNSPECIFIED.,.F.,.F.,(4,4),(-0.440981218691797,-0.388183531469107),
 .UNSPECIFIED.);
#184=B_SPLINE_CURVE_WITH_KNOTS('',3,(#8656,#8657,#8658,#8659,#8660,#8661,
#8662,#8663),.UNSPECIFIED.,.F.,.F.,(4,2,2,4),(0.,0.25,0.5,0.513264649743237),
 .UNSPECIFIED.);
#185=B_SPLINE_CURVE_WITH_KNOTS('',3,(#8664,#8665,#8666,#8667,#8668,#8669,
#8670,#8671),.UNSPECIFIED.,.F.,.F.,(4,2,2,4),(1.48673535025667,1.5,1.75,
2.),.UNSPECIFIED.);
#186=B_SPLINE_CURVE_WITH_KNOTS('',3,(#8843,#8844,#8845,#8846),
 .UNSPECIFIED.,.F.,.F.,(4,4),(-0.0528409352671688,-2.00023250695364E-14),
 .UNSPECIFIED.);
#187=B_SPLINE_CURVE_WITH_KNOTS('',3,(#8848,#8849,#8850,#8851),
 .UNSPECIFIED.,.F.,.F.,(4,4),(-0.10829899424424,-0.0528719334288572),
 .UNSPECIFIED.);
#188=B_SPLINE_CURVE_WITH_KNOTS('',3,(#8853,#8854,#8855,#8856,#8857),
 .UNSPECIFIED.,.F.,.F.,(4,1,4),(-0.332613531853191,-0.220427005669642,-0.108305329927451),
 .UNSPECIFIED.);
#189=B_SPLINE_CURVE_WITH_KNOTS('',3,(#8859,#8860,#8861,#8862,#8863,#8864),
 .UNSPECIFIED.,.F.,.F.,(4,2,4),(-0.38808711165377,-0.332613531853191,-0.332510067260423),
 .UNSPECIFIED.);
#190=B_SPLINE_CURVE_WITH_KNOTS('',3,(#8865,#8866,#8867,#8868),
 .UNSPECIFIED.,.F.,.F.,(4,4),(-0.440981218691813,-0.38818353146913),
 .UNSPECIFIED.);
#191=B_SPLINE_CURVE_WITH_KNOTS('',3,(#8869,#8870,#8871,#8872,#8873,#8874,
#8875,#8876),.UNSPECIFIED.,.F.,.F.,(4,2,2,4),(-2.,-1.75,-1.5,-1.48673535025668),
 .UNSPECIFIED.);
#192=B_SPLINE_CURVE_WITH_KNOTS('',3,(#9048,#9049,#9050,#9051),
 .UNSPECIFIED.,.F.,.F.,(4,4),(-0.0528409352671349,0.),.UNSPECIFIED.);
#193=B_SPLINE_CURVE_WITH_KNOTS('',3,(#9053,#9054,#9055,#9056),
 .UNSPECIFIED.,.F.,.F.,(4,4),(-0.10829898910339,-0.0528719302090816),
 .UNSPECIFIED.);
#194=B_SPLINE_CURVE_WITH_KNOTS('',3,(#9058,#9059,#9060,#9061,#9062),
 .UNSPECIFIED.,.F.,.F.,(4,1,4),(-0.332613531853153,-0.220427005669621,-0.108305329927433),
 .UNSPECIFIED.);
#195=B_SPLINE_CURVE_WITH_KNOTS('',3,(#9064,#9065,#9066,#9067,#9068,#9069),
 .UNSPECIFIED.,.F.,.F.,(4,2,4),(-0.388087109818511,-0.332613531853153,-0.332510065586859),
 .UNSPECIFIED.);
#196=B_SPLINE_CURVE_WITH_KNOTS('',3,(#9070,#9071,#9072,#9073),
 .UNSPECIFIED.,.F.,.F.,(4,4),(-0.440981218691793,-0.388183531469111),
 .UNSPECIFIED.);
#197=B_SPLINE_CURVE_WITH_KNOTS('',3,(#9074,#9075,#9076,#9077,#9078,#9079,
#9080,#9081),.UNSPECIFIED.,.F.,.F.,(4,2,2,4),(-2.,-1.75,-1.5,-1.48673535025658),
 .UNSPECIFIED.);
#198=B_SPLINE_CURVE_WITH_KNOTS('',3,(#9252,#9253,#9254,#9255),
 .UNSPECIFIED.,.F.,.F.,(4,4),(-0.0528409352671499,-3.62568785680535E-15),
 .UNSPECIFIED.);
#199=B_SPLINE_CURVE_WITH_KNOTS('',3,(#9257,#9258,#9259,#9260),
 .UNSPECIFIED.,.F.,.F.,(4,4),(-0.10829898910335,-0.0528719302090625),
 .UNSPECIFIED.);
#200=B_SPLINE_CURVE_WITH_KNOTS('',3,(#9262,#9263,#9264,#9265,#9266),
 .UNSPECIFIED.,.F.,.F.,(4,1,4),(-0.332613531853165,-0.220427005669611,-0.108305329927405),
 .UNSPECIFIED.);
#201=B_SPLINE_CURVE_WITH_KNOTS('',3,(#9268,#9269,#9270,#9271,#9272,#9273),
 .UNSPECIFIED.,.F.,.F.,(4,2,4),(-0.388087109818449,-0.332613531853165,-0.332510065586816),
 .UNSPECIFIED.);
#202=B_SPLINE_CURVE_WITH_KNOTS('',3,(#9274,#9275,#9276,#9277),
 .UNSPECIFIED.,.F.,.F.,(4,4),(-0.44098121869177,-0.388183531469117),
 .UNSPECIFIED.);
#203=B_SPLINE_CURVE_WITH_KNOTS('',3,(#9360,#9361,#9362,#9363,#9364,#9365,
#9366,#9367,#9368,#9369,#9370,#9371,#9372),.UNSPECIFIED.,.F.,.F.,(4,2,2,
1,2,2,4),(3.62568785680535E-15,0.0528409352671499,0.108305329927405,0.220427005669611,
0.332613531853165,0.388183531469117,0.44098121869177),.UNSPECIFIED.);
#204=B_SPLINE_CURVE_WITH_KNOTS('',3,(#9453,#9454,#9455,#9456,#9457,#9458,
#9459,#9460,#9461,#9462,#9463,#9464,#9465),.UNSPECIFIED.,.F.,.F.,(4,2,2,
1,2,2,4),(2.32833134001585E-14,0.052840935267183,0.108305329927431,0.220427005669637,
0.332613531853187,0.388183531469107,0.440981218691797),.UNSPECIFIED.);
#205=B_SPLINE_CURVE_WITH_KNOTS('',3,(#9546,#9547,#9548,#9549,#9550,#9551,
#9552,#9553,#9554,#9555,#9556,#9557,#9558),.UNSPECIFIED.,.F.,.F.,(4,2,2,
1,2,2,4),(2.00023250695364E-14,0.0528409352671688,0.108305329927451,0.220427005669642,
0.332613531853191,0.38818353146913,0.440981218691813),.UNSPECIFIED.);
#206=B_SPLINE_CURVE_WITH_KNOTS('',3,(#9637,#9638,#9639,#9640,#9641,#9642,
#9643,#9644,#9645,#9646,#9647,#9648,#9649),.UNSPECIFIED.,.F.,.F.,(4,2,2,
1,2,2,4),(0.,0.0528409352671349,0.108305329927433,0.220427005669621,0.332613531853153,
0.388183531469111,0.440981218691793),.UNSPECIFIED.);
#207=TOROIDAL_SURFACE('',#3468,5.7,3.);
#208=FACE_BOUND('',#578,.T.);
#209=FACE_BOUND('',#581,.T.);
#210=FACE_BOUND('',#589,.T.);
#211=FACE_BOUND('',#592,.T.);
#212=FACE_BOUND('',#596,.T.);
#213=FACE_BOUND('',#609,.T.);
#214=FACE_BOUND('',#610,.T.);
#215=FACE_BOUND('',#611,.T.);
#216=FACE_BOUND('',#612,.T.);
#217=FACE_BOUND('',#613,.T.);
#218=FACE_BOUND('',#614,.T.);
#219=FACE_BOUND('',#615,.T.);
#220=FACE_BOUND('',#616,.T.);
#221=FACE_BOUND('',#617,.T.);
#222=FACE_BOUND('',#618,.T.);
#223=FACE_BOUND('',#619,.T.);
#224=FACE_BOUND('',#620,.T.);
#225=FACE_BOUND('',#621,.T.);
#226=FACE_BOUND('',#622,.T.);
#227=FACE_BOUND('',#623,.T.);
#228=FACE_BOUND('',#624,.T.);
#229=FACE_BOUND('',#625,.T.);
#230=FACE_BOUND('',#629,.T.);
#231=FACE_BOUND('',#630,.T.);
#232=FACE_BOUND('',#631,.T.);
#233=FACE_BOUND('',#632,.T.);
#234=FACE_BOUND('',#633,.T.);
#235=FACE_BOUND('',#634,.T.);
#236=FACE_BOUND('',#635,.T.);
#237=FACE_BOUND('',#636,.T.);
#238=FACE_BOUND('',#637,.T.);
#239=FACE_BOUND('',#638,.T.);
#240=FACE_BOUND('',#639,.T.);
#241=FACE_BOUND('',#640,.T.);
#242=FACE_BOUND('',#641,.T.);
#243=FACE_BOUND('',#642,.T.);
#244=FACE_BOUND('',#643,.T.);
#245=FACE_BOUND('',#644,.T.);
#246=FACE_BOUND('',#723,.T.);
#247=FACE_BOUND('',#724,.T.);
#248=FACE_BOUND('',#725,.T.);
#249=FACE_BOUND('',#729,.T.);
#250=FACE_BOUND('',#730,.T.);
#251=FACE_BOUND('',#731,.T.);
#252=FACE_BOUND('',#732,.T.);
#253=FACE_BOUND('',#733,.T.);
#254=FACE_BOUND('',#745,.T.);
#255=FACE_BOUND('',#746,.T.);
#256=FACE_BOUND('',#747,.T.);
#257=FACE_BOUND('',#748,.T.);
#258=FACE_BOUND('',#753,.T.);
#259=FACE_BOUND('',#771,.T.);
#260=FACE_BOUND('',#782,.T.);
#261=FACE_BOUND('',#787,.T.);
#262=FACE_BOUND('',#788,.T.);
#263=FACE_BOUND('',#796,.T.);
#264=FACE_BOUND('',#797,.T.);
#265=FACE_BOUND('',#801,.T.);
#266=FACE_BOUND('',#802,.T.);
#267=FACE_BOUND('',#810,.T.);
#268=FACE_BOUND('',#811,.T.);
#269=CIRCLE('',#3462,1.6);
#270=CIRCLE('',#3464,3.);
#271=CIRCLE('',#3466,1.6);
#272=CIRCLE('',#3469,2.7);
#273=CIRCLE('',#3470,3.);
#274=CIRCLE('',#3471,5.7);
#275=CIRCLE('',#3472,5.7);
#276=CIRCLE('',#3473,2.7);
#277=CIRCLE('',#3477,1.6);
#278=CIRCLE('',#3478,1.6);
#279=CIRCLE('',#3480,3.);
#280=CIRCLE('',#3485,3.);
#281=CIRCLE('',#3493,10.);
#282=CIRCLE('',#3494,10.);
#283=CIRCLE('',#3495,2.5);
#284=CIRCLE('',#3496,3.44999999999999);
#285=CIRCLE('',#3497,0.999999999999943);
#286=CIRCLE('',#3498,3.44999999999999);
#287=CIRCLE('',#3499,0.999999999999943);
#288=CIRCLE('',#3500,3.44999999999999);
#289=CIRCLE('',#3501,0.999999999999943);
#290=CIRCLE('',#3502,3.44999999999999);
#291=CIRCLE('',#3503,0.999999999999943);
#292=CIRCLE('',#3504,3.44999999999999);
#293=CIRCLE('',#3505,0.999999999999943);
#294=CIRCLE('',#3506,0.999999999999948);
#295=CIRCLE('',#3507,3.44999999999999);
#296=CIRCLE('',#3508,3.44999999999999);
#297=CIRCLE('',#3509,0.999999999999943);
#298=CIRCLE('',#3510,3.44999999999999);
#299=CIRCLE('',#3511,0.999999999999943);
#300=CIRCLE('',#3512,3.44999999999999);
#301=CIRCLE('',#3513,0.999999999999943);
#302=CIRCLE('',#3514,3.44999999999999);
#303=CIRCLE('',#3515,0.999999999999943);
#304=CIRCLE('',#3516,3.44999999999999);
#305=CIRCLE('',#3517,0.999999999999943);
#306=CIRCLE('',#3518,3.44999999999999);
#307=CIRCLE('',#3519,0.999999999999943);
#308=CIRCLE('',#3520,3.44999999999999);
#309=CIRCLE('',#3521,0.999999999999943);
#310=CIRCLE('',#3522,3.44999999999999);
#311=CIRCLE('',#3523,0.999999999999943);
#312=CIRCLE('',#3524,3.44999999999999);
#313=CIRCLE('',#3525,0.999999999999943);
#314=CIRCLE('',#3526,3.44999999999999);
#315=CIRCLE('',#3527,0.999999999999943);
#316=CIRCLE('',#3529,2.5);
#317=CIRCLE('',#3532,10.);
#318=CIRCLE('',#3533,10.);
#319=CIRCLE('',#3534,0.999999999999943);
#320=CIRCLE('',#3535,3.44999999999999);
#321=CIRCLE('',#3536,0.999999999999943);
#322=CIRCLE('',#3537,3.44999999999999);
#323=CIRCLE('',#3538,0.999999999999943);
#324=CIRCLE('',#3539,3.44999999999999);
#325=CIRCLE('',#3540,0.999999999999943);
#326=CIRCLE('',#3541,3.44999999999999);
#327=CIRCLE('',#3542,0.999999999999943);
#328=CIRCLE('',#3543,3.44999999999999);
#329=CIRCLE('',#3544,0.999999999999943);
#330=CIRCLE('',#3545,3.44999999999999);
#331=CIRCLE('',#3546,0.999999999999943);
#332=CIRCLE('',#3547,3.44999999999999);
#333=CIRCLE('',#3548,0.999999999999943);
#334=CIRCLE('',#3549,3.44999999999999);
#335=CIRCLE('',#3550,0.999999999999943);
#336=CIRCLE('',#3551,3.44999999999999);
#337=CIRCLE('',#3552,0.999999999999943);
#338=CIRCLE('',#3553,3.44999999999999);
#339=CIRCLE('',#3554,3.44999999999999);
#340=CIRCLE('',#3555,0.999999999999948);
#341=CIRCLE('',#3556,3.44999999999999);
#342=CIRCLE('',#3557,0.999999999999943);
#343=CIRCLE('',#3558,3.44999999999999);
#344=CIRCLE('',#3559,0.999999999999943);
#345=CIRCLE('',#3560,3.44999999999999);
#346=CIRCLE('',#3561,0.999999999999943);
#347=CIRCLE('',#3562,3.44999999999999);
#348=CIRCLE('',#3563,0.999999999999943);
#349=CIRCLE('',#3564,3.44999999999999);
#350=CIRCLE('',#3565,0.999999999999943);
#351=CIRCLE('',#3636,3.);
#352=CIRCLE('',#3637,3.);
#353=CIRCLE('',#3639,3.);
#354=CIRCLE('',#3640,3.);
#355=CIRCLE('',#3644,3.);
#356=CIRCLE('',#3645,3.);
#357=CIRCLE('',#3648,3.);
#358=CIRCLE('',#3649,3.);
#359=CIRCLE('',#3652,1.5);
#360=CIRCLE('',#3656,1.5);
#361=CIRCLE('',#3657,2.5);
#362=CIRCLE('',#3658,2.5);
#363=CIRCLE('',#3660,2.5);
#364=CIRCLE('',#3663,2.5);
#365=CIRCLE('',#3670,3.);
#366=CIRCLE('',#3671,3.);
#367=CIRCLE('',#3673,3.);
#368=CIRCLE('',#3674,3.);
#369=CIRCLE('',#3676,10.);
#370=CIRCLE('',#3677,10.);
#371=CIRCLE('',#3678,2.60000000000003);
#372=CIRCLE('',#3679,2.60000000000003);
#373=CIRCLE('',#3680,2.5);
#374=CIRCLE('',#3685,10.);
#375=CIRCLE('',#3686,10.);
#376=CIRCLE('',#3688,2.5);
#377=CIRCLE('',#3691,2.60000000000003);
#378=CIRCLE('',#3693,2.60000000000003);
#379=CIRCLE('',#3697,0.999999999999974);
#380=CIRCLE('',#3698,0.999999999999999);
#381=CIRCLE('',#3699,0.999999999999999);
#382=CIRCLE('',#3700,1.);
#383=CIRCLE('',#3702,0.999999999999974);
#384=CIRCLE('',#3703,0.999999999999999);
#385=CIRCLE('',#3704,0.999999999999999);
#386=CIRCLE('',#3705,1.);
#387=CIRCLE('',#3709,1.);
#388=CIRCLE('',#3710,1.);
#389=CIRCLE('',#3712,1.);
#390=CIRCLE('',#3714,2.7);
#391=CIRCLE('',#3715,2.7);
#392=CIRCLE('',#3717,1.);
#393=CIRCLE('',#3719,2.7);
#394=CIRCLE('',#3721,2.7);
#395=CIRCLE('',#3727,2.);
#396=CIRCLE('',#3728,2.);
#397=CIRCLE('',#3730,2.);
#398=CIRCLE('',#3732,2.7);
#399=CIRCLE('',#3733,2.7);
#400=CIRCLE('',#3735,2.);
#401=CIRCLE('',#3737,2.7);
#402=CIRCLE('',#3739,2.7);
#403=FACE_OUTER_BOUND('',#577,.T.);
#404=FACE_OUTER_BOUND('',#579,.T.);
#405=FACE_OUTER_BOUND('',#580,.T.);
#406=FACE_OUTER_BOUND('',#582,.T.);
#407=FACE_OUTER_BOUND('',#583,.T.);
#408=FACE_OUTER_BOUND('',#584,.T.);
#409=FACE_OUTER_BOUND('',#585,.T.);
#410=FACE_OUTER_BOUND('',#586,.T.);
#411=FACE_OUTER_BOUND('',#587,.T.);
#412=FACE_OUTER_BOUND('',#588,.T.);
#413=FACE_OUTER_BOUND('',#590,.T.);
#414=FACE_OUTER_BOUND('',#591,.T.);
#415=FACE_OUTER_BOUND('',#593,.T.);
#416=FACE_OUTER_BOUND('',#594,.T.);
#417=FACE_OUTER_BOUND('',#595,.T.);
#418=FACE_OUTER_BOUND('',#597,.T.);
#419=FACE_OUTER_BOUND('',#598,.T.);
#420=FACE_OUTER_BOUND('',#599,.T.);
#421=FACE_OUTER_BOUND('',#600,.T.);
#422=FACE_OUTER_BOUND('',#601,.T.);
#423=FACE_OUTER_BOUND('',#602,.T.);
#424=FACE_OUTER_BOUND('',#603,.T.);
#425=FACE_OUTER_BOUND('',#604,.T.);
#426=FACE_OUTER_BOUND('',#605,.T.);
#427=FACE_OUTER_BOUND('',#606,.T.);
#428=FACE_OUTER_BOUND('',#607,.T.);
#429=FACE_OUTER_BOUND('',#608,.T.);
#430=FACE_OUTER_BOUND('',#626,.T.);
#431=FACE_OUTER_BOUND('',#627,.T.);
#432=FACE_OUTER_BOUND('',#628,.T.);
#433=FACE_OUTER_BOUND('',#645,.T.);
#434=FACE_OUTER_BOUND('',#646,.T.);
#435=FACE_OUTER_BOUND('',#647,.T.);
#436=FACE_OUTER_BOUND('',#648,.T.);
#437=FACE_OUTER_BOUND('',#649,.T.);
#438=FACE_OUTER_BOUND('',#650,.T.);
#439=FACE_OUTER_BOUND('',#651,.T.);
#440=FACE_OUTER_BOUND('',#652,.T.);
#441=FACE_OUTER_BOUND('',#653,.T.);
#442=FACE_OUTER_BOUND('',#654,.T.);
#443=FACE_OUTER_BOUND('',#655,.T.);
#444=FACE_OUTER_BOUND('',#656,.T.);
#445=FACE_OUTER_BOUND('',#657,.T.);
#446=FACE_OUTER_BOUND('',#658,.T.);
#447=FACE_OUTER_BOUND('',#659,.T.);
#448=FACE_OUTER_BOUND('',#660,.T.);
#449=FACE_OUTER_BOUND('',#661,.T.);
#450=FACE_OUTER_BOUND('',#662,.T.);
#451=FACE_OUTER_BOUND('',#663,.T.);
#452=FACE_OUTER_BOUND('',#664,.T.);
#453=FACE_OUTER_BOUND('',#665,.T.);
#454=FACE_OUTER_BOUND('',#666,.T.);
#455=FACE_OUTER_BOUND('',#667,.T.);
#456=FACE_OUTER_BOUND('',#668,.T.);
#457=FACE_OUTER_BOUND('',#669,.T.);
#458=FACE_OUTER_BOUND('',#670,.T.);
#459=FACE_OUTER_BOUND('',#671,.T.);
#460=FACE_OUTER_BOUND('',#672,.T.);
#461=FACE_OUTER_BOUND('',#673,.T.);
#462=FACE_OUTER_BOUND('',#674,.T.);
#463=FACE_OUTER_BOUND('',#675,.T.);
#464=FACE_OUTER_BOUND('',#676,.T.);
#465=FACE_OUTER_BOUND('',#677,.T.);
#466=FACE_OUTER_BOUND('',#678,.T.);
#467=FACE_OUTER_BOUND('',#679,.T.);
#468=FACE_OUTER_BOUND('',#680,.T.);
#469=FACE_OUTER_BOUND('',#681,.T.);
#470=FACE_OUTER_BOUND('',#682,.T.);
#471=FACE_OUTER_BOUND('',#683,.T.);
#472=FACE_OUTER_BOUND('',#684,.T.);
#473=FACE_OUTER_BOUND('',#685,.T.);
#474=FACE_OUTER_BOUND('',#686,.T.);
#475=FACE_OUTER_BOUND('',#687,.T.);
#476=FACE_OUTER_BOUND('',#688,.T.);
#477=FACE_OUTER_BOUND('',#689,.T.);
#478=FACE_OUTER_BOUND('',#690,.T.);
#479=FACE_OUTER_BOUND('',#691,.T.);
#480=FACE_OUTER_BOUND('',#692,.T.);
#481=FACE_OUTER_BOUND('',#693,.T.);
#482=FACE_OUTER_BOUND('',#694,.T.);
#483=FACE_OUTER_BOUND('',#695,.T.);
#484=FACE_OUTER_BOUND('',#696,.T.);
#485=FACE_OUTER_BOUND('',#697,.T.);
#486=FACE_OUTER_BOUND('',#698,.T.);
#487=FACE_OUTER_BOUND('',#699,.T.);
#488=FACE_OUTER_BOUND('',#700,.T.);
#489=FACE_OUTER_BOUND('',#701,.T.);
#490=FACE_OUTER_BOUND('',#702,.T.);
#491=FACE_OUTER_BOUND('',#703,.T.);
#492=FACE_OUTER_BOUND('',#704,.T.);
#493=FACE_OUTER_BOUND('',#705,.T.);
#494=FACE_OUTER_BOUND('',#706,.T.);
#495=FACE_OUTER_BOUND('',#707,.T.);
#496=FACE_OUTER_BOUND('',#708,.T.);
#497=FACE_OUTER_BOUND('',#709,.T.);
#498=FACE_OUTER_BOUND('',#710,.T.);
#499=FACE_OUTER_BOUND('',#711,.T.);
#500=FACE_OUTER_BOUND('',#712,.T.);
#501=FACE_OUTER_BOUND('',#713,.T.);
#502=FACE_OUTER_BOUND('',#714,.T.);
#503=FACE_OUTER_BOUND('',#715,.T.);
#504=FACE_OUTER_BOUND('',#716,.T.);
#505=FACE_OUTER_BOUND('',#717,.T.);
#506=FACE_OUTER_BOUND('',#718,.T.);
#507=FACE_OUTER_BOUND('',#719,.T.);
#508=FACE_OUTER_BOUND('',#720,.T.);
#509=FACE_OUTER_BOUND('',#721,.T.);
#510=FACE_OUTER_BOUND('',#722,.T.);
#511=FACE_OUTER_BOUND('',#726,.T.);
#512=FACE_OUTER_BOUND('',#727,.T.);
#513=FACE_OUTER_BOUND('',#728,.T.);
#514=FACE_OUTER_BOUND('',#734,.T.);
#515=FACE_OUTER_BOUND('',#735,.T.);
#516=FACE_OUTER_BOUND('',#736,.T.);
#517=FACE_OUTER_BOUND('',#737,.T.);
#518=FACE_OUTER_BOUND('',#738,.T.);
#519=FACE_OUTER_BOUND('',#739,.T.);
#520=FACE_OUTER_BOUND('',#740,.T.);
#521=FACE_OUTER_BOUND('',#741,.T.);
#522=FACE_OUTER_BOUND('',#742,.T.);
#523=FACE_OUTER_BOUND('',#743,.T.);
#524=FACE_OUTER_BOUND('',#744,.T.);
#525=FACE_OUTER_BOUND('',#749,.T.);
#526=FACE_OUTER_BOUND('',#750,.T.);
#527=FACE_OUTER_BOUND('',#751,.T.);
#528=FACE_OUTER_BOUND('',#752,.T.);
#529=FACE_OUTER_BOUND('',#754,.T.);
#530=FACE_OUTER_BOUND('',#755,.T.);
#531=FACE_OUTER_BOUND('',#756,.T.);
#532=FACE_OUTER_BOUND('',#757,.T.);
#533=FACE_OUTER_BOUND('',#758,.T.);
#534=FACE_OUTER_BOUND('',#759,.T.);
#535=FACE_OUTER_BOUND('',#760,.T.);
#536=FACE_OUTER_BOUND('',#761,.T.);
#537=FACE_OUTER_BOUND('',#762,.T.);
#538=FACE_OUTER_BOUND('',#763,.T.);
#539=FACE_OUTER_BOUND('',#764,.T.);
#540=FACE_OUTER_BOUND('',#765,.T.);
#541=FACE_OUTER_BOUND('',#766,.T.);
#542=FACE_OUTER_BOUND('',#767,.T.);
#543=FACE_OUTER_BOUND('',#768,.T.);
#544=FACE_OUTER_BOUND('',#769,.T.);
#545=FACE_OUTER_BOUND('',#770,.T.);
#546=FACE_OUTER_BOUND('',#772,.T.);
#547=FACE_OUTER_BOUND('',#773,.T.);
#548=FACE_OUTER_BOUND('',#774,.T.);
#549=FACE_OUTER_BOUND('',#775,.T.);
#550=FACE_OUTER_BOUND('',#776,.T.);
#551=FACE_OUTER_BOUND('',#777,.T.);
#552=FACE_OUTER_BOUND('',#778,.T.);
#553=FACE_OUTER_BOUND('',#779,.T.);
#554=FACE_OUTER_BOUND('',#780,.T.);
#555=FACE_OUTER_BOUND('',#781,.T.);
#556=FACE_OUTER_BOUND('',#783,.T.);
#557=FACE_OUTER_BOUND('',#784,.T.);
#558=FACE_OUTER_BOUND('',#785,.T.);
#559=FACE_OUTER_BOUND('',#786,.T.);
#560=FACE_OUTER_BOUND('',#789,.T.);
#561=FACE_OUTER_BOUND('',#790,.T.);
#562=FACE_OUTER_BOUND('',#791,.T.);
#563=FACE_OUTER_BOUND('',#792,.T.);
#564=FACE_OUTER_BOUND('',#793,.T.);
#565=FACE_OUTER_BOUND('',#794,.T.);
#566=FACE_OUTER_BOUND('',#795,.T.);
#567=FACE_OUTER_BOUND('',#798,.T.);
#568=FACE_OUTER_BOUND('',#799,.T.);
#569=FACE_OUTER_BOUND('',#800,.T.);
#570=FACE_OUTER_BOUND('',#803,.T.);
#571=FACE_OUTER_BOUND('',#804,.T.);
#572=FACE_OUTER_BOUND('',#805,.T.);
#573=FACE_OUTER_BOUND('',#806,.T.);
#574=FACE_OUTER_BOUND('',#807,.T.);
#575=FACE_OUTER_BOUND('',#808,.T.);
#576=FACE_OUTER_BOUND('',#809,.T.);
#577=EDGE_LOOP('',(#2195,#2196,#2197,#2198));
#578=EDGE_LOOP('',(#2199));
#579=EDGE_LOOP('',(#2200,#2201,#2202,#2203,#2204,#2205,#2206,#2207,#2208,
#2209,#2210));
#580=EDGE_LOOP('',(#2211,#2212,#2213,#2214));
#581=EDGE_LOOP('',(#2215));
#582=EDGE_LOOP('',(#2216,#2217,#2218,#2219));
#583=EDGE_LOOP('',(#2220,#2221,#2222,#2223,#2224,#2225,#2226));
#584=EDGE_LOOP('',(#2227,#2228,#2229,#2230,#2231,#2232));
#585=EDGE_LOOP('',(#2233,#2234,#2235,#2236));
#586=EDGE_LOOP('',(#2237,#2238,#2239,#2240));
#587=EDGE_LOOP('',(#2241,#2242,#2243,#2244));
#588=EDGE_LOOP('',(#2245,#2246,#2247,#2248));
#589=EDGE_LOOP('',(#2249));
#590=EDGE_LOOP('',(#2250,#2251,#2252,#2253));
#591=EDGE_LOOP('',(#2254,#2255,#2256,#2257));
#592=EDGE_LOOP('',(#2258));
#593=EDGE_LOOP('',(#2259,#2260,#2261,#2262));
#594=EDGE_LOOP('',(#2263,#2264,#2265,#2266,#2267,#2268,#2269,#2270,#2271,
#2272,#2273,#2274,#2275,#2276,#2277,#2278,#2279,#2280,#2281,#2282,#2283));
#595=EDGE_LOOP('',(#2284,#2285,#2286,#2287));
#596=EDGE_LOOP('',(#2288,#2289,#2290,#2291,#2292,#2293,#2294,#2295,#2296,
#2297,#2298,#2299,#2300,#2301,#2302,#2303,#2304));
#597=EDGE_LOOP('',(#2305,#2306,#2307,#2308,#2309,#2310,#2311,#2312,#2313,
#2314,#2315));
#598=EDGE_LOOP('',(#2316,#2317,#2318,#2319,#2320,#2321,#2322));
#599=EDGE_LOOP('',(#2323,#2324,#2325,#2326,#2327,#2328));
#600=EDGE_LOOP('',(#2329,#2330,#2331,#2332));
#601=EDGE_LOOP('',(#2333,#2334,#2335,#2336));
#602=EDGE_LOOP('',(#2337,#2338,#2339,#2340));
#603=EDGE_LOOP('',(#2341,#2342,#2343,#2344));
#604=EDGE_LOOP('',(#2345,#2346,#2347,#2348));
#605=EDGE_LOOP('',(#2349,#2350,#2351,#2352));
#606=EDGE_LOOP('',(#2353,#2354,#2355,#2356));
#607=EDGE_LOOP('',(#2357,#2358,#2359,#2360));
#608=EDGE_LOOP('',(#2361,#2362,#2363,#2364,#2365,#2366));
#609=EDGE_LOOP('',(#2367));
#610=EDGE_LOOP('',(#2368,#2369,#2370,#2371));
#611=EDGE_LOOP('',(#2372,#2373,#2374,#2375));
#612=EDGE_LOOP('',(#2376,#2377,#2378,#2379));
#613=EDGE_LOOP('',(#2380,#2381,#2382,#2383));
#614=EDGE_LOOP('',(#2384,#2385,#2386,#2387));
#615=EDGE_LOOP('',(#2388,#2389,#2390,#2391));
#616=EDGE_LOOP('',(#2392,#2393,#2394,#2395));
#617=EDGE_LOOP('',(#2396,#2397,#2398,#2399));
#618=EDGE_LOOP('',(#2400,#2401,#2402,#2403));
#619=EDGE_LOOP('',(#2404,#2405,#2406,#2407));
#620=EDGE_LOOP('',(#2408,#2409,#2410,#2411));
#621=EDGE_LOOP('',(#2412,#2413,#2414,#2415));
#622=EDGE_LOOP('',(#2416,#2417,#2418,#2419));
#623=EDGE_LOOP('',(#2420,#2421,#2422,#2423));
#624=EDGE_LOOP('',(#2424,#2425,#2426,#2427));
#625=EDGE_LOOP('',(#2428,#2429,#2430,#2431));
#626=EDGE_LOOP('',(#2432,#2433,#2434,#2435));
#627=EDGE_LOOP('',(#2436));
#628=EDGE_LOOP('',(#2437,#2438,#2439,#2440,#2441,#2442));
#629=EDGE_LOOP('',(#2443,#2444,#2445,#2446));
#630=EDGE_LOOP('',(#2447,#2448,#2449,#2450));
#631=EDGE_LOOP('',(#2451,#2452,#2453,#2454));
#632=EDGE_LOOP('',(#2455,#2456,#2457,#2458));
#633=EDGE_LOOP('',(#2459,#2460,#2461,#2462));
#634=EDGE_LOOP('',(#2463,#2464,#2465,#2466));
#635=EDGE_LOOP('',(#2467,#2468,#2469,#2470));
#636=EDGE_LOOP('',(#2471,#2472,#2473,#2474));
#637=EDGE_LOOP('',(#2475,#2476,#2477,#2478));
#638=EDGE_LOOP('',(#2479,#2480,#2481,#2482));
#639=EDGE_LOOP('',(#2483,#2484,#2485,#2486));
#640=EDGE_LOOP('',(#2487,#2488,#2489,#2490));
#641=EDGE_LOOP('',(#2491,#2492,#2493,#2494));
#642=EDGE_LOOP('',(#2495,#2496,#2497,#2498));
#643=EDGE_LOOP('',(#2499,#2500,#2501,#2502));
#644=EDGE_LOOP('',(#2503,#2504,#2505,#2506));
#645=EDGE_LOOP('',(#2507,#2508,#2509,#2510));
#646=EDGE_LOOP('',(#2511,#2512,#2513,#2514));
#647=EDGE_LOOP('',(#2515,#2516,#2517,#2518));
#648=EDGE_LOOP('',(#2519,#2520,#2521,#2522));
#649=EDGE_LOOP('',(#2523,#2524,#2525,#2526));
#650=EDGE_LOOP('',(#2527,#2528,#2529,#2530));
#651=EDGE_LOOP('',(#2531,#2532,#2533,#2534));
#652=EDGE_LOOP('',(#2535,#2536,#2537,#2538));
#653=EDGE_LOOP('',(#2539,#2540,#2541,#2542));
#654=EDGE_LOOP('',(#2543,#2544,#2545,#2546));
#655=EDGE_LOOP('',(#2547,#2548,#2549,#2550));
#656=EDGE_LOOP('',(#2551,#2552,#2553,#2554));
#657=EDGE_LOOP('',(#2555,#2556,#2557,#2558));
#658=EDGE_LOOP('',(#2559,#2560,#2561,#2562));
#659=EDGE_LOOP('',(#2563,#2564,#2565,#2566));
#660=EDGE_LOOP('',(#2567,#2568,#2569,#2570));
#661=EDGE_LOOP('',(#2571,#2572,#2573,#2574));
#662=EDGE_LOOP('',(#2575,#2576,#2577,#2578));
#663=EDGE_LOOP('',(#2579,#2580,#2581,#2582));
#664=EDGE_LOOP('',(#2583,#2584,#2585,#2586));
#665=EDGE_LOOP('',(#2587,#2588,#2589,#2590));
#666=EDGE_LOOP('',(#2591,#2592,#2593,#2594));
#667=EDGE_LOOP('',(#2595,#2596,#2597,#2598));
#668=EDGE_LOOP('',(#2599,#2600,#2601,#2602));
#669=EDGE_LOOP('',(#2603,#2604,#2605,#2606));
#670=EDGE_LOOP('',(#2607,#2608,#2609,#2610));
#671=EDGE_LOOP('',(#2611,#2612,#2613,#2614));
#672=EDGE_LOOP('',(#2615,#2616,#2617,#2618));
#673=EDGE_LOOP('',(#2619,#2620,#2621,#2622));
#674=EDGE_LOOP('',(#2623,#2624,#2625,#2626));
#675=EDGE_LOOP('',(#2627,#2628,#2629,#2630));
#676=EDGE_LOOP('',(#2631,#2632,#2633,#2634));
#677=EDGE_LOOP('',(#2635,#2636,#2637,#2638));
#678=EDGE_LOOP('',(#2639,#2640,#2641,#2642));
#679=EDGE_LOOP('',(#2643,#2644,#2645,#2646));
#680=EDGE_LOOP('',(#2647,#2648,#2649,#2650));
#681=EDGE_LOOP('',(#2651,#2652,#2653,#2654));
#682=EDGE_LOOP('',(#2655,#2656,#2657,#2658));
#683=EDGE_LOOP('',(#2659,#2660,#2661,#2662));
#684=EDGE_LOOP('',(#2663,#2664,#2665,#2666));
#685=EDGE_LOOP('',(#2667,#2668,#2669,#2670));
#686=EDGE_LOOP('',(#2671,#2672,#2673,#2674));
#687=EDGE_LOOP('',(#2675,#2676,#2677,#2678));
#688=EDGE_LOOP('',(#2679,#2680,#2681,#2682));
#689=EDGE_LOOP('',(#2683,#2684,#2685,#2686));
#690=EDGE_LOOP('',(#2687,#2688,#2689,#2690));
#691=EDGE_LOOP('',(#2691,#2692,#2693,#2694));
#692=EDGE_LOOP('',(#2695,#2696,#2697,#2698));
#693=EDGE_LOOP('',(#2699,#2700,#2701,#2702));
#694=EDGE_LOOP('',(#2703,#2704,#2705,#2706));
#695=EDGE_LOOP('',(#2707,#2708,#2709,#2710));
#696=EDGE_LOOP('',(#2711,#2712,#2713,#2714));
#697=EDGE_LOOP('',(#2715,#2716,#2717,#2718));
#698=EDGE_LOOP('',(#2719,#2720,#2721,#2722));
#699=EDGE_LOOP('',(#2723,#2724,#2725,#2726));
#700=EDGE_LOOP('',(#2727,#2728,#2729,#2730));
#701=EDGE_LOOP('',(#2731,#2732,#2733,#2734));
#702=EDGE_LOOP('',(#2735,#2736,#2737,#2738));
#703=EDGE_LOOP('',(#2739,#2740,#2741,#2742));
#704=EDGE_LOOP('',(#2743,#2744,#2745,#2746));
#705=EDGE_LOOP('',(#2747,#2748,#2749,#2750));
#706=EDGE_LOOP('',(#2751,#2752,#2753,#2754));
#707=EDGE_LOOP('',(#2755,#2756,#2757,#2758));
#708=EDGE_LOOP('',(#2759,#2760,#2761,#2762));
#709=EDGE_LOOP('',(#2763,#2764,#2765,#2766));
#710=EDGE_LOOP('',(#2767,#2768,#2769,#2770));
#711=EDGE_LOOP('',(#2771,#2772,#2773,#2774));
#712=EDGE_LOOP('',(#2775,#2776,#2777,#2778));
#713=EDGE_LOOP('',(#2779,#2780,#2781,#2782));
#714=EDGE_LOOP('',(#2783,#2784,#2785,#2786));
#715=EDGE_LOOP('',(#2787,#2788,#2789,#2790));
#716=EDGE_LOOP('',(#2791,#2792,#2793,#2794));
#717=EDGE_LOOP('',(#2795,#2796,#2797,#2798));
#718=EDGE_LOOP('',(#2799,#2800,#2801,#2802));
#719=EDGE_LOOP('',(#2803,#2804,#2805,#2806));
#720=EDGE_LOOP('',(#2807,#2808,#2809,#2810));
#721=EDGE_LOOP('',(#2811,#2812,#2813,#2814));
#722=EDGE_LOOP('',(#2815,#2816,#2817,#2818,#2819));
#723=EDGE_LOOP('',(#2820,#2821,#2822,#2823));
#724=EDGE_LOOP('',(#2824,#2825,#2826,#2827));
#725=EDGE_LOOP('',(#2828));
#726=EDGE_LOOP('',(#2829,#2830,#2831,#2832));
#727=EDGE_LOOP('',(#2833,#2834,#2835,#2836));
#728=EDGE_LOOP('',(#2837,#2838,#2839,#2840,#2841));
#729=EDGE_LOOP('',(#2842,#2843,#2844,#2845));
#730=EDGE_LOOP('',(#2846,#2847,#2848,#2849));
#731=EDGE_LOOP('',(#2850));
#732=EDGE_LOOP('',(#2851));
#733=EDGE_LOOP('',(#2852));
#734=EDGE_LOOP('',(#2853,#2854,#2855,#2856));
#735=EDGE_LOOP('',(#2857));
#736=EDGE_LOOP('',(#2858,#2859,#2860,#2861));
#737=EDGE_LOOP('',(#2862));
#738=EDGE_LOOP('',(#2863,#2864,#2865,#2866));
#739=EDGE_LOOP('',(#2867,#2868,#2869,#2870));
#740=EDGE_LOOP('',(#2871,#2872,#2873,#2874));
#741=EDGE_LOOP('',(#2875,#2876,#2877,#2878));
#742=EDGE_LOOP('',(#2879,#2880,#2881,#2882));
#743=EDGE_LOOP('',(#2883,#2884,#2885,#2886));
#744=EDGE_LOOP('',(#2887,#2888,#2889,#2890,#2891,#2892));
#745=EDGE_LOOP('',(#2893));
#746=EDGE_LOOP('',(#2894));
#747=EDGE_LOOP('',(#2895));
#748=EDGE_LOOP('',(#2896,#2897,#2898,#2899));
#749=EDGE_LOOP('',(#2900,#2901,#2902,#2903));
#750=EDGE_LOOP('',(#2904,#2905,#2906,#2907));
#751=EDGE_LOOP('',(#2908,#2909,#2910,#2911));
#752=EDGE_LOOP('',(#2912,#2913,#2914,#2915,#2916,#2917));
#753=EDGE_LOOP('',(#2918,#2919,#2920,#2921));
#754=EDGE_LOOP('',(#2922,#2923,#2924,#2925));
#755=EDGE_LOOP('',(#2926));
#756=EDGE_LOOP('',(#2927,#2928,#2929,#2930));
#757=EDGE_LOOP('',(#2931,#2932,#2933,#2934));
#758=EDGE_LOOP('',(#2935,#2936,#2937,#2938));
#759=EDGE_LOOP('',(#2939,#2940,#2941,#2942));
#760=EDGE_LOOP('',(#2943,#2944,#2945,#2946));
#761=EDGE_LOOP('',(#2947,#2948,#2949,#2950));
#762=EDGE_LOOP('',(#2951,#2952,#2953,#2954,#2955,#2956,#2957,#2958));
#763=EDGE_LOOP('',(#2959,#2960,#2961,#2962,#2963,#2964,#2965,#2966));
#764=EDGE_LOOP('',(#2967,#2968,#2969,#2970,#2971,#2972,#2973,#2974));
#765=EDGE_LOOP('',(#2975,#2976,#2977,#2978,#2979,#2980,#2981,#2982));
#766=EDGE_LOOP('',(#2983,#2984,#2985,#2986,#2987,#2988,#2989,#2990));
#767=EDGE_LOOP('',(#2991,#2992,#2993,#2994,#2995,#2996,#2997,#2998));
#768=EDGE_LOOP('',(#2999,#3000,#3001,#3002,#3003,#3004,#3005,#3006));
#769=EDGE_LOOP('',(#3007,#3008,#3009,#3010,#3011,#3012,#3013,#3014));
#770=EDGE_LOOP('',(#3015,#3016,#3017,#3018));
#771=EDGE_LOOP('',(#3019));
#772=EDGE_LOOP('',(#3020,#3021,#3022,#3023));
#773=EDGE_LOOP('',(#3024,#3025,#3026,#3027,#3028,#3029,#3030,#3031));
#774=EDGE_LOOP('',(#3032,#3033,#3034,#3035,#3036,#3037,#3038,#3039));
#775=EDGE_LOOP('',(#3040,#3041,#3042,#3043,#3044,#3045,#3046,#3047));
#776=EDGE_LOOP('',(#3048,#3049,#3050,#3051,#3052,#3053,#3054,#3055));
#777=EDGE_LOOP('',(#3056,#3057,#3058,#3059,#3060,#3061,#3062,#3063));
#778=EDGE_LOOP('',(#3064,#3065,#3066,#3067,#3068,#3069,#3070,#3071));
#779=EDGE_LOOP('',(#3072,#3073,#3074,#3075,#3076,#3077,#3078,#3079));
#780=EDGE_LOOP('',(#3080,#3081,#3082,#3083,#3084,#3085,#3086,#3087));
#781=EDGE_LOOP('',(#3088,#3089,#3090,#3091));
#782=EDGE_LOOP('',(#3092));
#783=EDGE_LOOP('',(#3093,#3094,#3095,#3096));
#784=EDGE_LOOP('',(#3097,#3098,#3099,#3100));
#785=EDGE_LOOP('',(#3101,#3102,#3103,#3104,#3105,#3106));
#786=EDGE_LOOP('',(#3107,#3108,#3109,#3110));
#787=EDGE_LOOP('',(#3111));
#788=EDGE_LOOP('',(#3112));
#789=EDGE_LOOP('',(#3113,#3114,#3115,#3116));
#790=EDGE_LOOP('',(#3117,#3118,#3119,#3120));
#791=EDGE_LOOP('',(#3121,#3122,#3123,#3124));
#792=EDGE_LOOP('',(#3125,#3126,#3127,#3128,#3129,#3130));
#793=EDGE_LOOP('',(#3131,#3132,#3133,#3134));
#794=EDGE_LOOP('',(#3135,#3136,#3137,#3138));
#795=EDGE_LOOP('',(#3139,#3140,#3141,#3142));
#796=EDGE_LOOP('',(#3143));
#797=EDGE_LOOP('',(#3144));
#798=EDGE_LOOP('',(#3145,#3146,#3147,#3148));
#799=EDGE_LOOP('',(#3149,#3150,#3151,#3152,#3153,#3154));
#800=EDGE_LOOP('',(#3155,#3156,#3157,#3158));
#801=EDGE_LOOP('',(#3159));
#802=EDGE_LOOP('',(#3160));
#803=EDGE_LOOP('',(#3161,#3162,#3163,#3164));
#804=EDGE_LOOP('',(#3165,#3166,#3167,#3168));
#805=EDGE_LOOP('',(#3169,#3170,#3171,#3172));
#806=EDGE_LOOP('',(#3173,#3174,#3175,#3176));
#807=EDGE_LOOP('',(#3177,#3178,#3179,#3180,#3181,#3182));
#808=EDGE_LOOP('',(#3183,#3184,#3185,#3186));
#809=EDGE_LOOP('',(#3187,#3188,#3189,#3190));
#810=EDGE_LOOP('',(#3191));
#811=EDGE_LOOP('',(#3192));
#812=LINE('',#4585,#1081);
#813=LINE('',#4587,#1082);
#814=LINE('',#4589,#1083);
#815=LINE('',#4590,#1084);
#816=LINE('',#4595,#1085);
#817=LINE('',#4597,#1086);
#818=LINE('',#4599,#1087);
#819=LINE('',#4601,#1088);
#820=LINE('',#4603,#1089);
#821=LINE('',#4605,#1090);
#822=LINE('',#4609,#1091);
#823=LINE('',#4611,#1092);
#824=LINE('',#4612,#1093);
#825=LINE('',#4615,#1094);
#826=LINE('',#4617,#1095);
#827=LINE('',#4618,#1096);
#828=LINE('',#4622,#1097);
#829=LINE('',#4646,#1098);
#830=LINE('',#4699,#1099);
#831=LINE('',#4704,#1100);
#832=LINE('',#4710,#1101);
#833=LINE('',#4711,#1102);
#834=LINE('',#4714,#1103);
#835=LINE('',#4715,#1104);
#836=LINE('',#4718,#1105);
#837=LINE('',#4719,#1106);
#838=LINE('',#4722,#1107);
#839=LINE('',#4723,#1108);
#840=LINE('',#4725,#1109);
#841=LINE('',#5243,#1110);
#842=LINE('',#5245,#1111);
#843=LINE('',#5246,#1112);
#844=LINE('',#5248,#1113);
#845=LINE('',#5249,#1114);
#846=LINE('',#5251,#1115);
#847=LINE('',#6209,#1116);
#848=LINE('',#6211,#1117);
#849=LINE('',#6213,#1118);
#850=LINE('',#6214,#1119);
#851=LINE('',#6217,#1120);
#852=LINE('',#6219,#1121);
#853=LINE('',#6220,#1122);
#854=LINE('',#6223,#1123);
#855=LINE('',#6227,#1124);
#856=LINE('',#6235,#1125);
#857=LINE('',#6238,#1126);
#858=LINE('',#6243,#1127);
#859=LINE('',#6246,#1128);
#860=LINE('',#6251,#1129);
#861=LINE('',#6254,#1130);
#862=LINE('',#6259,#1131);
#863=LINE('',#6262,#1132);
#864=LINE('',#6267,#1133);
#865=LINE('',#6270,#1134);
#866=LINE('',#6273,#1135);
#867=LINE('',#6277,#1136);
#868=LINE('',#6281,#1137);
#869=LINE('',#6285,#1138);
#870=LINE('',#6289,#1139);
#871=LINE('',#6293,#1140);
#872=LINE('',#6297,#1141);
#873=LINE('',#6301,#1142);
#874=LINE('',#6305,#1143);
#875=LINE('',#6309,#1144);
#876=LINE('',#6313,#1145);
#877=LINE('',#6317,#1146);
#878=LINE('',#6321,#1147);
#879=LINE('',#6325,#1148);
#880=LINE('',#6329,#1149);
#881=LINE('',#6333,#1150);
#882=LINE('',#6337,#1151);
#883=LINE('',#6341,#1152);
#884=LINE('',#6345,#1153);
#885=LINE('',#6349,#1154);
#886=LINE('',#6353,#1155);
#887=LINE('',#6357,#1156);
#888=LINE('',#6362,#1157);
#889=LINE('',#6368,#1158);
#890=LINE('',#6371,#1159);
#891=LINE('',#6374,#1160);
#892=LINE('',#6378,#1161);
#893=LINE('',#6382,#1162);
#894=LINE('',#6386,#1163);
#895=LINE('',#6390,#1164);
#896=LINE('',#6394,#1165);
#897=LINE('',#6398,#1166);
#898=LINE('',#6402,#1167);
#899=LINE('',#6406,#1168);
#900=LINE('',#6410,#1169);
#901=LINE('',#6414,#1170);
#902=LINE('',#6418,#1171);
#903=LINE('',#6422,#1172);
#904=LINE('',#6426,#1173);
#905=LINE('',#6430,#1174);
#906=LINE('',#6434,#1175);
#907=LINE('',#6438,#1176);
#908=LINE('',#6442,#1177);
#909=LINE('',#6446,#1178);
#910=LINE('',#6450,#1179);
#911=LINE('',#6454,#1180);
#912=LINE('',#6458,#1181);
#913=LINE('',#6464,#1182);
#914=LINE('',#6467,#1183);
#915=LINE('',#6472,#1184);
#916=LINE('',#6475,#1185);
#917=LINE('',#6480,#1186);
#918=LINE('',#6483,#1187);
#919=LINE('',#6488,#1188);
#920=LINE('',#6491,#1189);
#921=LINE('',#6496,#1190);
#922=LINE('',#6499,#1191);
#923=LINE('',#6501,#1192);
#924=LINE('',#6502,#1193);
#925=LINE('',#6504,#1194);
#926=LINE('',#6506,#1195);
#927=LINE('',#6509,#1196);
#928=LINE('',#6510,#1197);
#929=LINE('',#6512,#1198);
#930=LINE('',#6514,#1199);
#931=LINE('',#6517,#1200);
#932=LINE('',#6518,#1201);
#933=LINE('',#6520,#1202);
#934=LINE('',#6522,#1203);
#935=LINE('',#6525,#1204);
#936=LINE('',#6526,#1205);
#937=LINE('',#6528,#1206);
#938=LINE('',#6530,#1207);
#939=LINE('',#6533,#1208);
#940=LINE('',#6534,#1209);
#941=LINE('',#6536,#1210);
#942=LINE('',#6538,#1211);
#943=LINE('',#6541,#1212);
#944=LINE('',#6542,#1213);
#945=LINE('',#6544,#1214);
#946=LINE('',#6546,#1215);
#947=LINE('',#6549,#1216);
#948=LINE('',#6550,#1217);
#949=LINE('',#6552,#1218);
#950=LINE('',#6554,#1219);
#951=LINE('',#6557,#1220);
#952=LINE('',#6558,#1221);
#953=LINE('',#6560,#1222);
#954=LINE('',#6562,#1223);
#955=LINE('',#6565,#1224);
#956=LINE('',#6566,#1225);
#957=LINE('',#6568,#1226);
#958=LINE('',#6570,#1227);
#959=LINE('',#6573,#1228);
#960=LINE('',#6574,#1229);
#961=LINE('',#6576,#1230);
#962=LINE('',#6578,#1231);
#963=LINE('',#6581,#1232);
#964=LINE('',#6582,#1233);
#965=LINE('',#6584,#1234);
#966=LINE('',#6586,#1235);
#967=LINE('',#6589,#1236);
#968=LINE('',#6590,#1237);
#969=LINE('',#6592,#1238);
#970=LINE('',#6594,#1239);
#971=LINE('',#6597,#1240);
#972=LINE('',#6598,#1241);
#973=LINE('',#6600,#1242);
#974=LINE('',#6602,#1243);
#975=LINE('',#6605,#1244);
#976=LINE('',#6606,#1245);
#977=LINE('',#6608,#1246);
#978=LINE('',#6610,#1247);
#979=LINE('',#6613,#1248);
#980=LINE('',#6614,#1249);
#981=LINE('',#6616,#1250);
#982=LINE('',#6618,#1251);
#983=LINE('',#6621,#1252);
#984=LINE('',#6622,#1253);
#985=LINE('',#6624,#1254);
#986=LINE('',#6626,#1255);
#987=LINE('',#6629,#1256);
#988=LINE('',#6631,#1257);
#989=LINE('',#6632,#1258);
#990=LINE('',#6638,#1259);
#991=LINE('',#6640,#1260);
#992=LINE('',#6642,#1261);
#993=LINE('',#6643,#1262);
#994=LINE('',#6649,#1263);
#995=LINE('',#6654,#1264);
#996=LINE('',#6657,#1265);
#997=LINE('',#6658,#1266);
#998=LINE('',#6662,#1267);
#999=LINE('',#6664,#1268);
#1000=LINE('',#6666,#1269);
#1001=LINE('',#6667,#1270);
#1002=LINE('',#6672,#1271);
#1003=LINE('',#6676,#1272);
#1004=LINE('',#6678,#1273);
#1005=LINE('',#6679,#1274);
#1006=LINE('',#6686,#1275);
#1007=LINE('',#6688,#1276);
#1008=LINE('',#6690,#1277);
#1009=LINE('',#6691,#1278);
#1010=LINE('',#6694,#1279);
#1011=LINE('',#6696,#1280);
#1012=LINE('',#6698,#1281);
#1013=LINE('',#6699,#1282);
#1014=LINE('',#6704,#1283);
#1015=LINE('',#6705,#1284);
#1016=LINE('',#6708,#1285);
#1017=LINE('',#6709,#1286);
#1018=LINE('',#6712,#1287);
#1019=LINE('',#6713,#1288);
#1020=LINE('',#6723,#1289);
#1021=LINE('',#6728,#1290);
#1022=LINE('',#6731,#1291);
#1023=LINE('',#6733,#1292);
#1024=LINE('',#6738,#1293);
#1025=LINE('',#6740,#1294);
#1026=LINE('',#6742,#1295);
#1027=LINE('',#6743,#1296);
#1028=LINE('',#6749,#1297);
#1029=LINE('',#6755,#1298);
#1030=LINE('',#6759,#1299);
#1031=LINE('',#6761,#1300);
#1032=LINE('',#6765,#1301);
#1033=LINE('',#6768,#1302);
#1034=LINE('',#6775,#1303);
#1035=LINE('',#6777,#1304);
#1036=LINE('',#6781,#1305);
#1037=LINE('',#6782,#1306);
#1038=LINE('',#6783,#1307);
#1039=LINE('',#6786,#1308);
#1040=LINE('',#6787,#1309);
#1041=LINE('',#6790,#1310);
#1042=LINE('',#6794,#1311);
#1043=LINE('',#6799,#1312);
#1044=LINE('',#6804,#1313);
#1045=LINE('',#6808,#1314);
#1046=LINE('',#6810,#1315);
#1047=LINE('',#6812,#1316);
#1048=LINE('',#6814,#1317);
#1049=LINE('',#9657,#1318);
#1050=LINE('',#9660,#1319);
#1051=LINE('',#9663,#1320);
#1052=LINE('',#9667,#1321);
#1053=LINE('',#9669,#1322);
#1054=LINE('',#9670,#1323);
#1055=LINE('',#9673,#1324);
#1056=LINE('',#9674,#1325);
#1057=LINE('',#9682,#1326);
#1058=LINE('',#9685,#1327);
#1059=LINE('',#9689,#1328);
#1060=LINE('',#9693,#1329);
#1061=LINE('',#9695,#1330);
#1062=LINE('',#9696,#1331);
#1063=LINE('',#9698,#1332);
#1064=LINE('',#9700,#1333);
#1065=LINE('',#9707,#1334);
#1066=LINE('',#9710,#1335);
#1067=LINE('',#9713,#1336);
#1068=LINE('',#9717,#1337);
#1069=LINE('',#9719,#1338);
#1070=LINE('',#9720,#1339);
#1071=LINE('',#9723,#1340);
#1072=LINE('',#9724,#1341);
#1073=LINE('',#9732,#1342);
#1074=LINE('',#9735,#1343);
#1075=LINE('',#9739,#1344);
#1076=LINE('',#9743,#1345);
#1077=LINE('',#9744,#1346);
#1078=LINE('',#9747,#1347);
#1079=LINE('',#9748,#1348);
#1080=LINE('',#9750,#1349);
#1081=VECTOR('',#3748,10.);
#1082=VECTOR('',#3749,10.);
#1083=VECTOR('',#3750,10.);
#1084=VECTOR('',#3751,10.);
#1085=VECTOR('',#3756,10.);
#1086=VECTOR('',#3757,10.);
#1087=VECTOR('',#3758,10.);
#1088=VECTOR('',#3759,10.);
#1089=VECTOR('',#3760,10.);
#1090=VECTOR('',#3761,10.);
#1091=VECTOR('',#3764,10.);
#1092=VECTOR('',#3765,10.);
#1093=VECTOR('',#3766,10.);
#1094=VECTOR('',#3769,10.);
#1095=VECTOR('',#3770,10.);
#1096=VECTOR('',#3771,10.);
#1097=VECTOR('',#3776,10.);
#1098=VECTOR('',#3791,2.5);
#1099=VECTOR('',#3794,1.5);
#1100=VECTOR('',#3799,1.5);
#1101=VECTOR('',#3806,10.);
#1102=VECTOR('',#3807,10.);
#1103=VECTOR('',#3810,10.);
#1104=VECTOR('',#3811,10.);
#1105=VECTOR('',#3814,10.);
#1106=VECTOR('',#3815,10.);
#1107=VECTOR('',#3818,10.);
#1108=VECTOR('',#3819,10.);
#1109=VECTOR('',#3822,10.);
#1110=VECTOR('',#3827,10.);
#1111=VECTOR('',#3828,10.);
#1112=VECTOR('',#3829,10.);
#1113=VECTOR('',#3832,10.);
#1114=VECTOR('',#3833,10.);
#1115=VECTOR('',#3836,10.);
#1116=VECTOR('',#3841,10.);
#1117=VECTOR('',#3842,10.);
#1118=VECTOR('',#3843,10.);
#1119=VECTOR('',#3844,10.);
#1120=VECTOR('',#3847,10.);
#1121=VECTOR('',#3848,10.);
#1122=VECTOR('',#3849,10.);
#1123=VECTOR('',#3852,10.);
#1124=VECTOR('',#3855,10.);
#1125=VECTOR('',#3862,10.);
#1126=VECTOR('',#3865,10.);
#1127=VECTOR('',#3868,10.);
#1128=VECTOR('',#3871,10.);
#1129=VECTOR('',#3874,10.);
#1130=VECTOR('',#3877,10.);
#1131=VECTOR('',#3880,10.);
#1132=VECTOR('',#3883,10.);
#1133=VECTOR('',#3886,10.);
#1134=VECTOR('',#3889,10.);
#1135=VECTOR('',#3890,10.);
#1136=VECTOR('',#3893,10.);
#1137=VECTOR('',#3896,10.);
#1138=VECTOR('',#3899,10.);
#1139=VECTOR('',#3902,10.);
#1140=VECTOR('',#3905,10.);
#1141=VECTOR('',#3908,10.);
#1142=VECTOR('',#3911,10.);
#1143=VECTOR('',#3914,10.);
#1144=VECTOR('',#3917,10.);
#1145=VECTOR('',#3920,10.);
#1146=VECTOR('',#3923,10.);
#1147=VECTOR('',#3926,10.);
#1148=VECTOR('',#3929,10.);
#1149=VECTOR('',#3932,10.);
#1150=VECTOR('',#3935,10.);
#1151=VECTOR('',#3938,10.);
#1152=VECTOR('',#3941,10.);
#1153=VECTOR('',#3944,10.);
#1154=VECTOR('',#3947,10.);
#1155=VECTOR('',#3950,10.);
#1156=VECTOR('',#3953,10.);
#1157=VECTOR('',#3960,2.5);
#1158=VECTOR('',#3967,10.);
#1159=VECTOR('',#3970,10.);
#1160=VECTOR('',#3971,10.);
#1161=VECTOR('',#3974,10.);
#1162=VECTOR('',#3977,10.);
#1163=VECTOR('',#3980,10.);
#1164=VECTOR('',#3983,10.);
#1165=VECTOR('',#3986,10.);
#1166=VECTOR('',#3989,10.);
#1167=VECTOR('',#3992,10.);
#1168=VECTOR('',#3995,10.);
#1169=VECTOR('',#3998,10.);
#1170=VECTOR('',#4001,10.);
#1171=VECTOR('',#4004,10.);
#1172=VECTOR('',#4007,10.);
#1173=VECTOR('',#4010,10.);
#1174=VECTOR('',#4013,10.);
#1175=VECTOR('',#4016,10.);
#1176=VECTOR('',#4019,10.);
#1177=VECTOR('',#4022,10.);
#1178=VECTOR('',#4025,10.);
#1179=VECTOR('',#4028,10.);
#1180=VECTOR('',#4031,10.);
#1181=VECTOR('',#4034,10.);
#1182=VECTOR('',#4039,10.);
#1183=VECTOR('',#4042,10.);
#1184=VECTOR('',#4045,10.);
#1185=VECTOR('',#4048,10.);
#1186=VECTOR('',#4051,10.);
#1187=VECTOR('',#4054,10.);
#1188=VECTOR('',#4057,10.);
#1189=VECTOR('',#4060,10.);
#1190=VECTOR('',#4063,10.);
#1191=VECTOR('',#4066,10.);
#1192=VECTOR('',#4069,10.);
#1193=VECTOR('',#4070,10.);
#1194=VECTOR('',#4073,10.);
#1195=VECTOR('',#4076,10.);
#1196=VECTOR('',#4081,10.);
#1197=VECTOR('',#4082,10.);
#1198=VECTOR('',#4085,10.);
#1199=VECTOR('',#4088,10.);
#1200=VECTOR('',#4093,10.);
#1201=VECTOR('',#4094,10.);
#1202=VECTOR('',#4097,10.);
#1203=VECTOR('',#4100,10.);
#1204=VECTOR('',#4105,10.);
#1205=VECTOR('',#4106,10.);
#1206=VECTOR('',#4109,10.);
#1207=VECTOR('',#4112,10.);
#1208=VECTOR('',#4117,10.);
#1209=VECTOR('',#4118,10.);
#1210=VECTOR('',#4121,10.);
#1211=VECTOR('',#4124,10.);
#1212=VECTOR('',#4129,10.);
#1213=VECTOR('',#4130,10.);
#1214=VECTOR('',#4133,10.);
#1215=VECTOR('',#4136,10.);
#1216=VECTOR('',#4141,10.);
#1217=VECTOR('',#4142,10.);
#1218=VECTOR('',#4145,10.);
#1219=VECTOR('',#4148,10.);
#1220=VECTOR('',#4153,10.);
#1221=VECTOR('',#4154,10.);
#1222=VECTOR('',#4157,10.);
#1223=VECTOR('',#4160,10.);
#1224=VECTOR('',#4165,10.);
#1225=VECTOR('',#4166,10.);
#1226=VECTOR('',#4169,10.);
#1227=VECTOR('',#4172,10.);
#1228=VECTOR('',#4177,10.);
#1229=VECTOR('',#4178,10.);
#1230=VECTOR('',#4181,10.);
#1231=VECTOR('',#4184,10.);
#1232=VECTOR('',#4189,10.);
#1233=VECTOR('',#4190,10.);
#1234=VECTOR('',#4193,10.);
#1235=VECTOR('',#4196,10.);
#1236=VECTOR('',#4201,10.);
#1237=VECTOR('',#4202,10.);
#1238=VECTOR('',#4205,10.);
#1239=VECTOR('',#4208,10.);
#1240=VECTOR('',#4213,10.);
#1241=VECTOR('',#4214,10.);
#1242=VECTOR('',#4217,10.);
#1243=VECTOR('',#4220,10.);
#1244=VECTOR('',#4225,10.);
#1245=VECTOR('',#4226,10.);
#1246=VECTOR('',#4229,10.);
#1247=VECTOR('',#4232,10.);
#1248=VECTOR('',#4237,10.);
#1249=VECTOR('',#4238,10.);
#1250=VECTOR('',#4241,10.);
#1251=VECTOR('',#4244,10.);
#1252=VECTOR('',#4249,10.);
#1253=VECTOR('',#4250,10.);
#1254=VECTOR('',#4253,10.);
#1255=VECTOR('',#4256,10.);
#1256=VECTOR('',#4261,10.);
#1257=VECTOR('',#4264,10.);
#1258=VECTOR('',#4265,10.);
#1259=VECTOR('',#4272,10.);
#1260=VECTOR('',#4273,10.);
#1261=VECTOR('',#4274,10.);
#1262=VECTOR('',#4275,10.);
#1263=VECTOR('',#4282,10.);
#1264=VECTOR('',#4287,10.);
#1265=VECTOR('',#4292,10.);
#1266=VECTOR('',#4293,10.);
#1267=VECTOR('',#4296,10.);
#1268=VECTOR('',#4297,10.);
#1269=VECTOR('',#4298,10.);
#1270=VECTOR('',#4299,10.);
#1271=VECTOR('',#4304,10.);
#1272=VECTOR('',#4309,10.);
#1273=VECTOR('',#4310,10.);
#1274=VECTOR('',#4311,10.);
#1275=VECTOR('',#4320,10.);
#1276=VECTOR('',#4321,10.);
#1277=VECTOR('',#4322,10.);
#1278=VECTOR('',#4323,10.);
#1279=VECTOR('',#4326,10.);
#1280=VECTOR('',#4327,10.);
#1281=VECTOR('',#4328,10.);
#1282=VECTOR('',#4329,10.);
#1283=VECTOR('',#4334,10.);
#1284=VECTOR('',#4335,10.);
#1285=VECTOR('',#4338,10.);
#1286=VECTOR('',#4339,10.);
#1287=VECTOR('',#4342,10.);
#1288=VECTOR('',#4343,10.);
#1289=VECTOR('',#4354,2.5);
#1290=VECTOR('',#4361,2.5);
#1291=VECTOR('',#4366,1.5);
#1292=VECTOR('',#4369,10.);
#1293=VECTOR('',#4374,10.);
#1294=VECTOR('',#4375,10.);
#1295=VECTOR('',#4376,10.);
#1296=VECTOR('',#4377,10.);
#1297=VECTOR('',#4384,10.);
#1298=VECTOR('',#4391,10.);
#1299=VECTOR('',#4394,10.);
#1300=VECTOR('',#4395,10.);
#1301=VECTOR('',#4398,10.);
#1302=VECTOR('',#4401,10.);
#1303=VECTOR('',#4408,10.);
#1304=VECTOR('',#4411,10.);
#1305=VECTOR('',#4414,10.);
#1306=VECTOR('',#4415,10.);
#1307=VECTOR('',#4416,10.);
#1308=VECTOR('',#4419,10.);
#1309=VECTOR('',#4420,10.);
#1310=VECTOR('',#4423,10.);
#1311=VECTOR('',#4426,10.);
#1312=VECTOR('',#4433,2.5);
#1313=VECTOR('',#4440,2.00000000000003);
#1314=VECTOR('',#4445,2.00000000000003);
#1315=VECTOR('',#4448,10.);
#1316=VECTOR('',#4451,10.);
#1317=VECTOR('',#4454,10.);
#1318=VECTOR('',#4481,10.);
#1319=VECTOR('',#4484,10.);
#1320=VECTOR('',#4487,10.);
#1321=VECTOR('',#4490,10.);
#1322=VECTOR('',#4491,10.);
#1323=VECTOR('',#4492,10.);
#1324=VECTOR('',#4495,10.);
#1325=VECTOR('',#4496,10.);
#1326=VECTOR('',#4505,10.);
#1327=VECTOR('',#4508,2.7);
#1328=VECTOR('',#4513,2.7);
#1329=VECTOR('',#4518,10.);
#1330=VECTOR('',#4519,10.);
#1331=VECTOR('',#4520,10.);
#1332=VECTOR('',#4523,10.);
#1333=VECTOR('',#4526,10.);
#1334=VECTOR('',#4533,10.);
#1335=VECTOR('',#4536,10.);
#1336=VECTOR('',#4539,10.);
#1337=VECTOR('',#4542,10.);
#1338=VECTOR('',#4543,10.);
#1339=VECTOR('',#4544,10.);
#1340=VECTOR('',#4547,10.);
#1341=VECTOR('',#4548,10.);
#1342=VECTOR('',#4557,10.);
#1343=VECTOR('',#4560,2.7);
#1344=VECTOR('',#4565,2.7);
#1345=VECTOR('',#4570,10.);
#1346=VECTOR('',#4571,10.);
#1347=VECTOR('',#4574,10.);
#1348=VECTOR('',#4575,10.);
#1349=VECTOR('',#4578,10.);
#1350=VERTEX_POINT('',#4583);
#1351=VERTEX_POINT('',#4584);
#1352=VERTEX_POINT('',#4586);
#1353=VERTEX_POINT('',#4588);
#1354=VERTEX_POINT('',#4591);
#1355=VERTEX_POINT('',#4594);
#1356=VERTEX_POINT('',#4596);
#1357=VERTEX_POINT('',#4598);
#1358=VERTEX_POINT('',#4600);
#1359=VERTEX_POINT('',#4602);
#1360=VERTEX_POINT('',#4604);
#1361=VERTEX_POINT('',#4606);
#1362=VERTEX_POINT('',#4608);
#1363=VERTEX_POINT('',#4610);
#1364=VERTEX_POINT('',#4614);
#1365=VERTEX_POINT('',#4616);
#1366=VERTEX_POINT('',#4619);
#1367=VERTEX_POINT('',#4624);
#1368=VERTEX_POINT('',#4625);
#1369=VERTEX_POINT('',#4627);
#1370=VERTEX_POINT('',#4629);
#1371=VERTEX_POINT('',#4631);
#1372=VERTEX_POINT('',#4645);
#1373=VERTEX_POINT('',#4647);
#1374=VERTEX_POINT('',#4701);
#1375=VERTEX_POINT('',#4703);
#1376=VERTEX_POINT('',#4707);
#1377=VERTEX_POINT('',#4708);
#1378=VERTEX_POINT('',#4713);
#1379=VERTEX_POINT('',#4717);
#1380=VERTEX_POINT('',#4721);
#1381=VERTEX_POINT('',#4918);
#1382=VERTEX_POINT('',#4920);
#1383=VERTEX_POINT('',#4926);
#1384=VERTEX_POINT('',#4931);
#1385=VERTEX_POINT('',#4936);
#1386=VERTEX_POINT('',#4941);
#1387=VERTEX_POINT('',#4949);
#1388=VERTEX_POINT('',#4954);
#1389=VERTEX_POINT('',#4959);
#1390=VERTEX_POINT('',#4964);
#1391=VERTEX_POINT('',#4972);
#1392=VERTEX_POINT('',#4977);
#1393=VERTEX_POINT('',#4982);
#1394=VERTEX_POINT('',#4987);
#1395=VERTEX_POINT('',#4995);
#1396=VERTEX_POINT('',#5000);
#1397=VERTEX_POINT('',#5005);
#1398=VERTEX_POINT('',#5185);
#1399=VERTEX_POINT('',#5186);
#1400=VERTEX_POINT('',#5200);
#1401=VERTEX_POINT('',#5214);
#1402=VERTEX_POINT('',#5242);
#1403=VERTEX_POINT('',#5244);
#1404=VERTEX_POINT('',#5422);
#1405=VERTEX_POINT('',#5436);
#1406=VERTEX_POINT('',#5632);
#1407=VERTEX_POINT('',#5828);
#1408=VERTEX_POINT('',#6207);
#1409=VERTEX_POINT('',#6208);
#1410=VERTEX_POINT('',#6210);
#1411=VERTEX_POINT('',#6212);
#1412=VERTEX_POINT('',#6216);
#1413=VERTEX_POINT('',#6218);
#1414=VERTEX_POINT('',#6222);
#1415=VERTEX_POINT('',#6224);
#1416=VERTEX_POINT('',#6226);
#1417=VERTEX_POINT('',#6229);
#1418=VERTEX_POINT('',#6231);
#1419=VERTEX_POINT('',#6232);
#1420=VERTEX_POINT('',#6234);
#1421=VERTEX_POINT('',#6236);
#1422=VERTEX_POINT('',#6239);
#1423=VERTEX_POINT('',#6240);
#1424=VERTEX_POINT('',#6242);
#1425=VERTEX_POINT('',#6244);
#1426=VERTEX_POINT('',#6247);
#1427=VERTEX_POINT('',#6248);
#1428=VERTEX_POINT('',#6250);
#1429=VERTEX_POINT('',#6252);
#1430=VERTEX_POINT('',#6255);
#1431=VERTEX_POINT('',#6256);
#1432=VERTEX_POINT('',#6258);
#1433=VERTEX_POINT('',#6260);
#1434=VERTEX_POINT('',#6263);
#1435=VERTEX_POINT('',#6264);
#1436=VERTEX_POINT('',#6266);
#1437=VERTEX_POINT('',#6268);
#1438=VERTEX_POINT('',#6271);
#1439=VERTEX_POINT('',#6272);
#1440=VERTEX_POINT('',#6274);
#1441=VERTEX_POINT('',#6276);
#1442=VERTEX_POINT('',#6279);
#1443=VERTEX_POINT('',#6280);
#1444=VERTEX_POINT('',#6282);
#1445=VERTEX_POINT('',#6284);
#1446=VERTEX_POINT('',#6287);
#1447=VERTEX_POINT('',#6288);
#1448=VERTEX_POINT('',#6290);
#1449=VERTEX_POINT('',#6292);
#1450=VERTEX_POINT('',#6295);
#1451=VERTEX_POINT('',#6296);
#1452=VERTEX_POINT('',#6298);
#1453=VERTEX_POINT('',#6300);
#1454=VERTEX_POINT('',#6303);
#1455=VERTEX_POINT('',#6304);
#1456=VERTEX_POINT('',#6306);
#1457=VERTEX_POINT('',#6308);
#1458=VERTEX_POINT('',#6311);
#1459=VERTEX_POINT('',#6312);
#1460=VERTEX_POINT('',#6314);
#1461=VERTEX_POINT('',#6316);
#1462=VERTEX_POINT('',#6319);
#1463=VERTEX_POINT('',#6320);
#1464=VERTEX_POINT('',#6322);
#1465=VERTEX_POINT('',#6324);
#1466=VERTEX_POINT('',#6327);
#1467=VERTEX_POINT('',#6328);
#1468=VERTEX_POINT('',#6330);
#1469=VERTEX_POINT('',#6332);
#1470=VERTEX_POINT('',#6335);
#1471=VERTEX_POINT('',#6336);
#1472=VERTEX_POINT('',#6338);
#1473=VERTEX_POINT('',#6340);
#1474=VERTEX_POINT('',#6343);
#1475=VERTEX_POINT('',#6344);
#1476=VERTEX_POINT('',#6346);
#1477=VERTEX_POINT('',#6348);
#1478=VERTEX_POINT('',#6351);
#1479=VERTEX_POINT('',#6352);
#1480=VERTEX_POINT('',#6354);
#1481=VERTEX_POINT('',#6356);
#1482=VERTEX_POINT('',#6360);
#1483=VERTEX_POINT('',#6365);
#1484=VERTEX_POINT('',#6367);
#1485=VERTEX_POINT('',#6369);
#1486=VERTEX_POINT('',#6372);
#1487=VERTEX_POINT('',#6373);
#1488=VERTEX_POINT('',#6375);
#1489=VERTEX_POINT('',#6377);
#1490=VERTEX_POINT('',#6380);
#1491=VERTEX_POINT('',#6381);
#1492=VERTEX_POINT('',#6383);
#1493=VERTEX_POINT('',#6385);
#1494=VERTEX_POINT('',#6388);
#1495=VERTEX_POINT('',#6389);
#1496=VERTEX_POINT('',#6391);
#1497=VERTEX_POINT('',#6393);
#1498=VERTEX_POINT('',#6396);
#1499=VERTEX_POINT('',#6397);
#1500=VERTEX_POINT('',#6399);
#1501=VERTEX_POINT('',#6401);
#1502=VERTEX_POINT('',#6404);
#1503=VERTEX_POINT('',#6405);
#1504=VERTEX_POINT('',#6407);
#1505=VERTEX_POINT('',#6409);
#1506=VERTEX_POINT('',#6412);
#1507=VERTEX_POINT('',#6413);
#1508=VERTEX_POINT('',#6415);
#1509=VERTEX_POINT('',#6417);
#1510=VERTEX_POINT('',#6420);
#1511=VERTEX_POINT('',#6421);
#1512=VERTEX_POINT('',#6423);
#1513=VERTEX_POINT('',#6425);
#1514=VERTEX_POINT('',#6428);
#1515=VERTEX_POINT('',#6429);
#1516=VERTEX_POINT('',#6431);
#1517=VERTEX_POINT('',#6433);
#1518=VERTEX_POINT('',#6436);
#1519=VERTEX_POINT('',#6437);
#1520=VERTEX_POINT('',#6439);
#1521=VERTEX_POINT('',#6441);
#1522=VERTEX_POINT('',#6444);
#1523=VERTEX_POINT('',#6445);
#1524=VERTEX_POINT('',#6447);
#1525=VERTEX_POINT('',#6449);
#1526=VERTEX_POINT('',#6452);
#1527=VERTEX_POINT('',#6453);
#1528=VERTEX_POINT('',#6455);
#1529=VERTEX_POINT('',#6457);
#1530=VERTEX_POINT('',#6460);
#1531=VERTEX_POINT('',#6461);
#1532=VERTEX_POINT('',#6463);
#1533=VERTEX_POINT('',#6465);
#1534=VERTEX_POINT('',#6468);
#1535=VERTEX_POINT('',#6469);
#1536=VERTEX_POINT('',#6471);
#1537=VERTEX_POINT('',#6473);
#1538=VERTEX_POINT('',#6476);
#1539=VERTEX_POINT('',#6477);
#1540=VERTEX_POINT('',#6479);
#1541=VERTEX_POINT('',#6481);
#1542=VERTEX_POINT('',#6484);
#1543=VERTEX_POINT('',#6485);
#1544=VERTEX_POINT('',#6487);
#1545=VERTEX_POINT('',#6489);
#1546=VERTEX_POINT('',#6492);
#1547=VERTEX_POINT('',#6493);
#1548=VERTEX_POINT('',#6495);
#1549=VERTEX_POINT('',#6497);
#1550=VERTEX_POINT('',#6636);
#1551=VERTEX_POINT('',#6637);
#1552=VERTEX_POINT('',#6639);
#1553=VERTEX_POINT('',#6641);
#1554=VERTEX_POINT('',#6645);
#1555=VERTEX_POINT('',#6647);
#1556=VERTEX_POINT('',#6651);
#1557=VERTEX_POINT('',#6653);
#1558=VERTEX_POINT('',#6660);
#1559=VERTEX_POINT('',#6661);
#1560=VERTEX_POINT('',#6663);
#1561=VERTEX_POINT('',#6665);
#1562=VERTEX_POINT('',#6669);
#1563=VERTEX_POINT('',#6671);
#1564=VERTEX_POINT('',#6675);
#1565=VERTEX_POINT('',#6677);
#1566=VERTEX_POINT('',#6684);
#1567=VERTEX_POINT('',#6685);
#1568=VERTEX_POINT('',#6687);
#1569=VERTEX_POINT('',#6689);
#1570=VERTEX_POINT('',#6693);
#1571=VERTEX_POINT('',#6695);
#1572=VERTEX_POINT('',#6697);
#1573=VERTEX_POINT('',#6700);
#1574=VERTEX_POINT('',#6703);
#1575=VERTEX_POINT('',#6707);
#1576=VERTEX_POINT('',#6711);
#1577=VERTEX_POINT('',#6714);
#1578=VERTEX_POINT('',#6716);
#1579=VERTEX_POINT('',#6718);
#1580=VERTEX_POINT('',#6721);
#1581=VERTEX_POINT('',#6726);
#1582=VERTEX_POINT('',#6736);
#1583=VERTEX_POINT('',#6737);
#1584=VERTEX_POINT('',#6739);
#1585=VERTEX_POINT('',#6741);
#1586=VERTEX_POINT('',#6745);
#1587=VERTEX_POINT('',#6747);
#1588=VERTEX_POINT('',#6751);
#1589=VERTEX_POINT('',#6753);
#1590=VERTEX_POINT('',#6757);
#1591=VERTEX_POINT('',#6758);
#1592=VERTEX_POINT('',#6760);
#1593=VERTEX_POINT('',#6762);
#1594=VERTEX_POINT('',#6764);
#1595=VERTEX_POINT('',#6766);
#1596=VERTEX_POINT('',#6769);
#1597=VERTEX_POINT('',#6771);
#1598=VERTEX_POINT('',#6773);
#1599=VERTEX_POINT('',#6779);
#1600=VERTEX_POINT('',#6780);
#1601=VERTEX_POINT('',#6785);
#1602=VERTEX_POINT('',#6789);
#1603=VERTEX_POINT('',#6791);
#1604=VERTEX_POINT('',#6793);
#1605=VERTEX_POINT('',#6797);
#1606=VERTEX_POINT('',#6802);
#1607=VERTEX_POINT('',#6806);
#1608=VERTEX_POINT('',#6984);
#1609=VERTEX_POINT('',#6985);
#1610=VERTEX_POINT('',#6999);
#1611=VERTEX_POINT('',#7013);
#1612=VERTEX_POINT('',#7209);
#1613=VERTEX_POINT('',#7210);
#1614=VERTEX_POINT('',#7215);
#1615=VERTEX_POINT('',#7220);
#1616=VERTEX_POINT('',#7226);
#1617=VERTEX_POINT('',#7233);
#1618=VERTEX_POINT('',#7423);
#1619=VERTEX_POINT('',#7424);
#1620=VERTEX_POINT('',#7429);
#1621=VERTEX_POINT('',#7434);
#1622=VERTEX_POINT('',#7440);
#1623=VERTEX_POINT('',#7628);
#1624=VERTEX_POINT('',#7629);
#1625=VERTEX_POINT('',#7634);
#1626=VERTEX_POINT('',#7639);
#1627=VERTEX_POINT('',#7645);
#1628=VERTEX_POINT('',#7833);
#1629=VERTEX_POINT('',#7838);
#1630=VERTEX_POINT('',#7843);
#1631=VERTEX_POINT('',#7849);
#1632=VERTEX_POINT('',#7938);
#1633=VERTEX_POINT('',#7940);
#1634=VERTEX_POINT('',#8033);
#1635=VERTEX_POINT('',#8126);
#1636=VERTEX_POINT('',#8402);
#1637=VERTEX_POINT('',#8403);
#1638=VERTEX_POINT('',#8417);
#1639=VERTEX_POINT('',#8431);
#1640=VERTEX_POINT('',#8627);
#1641=VERTEX_POINT('',#8628);
#1642=VERTEX_POINT('',#8633);
#1643=VERTEX_POINT('',#8638);
#1644=VERTEX_POINT('',#8644);
#1645=VERTEX_POINT('',#8651);
#1646=VERTEX_POINT('',#8841);
#1647=VERTEX_POINT('',#8842);
#1648=VERTEX_POINT('',#8847);
#1649=VERTEX_POINT('',#8852);
#1650=VERTEX_POINT('',#8858);
#1651=VERTEX_POINT('',#9046);
#1652=VERTEX_POINT('',#9047);
#1653=VERTEX_POINT('',#9052);
#1654=VERTEX_POINT('',#9057);
#1655=VERTEX_POINT('',#9063);
#1656=VERTEX_POINT('',#9251);
#1657=VERTEX_POINT('',#9256);
#1658=VERTEX_POINT('',#9261);
#1659=VERTEX_POINT('',#9267);
#1660=VERTEX_POINT('',#9356);
#1661=VERTEX_POINT('',#9358);
#1662=VERTEX_POINT('',#9451);
#1663=VERTEX_POINT('',#9544);
#1664=VERTEX_POINT('',#9653);
#1665=VERTEX_POINT('',#9654);
#1666=VERTEX_POINT('',#9656);
#1667=VERTEX_POINT('',#9658);
#1668=VERTEX_POINT('',#9662);
#1669=VERTEX_POINT('',#9664);
#1670=VERTEX_POINT('',#9666);
#1671=VERTEX_POINT('',#9668);
#1672=VERTEX_POINT('',#9672);
#1673=VERTEX_POINT('',#9675);
#1674=VERTEX_POINT('',#9677);
#1675=VERTEX_POINT('',#9680);
#1676=VERTEX_POINT('',#9684);
#1677=VERTEX_POINT('',#9688);
#1678=VERTEX_POINT('',#9692);
#1679=VERTEX_POINT('',#9694);
#1680=VERTEX_POINT('',#9703);
#1681=VERTEX_POINT('',#9704);
#1682=VERTEX_POINT('',#9706);
#1683=VERTEX_POINT('',#9708);
#1684=VERTEX_POINT('',#9712);
#1685=VERTEX_POINT('',#9714);
#1686=VERTEX_POINT('',#9716);
#1687=VERTEX_POINT('',#9718);
#1688=VERTEX_POINT('',#9722);
#1689=VERTEX_POINT('',#9725);
#1690=VERTEX_POINT('',#9727);
#1691=VERTEX_POINT('',#9730);
#1692=VERTEX_POINT('',#9734);
#1693=VERTEX_POINT('',#9738);
#1694=VERTEX_POINT('',#9742);
#1695=VERTEX_POINT('',#9746);
#1696=EDGE_CURVE('',#1350,#1351,#812,.T.);
#1697=EDGE_CURVE('',#1352,#1350,#813,.T.);
#1698=EDGE_CURVE('',#1353,#1352,#814,.T.);
#1699=EDGE_CURVE('',#1351,#1353,#815,.T.);
#1700=EDGE_CURVE('',#1354,#1354,#269,.F.);
#1701=EDGE_CURVE('',#1355,#1351,#816,.T.);
#1702=EDGE_CURVE('',#1356,#1353,#817,.T.);
#1703=EDGE_CURVE('',#1356,#1357,#818,.T.);
#1704=EDGE_CURVE('',#1358,#1357,#819,.T.);
#1705=EDGE_CURVE('',#1358,#1359,#820,.T.);
#1706=EDGE_CURVE('',#1359,#1360,#821,.T.);
#1707=EDGE_CURVE('',#1361,#1360,#270,.T.);
#1708=EDGE_CURVE('',#1362,#1361,#822,.T.);
#1709=EDGE_CURVE('',#1363,#1362,#823,.T.);
#1710=EDGE_CURVE('',#1363,#1355,#824,.T.);
#1711=EDGE_CURVE('',#1357,#1364,#825,.T.);
#1712=EDGE_CURVE('',#1365,#1356,#826,.T.);
#1713=EDGE_CURVE('',#1364,#1365,#827,.T.);
#1714=EDGE_CURVE('',#1366,#1366,#271,.F.);
#1715=EDGE_CURVE('',#1352,#1365,#828,.T.);
#1716=EDGE_CURVE('',#1367,#1368,#272,.T.);
#1717=EDGE_CURVE('',#1368,#1369,#273,.T.);
#1718=EDGE_CURVE('',#1369,#1370,#274,.T.);
#1719=EDGE_CURVE('',#1371,#1370,#111,.F.);
#1720=EDGE_CURVE('',#1371,#1369,#275,.T.);
#1721=EDGE_CURVE('',#1368,#1367,#276,.T.);
#1722=EDGE_CURVE('',#1367,#1372,#829,.T.);
#1723=EDGE_CURVE('',#1373,#1372,#112,.T.);
#1724=EDGE_CURVE('',#1372,#1373,#113,.T.);
#1725=EDGE_CURVE('',#1354,#1366,#830,.T.);
#1726=EDGE_CURVE('',#1374,#1374,#277,.T.);
#1727=EDGE_CURVE('',#1374,#1375,#831,.T.);
#1728=EDGE_CURVE('',#1375,#1375,#278,.F.);
#1729=EDGE_CURVE('',#1376,#1377,#279,.T.);
#1730=EDGE_CURVE('',#1377,#1361,#832,.T.);
#1731=EDGE_CURVE('',#1360,#1376,#833,.T.);
#1732=EDGE_CURVE('',#1377,#1378,#834,.T.);
#1733=EDGE_CURVE('',#1378,#1362,#835,.T.);
#1734=EDGE_CURVE('',#1379,#1363,#836,.T.);
#1735=EDGE_CURVE('',#1379,#1378,#837,.T.);
#1736=EDGE_CURVE('',#1380,#1355,#838,.T.);
#1737=EDGE_CURVE('',#1380,#1379,#839,.T.);
#1738=EDGE_CURVE('',#1350,#1380,#840,.T.);
#1739=EDGE_CURVE('',#1381,#1373,#280,.T.);
#1740=EDGE_CURVE('',#1381,#1382,#114,.T.);
#1741=EDGE_CURVE('',#1382,#1383,#115,.T.);
#1742=EDGE_CURVE('',#1383,#1384,#116,.T.);
#1743=EDGE_CURVE('',#1384,#1385,#117,.T.);
#1744=EDGE_CURVE('',#1385,#1386,#118,.T.);
#1745=EDGE_CURVE('',#1386,#1387,#119,.T.);
#1746=EDGE_CURVE('',#1387,#1388,#120,.T.);
#1747=EDGE_CURVE('',#1388,#1389,#121,.T.);
#1748=EDGE_CURVE('',#1389,#1390,#122,.T.);
#1749=EDGE_CURVE('',#1390,#1391,#123,.T.);
#1750=EDGE_CURVE('',#1391,#1392,#124,.T.);
#1751=EDGE_CURVE('',#1392,#1393,#125,.T.);
#1752=EDGE_CURVE('',#1393,#1394,#126,.T.);
#1753=EDGE_CURVE('',#1394,#1395,#127,.T.);
#1754=EDGE_CURVE('',#1395,#1396,#128,.T.);
#1755=EDGE_CURVE('',#1396,#1397,#129,.T.);
#1756=EDGE_CURVE('',#1397,#1381,#130,.T.);
#1757=EDGE_CURVE('',#1398,#1399,#131,.T.);
#1758=EDGE_CURVE('',#1399,#1400,#132,.T.);
#1759=EDGE_CURVE('',#1400,#1401,#133,.T.);
#1760=EDGE_CURVE('',#1401,#1398,#134,.T.);
#1761=EDGE_CURVE('',#1402,#1376,#841,.T.);
#1762=EDGE_CURVE('',#1402,#1403,#842,.T.);
#1763=EDGE_CURVE('',#1403,#1364,#843,.T.);
#1764=EDGE_CURVE('',#1371,#1358,#844,.T.);
#1765=EDGE_CURVE('',#1403,#1370,#845,.T.);
#1766=EDGE_CURVE('',#1402,#1359,#846,.T.);
#1767=EDGE_CURVE('',#1398,#1404,#135,.T.);
#1768=EDGE_CURVE('',#1405,#1401,#136,.T.);
#1769=EDGE_CURVE('',#1404,#1405,#137,.T.);
#1770=EDGE_CURVE('',#1405,#1406,#138,.T.);
#1771=EDGE_CURVE('',#1406,#1400,#139,.T.);
#1772=EDGE_CURVE('',#1404,#1407,#140,.T.);
#1773=EDGE_CURVE('',#1407,#1406,#141,.T.);
#1774=EDGE_CURVE('',#1407,#1399,#142,.T.);
#1775=EDGE_CURVE('',#1408,#1409,#847,.T.);
#1776=EDGE_CURVE('',#1410,#1408,#848,.T.);
#1777=EDGE_CURVE('',#1411,#1410,#849,.T.);
#1778=EDGE_CURVE('',#1409,#1411,#850,.T.);
#1779=EDGE_CURVE('',#1411,#1412,#851,.T.);
#1780=EDGE_CURVE('',#1413,#1412,#852,.T.);
#1781=EDGE_CURVE('',#1409,#1413,#853,.T.);
#1782=EDGE_CURVE('',#1410,#1414,#854,.T.);
#1783=EDGE_CURVE('',#1415,#1414,#281,.T.);
#1784=EDGE_CURVE('',#1416,#1415,#855,.T.);
#1785=EDGE_CURVE('',#1412,#1416,#282,.T.);
#1786=EDGE_CURVE('',#1417,#1417,#283,.T.);
#1787=EDGE_CURVE('',#1418,#1419,#284,.T.);
#1788=EDGE_CURVE('',#1419,#1420,#856,.T.);
#1789=EDGE_CURVE('',#1420,#1421,#285,.T.);
#1790=EDGE_CURVE('',#1421,#1418,#857,.T.);
#1791=EDGE_CURVE('',#1422,#1423,#286,.T.);
#1792=EDGE_CURVE('',#1423,#1424,#858,.T.);
#1793=EDGE_CURVE('',#1424,#1425,#287,.T.);
#1794=EDGE_CURVE('',#1425,#1422,#859,.T.);
#1795=EDGE_CURVE('',#1426,#1427,#288,.T.);
#1796=EDGE_CURVE('',#1427,#1428,#860,.T.);
#1797=EDGE_CURVE('',#1428,#1429,#289,.T.);
#1798=EDGE_CURVE('',#1429,#1426,#861,.T.);
#1799=EDGE_CURVE('',#1430,#1431,#290,.T.);
#1800=EDGE_CURVE('',#1431,#1432,#862,.T.);
#1801=EDGE_CURVE('',#1432,#1433,#291,.T.);
#1802=EDGE_CURVE('',#1433,#1430,#863,.T.);
#1803=EDGE_CURVE('',#1434,#1435,#292,.T.);
#1804=EDGE_CURVE('',#1435,#1436,#864,.T.);
#1805=EDGE_CURVE('',#1436,#1437,#293,.T.);
#1806=EDGE_CURVE('',#1437,#1434,#865,.T.);
#1807=EDGE_CURVE('',#1438,#1439,#866,.T.);
#1808=EDGE_CURVE('',#1439,#1440,#294,.T.);
#1809=EDGE_CURVE('',#1440,#1441,#867,.T.);
#1810=EDGE_CURVE('',#1441,#1438,#295,.T.);
#1811=EDGE_CURVE('',#1442,#1443,#868,.T.);
#1812=EDGE_CURVE('',#1443,#1444,#296,.T.);
#1813=EDGE_CURVE('',#1444,#1445,#869,.T.);
#1814=EDGE_CURVE('',#1445,#1442,#297,.T.);
#1815=EDGE_CURVE('',#1446,#1447,#870,.T.);
#1816=EDGE_CURVE('',#1447,#1448,#298,.T.);
#1817=EDGE_CURVE('',#1448,#1449,#871,.T.);
#1818=EDGE_CURVE('',#1449,#1446,#299,.T.);
#1819=EDGE_CURVE('',#1450,#1451,#872,.T.);
#1820=EDGE_CURVE('',#1451,#1452,#300,.T.);
#1821=EDGE_CURVE('',#1452,#1453,#873,.T.);
#1822=EDGE_CURVE('',#1453,#1450,#301,.T.);
#1823=EDGE_CURVE('',#1454,#1455,#874,.T.);
#1824=EDGE_CURVE('',#1455,#1456,#302,.T.);
#1825=EDGE_CURVE('',#1456,#1457,#875,.T.);
#1826=EDGE_CURVE('',#1457,#1454,#303,.T.);
#1827=EDGE_CURVE('',#1458,#1459,#876,.T.);
#1828=EDGE_CURVE('',#1459,#1460,#304,.T.);
#1829=EDGE_CURVE('',#1460,#1461,#877,.T.);
#1830=EDGE_CURVE('',#1461,#1458,#305,.T.);
#1831=EDGE_CURVE('',#1462,#1463,#878,.T.);
#1832=EDGE_CURVE('',#1463,#1464,#306,.T.);
#1833=EDGE_CURVE('',#1464,#1465,#879,.T.);
#1834=EDGE_CURVE('',#1465,#1462,#307,.T.);
#1835=EDGE_CURVE('',#1466,#1467,#880,.T.);
#1836=EDGE_CURVE('',#1467,#1468,#308,.T.);
#1837=EDGE_CURVE('',#1468,#1469,#881,.T.);
#1838=EDGE_CURVE('',#1469,#1466,#309,.T.);
#1839=EDGE_CURVE('',#1470,#1471,#882,.T.);
#1840=EDGE_CURVE('',#1471,#1472,#310,.T.);
#1841=EDGE_CURVE('',#1472,#1473,#883,.T.);
#1842=EDGE_CURVE('',#1473,#1470,#311,.T.);
#1843=EDGE_CURVE('',#1474,#1475,#884,.T.);
#1844=EDGE_CURVE('',#1475,#1476,#312,.T.);
#1845=EDGE_CURVE('',#1476,#1477,#885,.T.);
#1846=EDGE_CURVE('',#1477,#1474,#313,.T.);
#1847=EDGE_CURVE('',#1478,#1479,#886,.T.);
#1848=EDGE_CURVE('',#1479,#1480,#314,.T.);
#1849=EDGE_CURVE('',#1480,#1481,#887,.T.);
#1850=EDGE_CURVE('',#1481,#1478,#315,.T.);
#1851=EDGE_CURVE('',#1482,#1482,#316,.T.);
#1852=EDGE_CURVE('',#1482,#1417,#888,.T.);
#1853=EDGE_CURVE('',#1483,#1413,#317,.T.);
#1854=EDGE_CURVE('',#1484,#1483,#889,.T.);
#1855=EDGE_CURVE('',#1485,#1484,#318,.T.);
#1856=EDGE_CURVE('',#1408,#1485,#890,.T.);
#1857=EDGE_CURVE('',#1486,#1487,#891,.T.);
#1858=EDGE_CURVE('',#1487,#1488,#319,.T.);
#1859=EDGE_CURVE('',#1488,#1489,#892,.T.);
#1860=EDGE_CURVE('',#1489,#1486,#320,.T.);
#1861=EDGE_CURVE('',#1490,#1491,#893,.T.);
#1862=EDGE_CURVE('',#1491,#1492,#321,.T.);
#1863=EDGE_CURVE('',#1492,#1493,#894,.T.);
#1864=EDGE_CURVE('',#1493,#1490,#322,.T.);
#1865=EDGE_CURVE('',#1494,#1495,#895,.T.);
#1866=EDGE_CURVE('',#1495,#1496,#323,.T.);
#1867=EDGE_CURVE('',#1496,#1497,#896,.T.);
#1868=EDGE_CURVE('',#1497,#1494,#324,.T.);
#1869=EDGE_CURVE('',#1498,#1499,#897,.T.);
#1870=EDGE_CURVE('',#1499,#1500,#325,.T.);
#1871=EDGE_CURVE('',#1500,#1501,#898,.T.);
#1872=EDGE_CURVE('',#1501,#1498,#326,.T.);
#1873=EDGE_CURVE('',#1502,#1503,#899,.T.);
#1874=EDGE_CURVE('',#1503,#1504,#327,.T.);
#1875=EDGE_CURVE('',#1504,#1505,#900,.T.);
#1876=EDGE_CURVE('',#1505,#1502,#328,.T.);
#1877=EDGE_CURVE('',#1506,#1507,#901,.T.);
#1878=EDGE_CURVE('',#1507,#1508,#329,.T.);
#1879=EDGE_CURVE('',#1508,#1509,#902,.T.);
#1880=EDGE_CURVE('',#1509,#1506,#330,.T.);
#1881=EDGE_CURVE('',#1510,#1511,#903,.T.);
#1882=EDGE_CURVE('',#1511,#1512,#331,.T.);
#1883=EDGE_CURVE('',#1512,#1513,#904,.T.);
#1884=EDGE_CURVE('',#1513,#1510,#332,.T.);
#1885=EDGE_CURVE('',#1514,#1515,#905,.T.);
#1886=EDGE_CURVE('',#1515,#1516,#333,.T.);
#1887=EDGE_CURVE('',#1516,#1517,#906,.T.);
#1888=EDGE_CURVE('',#1517,#1514,#334,.T.);
#1889=EDGE_CURVE('',#1518,#1519,#907,.T.);
#1890=EDGE_CURVE('',#1519,#1520,#335,.T.);
#1891=EDGE_CURVE('',#1520,#1521,#908,.T.);
#1892=EDGE_CURVE('',#1521,#1518,#336,.T.);
#1893=EDGE_CURVE('',#1522,#1523,#909,.T.);
#1894=EDGE_CURVE('',#1523,#1524,#337,.T.);
#1895=EDGE_CURVE('',#1524,#1525,#910,.T.);
#1896=EDGE_CURVE('',#1525,#1522,#338,.T.);
#1897=EDGE_CURVE('',#1526,#1527,#911,.T.);
#1898=EDGE_CURVE('',#1527,#1528,#339,.T.);
#1899=EDGE_CURVE('',#1528,#1529,#912,.T.);
#1900=EDGE_CURVE('',#1529,#1526,#340,.T.);
#1901=EDGE_CURVE('',#1530,#1531,#341,.T.);
#1902=EDGE_CURVE('',#1531,#1532,#913,.T.);
#1903=EDGE_CURVE('',#1532,#1533,#342,.T.);
#1904=EDGE_CURVE('',#1533,#1530,#914,.T.);
#1905=EDGE_CURVE('',#1534,#1535,#343,.T.);
#1906=EDGE_CURVE('',#1535,#1536,#915,.T.);
#1907=EDGE_CURVE('',#1536,#1537,#344,.T.);
#1908=EDGE_CURVE('',#1537,#1534,#916,.T.);
#1909=EDGE_CURVE('',#1538,#1539,#345,.T.);
#1910=EDGE_CURVE('',#1539,#1540,#917,.T.);
#1911=EDGE_CURVE('',#1540,#1541,#346,.T.);
#1912=EDGE_CURVE('',#1541,#1538,#918,.T.);
#1913=EDGE_CURVE('',#1542,#1543,#347,.T.);
#1914=EDGE_CURVE('',#1543,#1544,#919,.T.);
#1915=EDGE_CURVE('',#1544,#1545,#348,.T.);
#1916=EDGE_CURVE('',#1545,#1542,#920,.T.);
#1917=EDGE_CURVE('',#1546,#1547,#349,.T.);
#1918=EDGE_CURVE('',#1547,#1548,#921,.T.);
#1919=EDGE_CURVE('',#1548,#1549,#350,.T.);
#1920=EDGE_CURVE('',#1549,#1546,#922,.T.);
#1921=EDGE_CURVE('',#1421,#1548,#923,.T.);
#1922=EDGE_CURVE('',#1420,#1549,#924,.T.);
#1923=EDGE_CURVE('',#1419,#1546,#925,.T.);
#1924=EDGE_CURVE('',#1418,#1547,#926,.T.);
#1925=EDGE_CURVE('',#1425,#1544,#927,.T.);
#1926=EDGE_CURVE('',#1424,#1545,#928,.T.);
#1927=EDGE_CURVE('',#1423,#1542,#929,.T.);
#1928=EDGE_CURVE('',#1422,#1543,#930,.T.);
#1929=EDGE_CURVE('',#1429,#1540,#931,.T.);
#1930=EDGE_CURVE('',#1428,#1541,#932,.T.);
#1931=EDGE_CURVE('',#1427,#1538,#933,.T.);
#1932=EDGE_CURVE('',#1426,#1539,#934,.T.);
#1933=EDGE_CURVE('',#1433,#1536,#935,.T.);
#1934=EDGE_CURVE('',#1432,#1537,#936,.T.);
#1935=EDGE_CURVE('',#1431,#1534,#937,.T.);
#1936=EDGE_CURVE('',#1430,#1535,#938,.T.);
#1937=EDGE_CURVE('',#1437,#1532,#939,.T.);
#1938=EDGE_CURVE('',#1436,#1533,#940,.T.);
#1939=EDGE_CURVE('',#1435,#1530,#941,.T.);
#1940=EDGE_CURVE('',#1434,#1531,#942,.T.);
#1941=EDGE_CURVE('',#1481,#1488,#943,.T.);
#1942=EDGE_CURVE('',#1480,#1489,#944,.T.);
#1943=EDGE_CURVE('',#1479,#1486,#945,.T.);
#1944=EDGE_CURVE('',#1478,#1487,#946,.T.);
#1945=EDGE_CURVE('',#1477,#1492,#947,.T.);
#1946=EDGE_CURVE('',#1476,#1493,#948,.T.);
#1947=EDGE_CURVE('',#1475,#1490,#949,.T.);
#1948=EDGE_CURVE('',#1474,#1491,#950,.T.);
#1949=EDGE_CURVE('',#1473,#1496,#951,.T.);
#1950=EDGE_CURVE('',#1472,#1497,#952,.T.);
#1951=EDGE_CURVE('',#1471,#1494,#953,.T.);
#1952=EDGE_CURVE('',#1470,#1495,#954,.T.);
#1953=EDGE_CURVE('',#1469,#1500,#955,.T.);
#1954=EDGE_CURVE('',#1468,#1501,#956,.T.);
#1955=EDGE_CURVE('',#1467,#1498,#957,.T.);
#1956=EDGE_CURVE('',#1466,#1499,#958,.T.);
#1957=EDGE_CURVE('',#1465,#1504,#959,.T.);
#1958=EDGE_CURVE('',#1464,#1505,#960,.T.);
#1959=EDGE_CURVE('',#1463,#1502,#961,.T.);
#1960=EDGE_CURVE('',#1462,#1503,#962,.T.);
#1961=EDGE_CURVE('',#1461,#1508,#963,.T.);
#1962=EDGE_CURVE('',#1460,#1509,#964,.T.);
#1963=EDGE_CURVE('',#1459,#1506,#965,.T.);
#1964=EDGE_CURVE('',#1458,#1507,#966,.T.);
#1965=EDGE_CURVE('',#1457,#1512,#967,.T.);
#1966=EDGE_CURVE('',#1456,#1513,#968,.T.);
#1967=EDGE_CURVE('',#1455,#1510,#969,.T.);
#1968=EDGE_CURVE('',#1454,#1511,#970,.T.);
#1969=EDGE_CURVE('',#1453,#1516,#971,.T.);
#1970=EDGE_CURVE('',#1452,#1517,#972,.T.);
#1971=EDGE_CURVE('',#1451,#1514,#973,.T.);
#1972=EDGE_CURVE('',#1450,#1515,#974,.T.);
#1973=EDGE_CURVE('',#1449,#1520,#975,.T.);
#1974=EDGE_CURVE('',#1448,#1521,#976,.T.);
#1975=EDGE_CURVE('',#1447,#1518,#977,.T.);
#1976=EDGE_CURVE('',#1446,#1519,#978,.T.);
#1977=EDGE_CURVE('',#1445,#1524,#979,.T.);
#1978=EDGE_CURVE('',#1444,#1525,#980,.T.);
#1979=EDGE_CURVE('',#1443,#1522,#981,.T.);
#1980=EDGE_CURVE('',#1442,#1523,#982,.T.);
#1981=EDGE_CURVE('',#1441,#1528,#983,.T.);
#1982=EDGE_CURVE('',#1440,#1529,#984,.T.);
#1983=EDGE_CURVE('',#1439,#1526,#985,.T.);
#1984=EDGE_CURVE('',#1438,#1527,#986,.T.);
#1985=EDGE_CURVE('',#1416,#1483,#987,.T.);
#1986=EDGE_CURVE('',#1484,#1415,#988,.T.);
#1987=EDGE_CURVE('',#1414,#1485,#989,.T.);
#1988=EDGE_CURVE('',#1550,#1551,#990,.T.);
#1989=EDGE_CURVE('',#1552,#1550,#991,.T.);
#1990=EDGE_CURVE('',#1553,#1552,#992,.T.);
#1991=EDGE_CURVE('',#1551,#1553,#993,.T.);
#1992=EDGE_CURVE('',#1554,#1553,#351,.T.);
#1993=EDGE_CURVE('',#1552,#1555,#352,.T.);
#1994=EDGE_CURVE('',#1555,#1554,#994,.T.);
#1995=EDGE_CURVE('',#1551,#1556,#353,.T.);
#1996=EDGE_CURVE('',#1556,#1557,#995,.T.);
#1997=EDGE_CURVE('',#1557,#1550,#354,.T.);
#1998=EDGE_CURVE('',#1557,#1555,#996,.T.);
#1999=EDGE_CURVE('',#1554,#1556,#997,.T.);
#2000=EDGE_CURVE('',#1558,#1559,#998,.T.);
#2001=EDGE_CURVE('',#1560,#1558,#999,.T.);
#2002=EDGE_CURVE('',#1561,#1560,#1000,.T.);
#2003=EDGE_CURVE('',#1559,#1561,#1001,.T.);
#2004=EDGE_CURVE('',#1560,#1562,#355,.T.);
#2005=EDGE_CURVE('',#1562,#1563,#1002,.T.);
#2006=EDGE_CURVE('',#1563,#1561,#356,.T.);
#2007=EDGE_CURVE('',#1564,#1562,#1003,.T.);
#2008=EDGE_CURVE('',#1565,#1564,#1004,.T.);
#2009=EDGE_CURVE('',#1563,#1565,#1005,.T.);
#2010=EDGE_CURVE('',#1564,#1558,#357,.T.);
#2011=EDGE_CURVE('',#1559,#1565,#358,.T.);
#2012=EDGE_CURVE('',#1566,#1567,#1006,.T.);
#2013=EDGE_CURVE('',#1568,#1566,#1007,.T.);
#2014=EDGE_CURVE('',#1569,#1568,#1008,.T.);
#2015=EDGE_CURVE('',#1567,#1569,#1009,.T.);
#2016=EDGE_CURVE('',#1567,#1570,#1010,.T.);
#2017=EDGE_CURVE('',#1570,#1571,#1011,.T.);
#2018=EDGE_CURVE('',#1572,#1571,#1012,.T.);
#2019=EDGE_CURVE('',#1566,#1572,#1013,.T.);
#2020=EDGE_CURVE('',#1573,#1573,#359,.T.);
#2021=EDGE_CURVE('',#1574,#1569,#1014,.T.);
#2022=EDGE_CURVE('',#1574,#1570,#1015,.T.);
#2023=EDGE_CURVE('',#1575,#1574,#1016,.T.);
#2024=EDGE_CURVE('',#1571,#1575,#1017,.T.);
#2025=EDGE_CURVE('',#1568,#1576,#1018,.T.);
#2026=EDGE_CURVE('',#1576,#1575,#1019,.T.);
#2027=EDGE_CURVE('',#1577,#1577,#360,.T.);
#2028=EDGE_CURVE('',#1578,#1578,#361,.T.);
#2029=EDGE_CURVE('',#1579,#1579,#362,.T.);
#2030=EDGE_CURVE('',#1580,#1580,#363,.T.);
#2031=EDGE_CURVE('',#1580,#1579,#1020,.T.);
#2032=EDGE_CURVE('',#1581,#1581,#364,.T.);
#2033=EDGE_CURVE('',#1581,#1578,#1021,.T.);
#2034=EDGE_CURVE('',#1577,#1573,#1022,.T.);
#2035=EDGE_CURVE('',#1572,#1576,#1023,.T.);
#2036=EDGE_CURVE('',#1582,#1583,#1024,.T.);
#2037=EDGE_CURVE('',#1584,#1582,#1025,.T.);
#2038=EDGE_CURVE('',#1585,#1584,#1026,.T.);
#2039=EDGE_CURVE('',#1583,#1585,#1027,.T.);
#2040=EDGE_CURVE('',#1586,#1582,#365,.T.);
#2041=EDGE_CURVE('',#1583,#1587,#366,.T.);
#2042=EDGE_CURVE('',#1587,#1586,#1028,.T.);
#2043=EDGE_CURVE('',#1588,#1585,#367,.T.);
#2044=EDGE_CURVE('',#1584,#1589,#368,.T.);
#2045=EDGE_CURVE('',#1589,#1588,#1029,.T.);
#2046=EDGE_CURVE('',#1590,#1591,#1030,.T.);
#2047=EDGE_CURVE('',#1591,#1592,#1031,.T.);
#2048=EDGE_CURVE('',#1593,#1592,#369,.T.);
#2049=EDGE_CURVE('',#1594,#1593,#1032,.T.);
#2050=EDGE_CURVE('',#1595,#1594,#370,.T.);
#2051=EDGE_CURVE('',#1590,#1595,#1033,.T.);
#2052=EDGE_CURVE('',#1596,#1596,#371,.T.);
#2053=EDGE_CURVE('',#1597,#1597,#372,.T.);
#2054=EDGE_CURVE('',#1598,#1598,#373,.T.);
#2055=EDGE_CURVE('',#1586,#1589,#1034,.T.);
#2056=EDGE_CURVE('',#1588,#1587,#1035,.T.);
#2057=EDGE_CURVE('',#1599,#1600,#1036,.T.);
#2058=EDGE_CURVE('',#1591,#1599,#1037,.T.);
#2059=EDGE_CURVE('',#1600,#1590,#1038,.T.);
#2060=EDGE_CURVE('',#1599,#1601,#1039,.T.);
#2061=EDGE_CURVE('',#1592,#1601,#1040,.T.);
#2062=EDGE_CURVE('',#1600,#1602,#1041,.T.);
#2063=EDGE_CURVE('',#1603,#1602,#374,.T.);
#2064=EDGE_CURVE('',#1604,#1603,#1042,.T.);
#2065=EDGE_CURVE('',#1601,#1604,#375,.T.);
#2066=EDGE_CURVE('',#1605,#1605,#376,.T.);
#2067=EDGE_CURVE('',#1605,#1598,#1043,.T.);
#2068=EDGE_CURVE('',#1606,#1606,#377,.T.);
#2069=EDGE_CURVE('',#1606,#1597,#1044,.T.);
#2070=EDGE_CURVE('',#1607,#1607,#378,.T.);
#2071=EDGE_CURVE('',#1607,#1596,#1045,.T.);
#2072=EDGE_CURVE('',#1604,#1593,#1046,.T.);
#2073=EDGE_CURVE('',#1594,#1603,#1047,.T.);
#2074=EDGE_CURVE('',#1602,#1595,#1048,.T.);
#2075=EDGE_CURVE('',#1608,#1609,#143,.T.);
#2076=EDGE_CURVE('',#1608,#1610,#144,.T.);
#2077=EDGE_CURVE('',#1610,#1611,#145,.T.);
#2078=EDGE_CURVE('',#1609,#1611,#146,.T.);
#2079=EDGE_CURVE('',#1612,#1613,#147,.T.);
#2080=EDGE_CURVE('',#1614,#1612,#148,.T.);
#2081=EDGE_CURVE('',#1615,#1614,#149,.T.);
#2082=EDGE_CURVE('',#1616,#1615,#150,.T.);
#2083=EDGE_CURVE('',#1617,#1616,#151,.T.);
#2084=EDGE_CURVE('',#1610,#1617,#152,.T.);
#2085=EDGE_CURVE('',#1613,#1608,#153,.T.);
#2086=EDGE_CURVE('',#1618,#1619,#154,.T.);
#2087=EDGE_CURVE('',#1620,#1618,#155,.T.);
#2088=EDGE_CURVE('',#1621,#1620,#156,.T.);
#2089=EDGE_CURVE('',#1622,#1621,#157,.T.);
#2090=EDGE_CURVE('',#1613,#1622,#158,.T.);
#2091=EDGE_CURVE('',#1609,#1619,#159,.T.);
#2092=EDGE_CURVE('',#1623,#1624,#160,.T.);
#2093=EDGE_CURVE('',#1625,#1623,#161,.T.);
#2094=EDGE_CURVE('',#1626,#1625,#162,.T.);
#2095=EDGE_CURVE('',#1627,#1626,#163,.T.);
#2096=EDGE_CURVE('',#1619,#1627,#164,.T.);
#2097=EDGE_CURVE('',#1611,#1624,#165,.T.);
#2098=EDGE_CURVE('',#1628,#1617,#166,.T.);
#2099=EDGE_CURVE('',#1629,#1628,#167,.T.);
#2100=EDGE_CURVE('',#1630,#1629,#168,.T.);
#2101=EDGE_CURVE('',#1631,#1630,#169,.T.);
#2102=EDGE_CURVE('',#1624,#1631,#170,.T.);
#2103=EDGE_CURVE('',#1624,#1632,#379,.T.);
#2104=EDGE_CURVE('',#1633,#1617,#380,.T.);
#2105=EDGE_CURVE('',#1633,#1632,#171,.T.);
#2106=EDGE_CURVE('',#1634,#1613,#381,.T.);
#2107=EDGE_CURVE('',#1634,#1633,#172,.T.);
#2108=EDGE_CURVE('',#1635,#1619,#382,.T.);
#2109=EDGE_CURVE('',#1635,#1634,#173,.T.);
#2110=EDGE_CURVE('',#1632,#1635,#174,.T.);
#2111=EDGE_CURVE('',#1636,#1637,#175,.T.);
#2112=EDGE_CURVE('',#1636,#1638,#176,.T.);
#2113=EDGE_CURVE('',#1638,#1639,#177,.T.);
#2114=EDGE_CURVE('',#1637,#1639,#178,.T.);
#2115=EDGE_CURVE('',#1640,#1641,#179,.T.);
#2116=EDGE_CURVE('',#1642,#1640,#180,.T.);
#2117=EDGE_CURVE('',#1643,#1642,#181,.T.);
#2118=EDGE_CURVE('',#1644,#1643,#182,.T.);
#2119=EDGE_CURVE('',#1645,#1644,#183,.T.);
#2120=EDGE_CURVE('',#1638,#1645,#184,.T.);
#2121=EDGE_CURVE('',#1641,#1636,#185,.T.);
#2122=EDGE_CURVE('',#1646,#1647,#186,.T.);
#2123=EDGE_CURVE('',#1648,#1646,#187,.T.);
#2124=EDGE_CURVE('',#1649,#1648,#188,.T.);
#2125=EDGE_CURVE('',#1650,#1649,#189,.T.);
#2126=EDGE_CURVE('',#1641,#1650,#190,.T.);
#2127=EDGE_CURVE('',#1637,#1647,#191,.T.);
#2128=EDGE_CURVE('',#1651,#1652,#192,.T.);
#2129=EDGE_CURVE('',#1653,#1651,#193,.T.);
#2130=EDGE_CURVE('',#1654,#1653,#194,.T.);
#2131=EDGE_CURVE('',#1655,#1654,#195,.T.);
#2132=EDGE_CURVE('',#1647,#1655,#196,.T.);
#2133=EDGE_CURVE('',#1639,#1652,#197,.T.);
#2134=EDGE_CURVE('',#1656,#1645,#198,.T.);
#2135=EDGE_CURVE('',#1657,#1656,#199,.T.);
#2136=EDGE_CURVE('',#1658,#1657,#200,.T.);
#2137=EDGE_CURVE('',#1659,#1658,#201,.T.);
#2138=EDGE_CURVE('',#1652,#1659,#202,.T.);
#2139=EDGE_CURVE('',#1652,#1660,#383,.T.);
#2140=EDGE_CURVE('',#1661,#1645,#384,.T.);
#2141=EDGE_CURVE('',#1661,#1660,#203,.T.);
#2142=EDGE_CURVE('',#1662,#1641,#385,.T.);
#2143=EDGE_CURVE('',#1662,#1661,#204,.T.);
#2144=EDGE_CURVE('',#1663,#1647,#386,.T.);
#2145=EDGE_CURVE('',#1663,#1662,#205,.T.);
#2146=EDGE_CURVE('',#1660,#1663,#206,.T.);
#2147=EDGE_CURVE('',#1664,#1665,#387,.T.);
#2148=EDGE_CURVE('',#1665,#1666,#1049,.T.);
#2149=EDGE_CURVE('',#1666,#1667,#388,.T.);
#2150=EDGE_CURVE('',#1667,#1664,#1050,.T.);
#2151=EDGE_CURVE('',#1668,#1666,#1051,.T.);
#2152=EDGE_CURVE('',#1669,#1668,#389,.T.);
#2153=EDGE_CURVE('',#1670,#1669,#1052,.T.);
#2154=EDGE_CURVE('',#1671,#1670,#1053,.T.);
#2155=EDGE_CURVE('',#1671,#1667,#1054,.T.);
#2156=EDGE_CURVE('',#1665,#1672,#1055,.T.);
#2157=EDGE_CURVE('',#1668,#1672,#1056,.T.);
#2158=EDGE_CURVE('',#1673,#1673,#390,.T.);
#2159=EDGE_CURVE('',#1674,#1674,#391,.T.);
#2160=EDGE_CURVE('',#1672,#1675,#392,.T.);
#2161=EDGE_CURVE('',#1675,#1669,#1057,.T.);
#2162=EDGE_CURVE('',#1674,#1676,#1058,.T.);
#2163=EDGE_CURVE('',#1676,#1676,#393,.T.);
#2164=EDGE_CURVE('',#1673,#1677,#1059,.T.);
#2165=EDGE_CURVE('',#1677,#1677,#394,.T.);
#2166=EDGE_CURVE('',#1678,#1664,#1060,.T.);
#2167=EDGE_CURVE('',#1679,#1678,#1061,.T.);
#2168=EDGE_CURVE('',#1679,#1675,#1062,.T.);
#2169=EDGE_CURVE('',#1678,#1671,#1063,.T.);
#2170=EDGE_CURVE('',#1670,#1679,#1064,.T.);
#2171=EDGE_CURVE('',#1680,#1681,#395,.T.);
#2172=EDGE_CURVE('',#1681,#1682,#1065,.T.);
#2173=EDGE_CURVE('',#1682,#1683,#396,.T.);
#2174=EDGE_CURVE('',#1683,#1680,#1066,.T.);
#2175=EDGE_CURVE('',#1684,#1682,#1067,.T.);
#2176=EDGE_CURVE('',#1685,#1684,#397,.T.);
#2177=EDGE_CURVE('',#1686,#1685,#1068,.T.);
#2178=EDGE_CURVE('',#1687,#1686,#1069,.T.);
#2179=EDGE_CURVE('',#1687,#1683,#1070,.T.);
#2180=EDGE_CURVE('',#1681,#1688,#1071,.T.);
#2181=EDGE_CURVE('',#1684,#1688,#1072,.T.);
#2182=EDGE_CURVE('',#1689,#1689,#398,.T.);
#2183=EDGE_CURVE('',#1690,#1690,#399,.T.);
#2184=EDGE_CURVE('',#1688,#1691,#400,.T.);
#2185=EDGE_CURVE('',#1691,#1685,#1073,.T.);
#2186=EDGE_CURVE('',#1690,#1692,#1074,.T.);
#2187=EDGE_CURVE('',#1692,#1692,#401,.T.);
#2188=EDGE_CURVE('',#1689,#1693,#1075,.T.);
#2189=EDGE_CURVE('',#1693,#1693,#402,.T.);
#2190=EDGE_CURVE('',#1694,#1691,#1076,.T.);
#2191=EDGE_CURVE('',#1686,#1694,#1077,.T.);
#2192=EDGE_CURVE('',#1695,#1680,#1078,.T.);
#2193=EDGE_CURVE('',#1694,#1695,#1079,.T.);
#2194=EDGE_CURVE('',#1695,#1687,#1080,.T.);
#2195=ORIENTED_EDGE('',*,*,#1696,.F.);
#2196=ORIENTED_EDGE('',*,*,#1697,.F.);
#2197=ORIENTED_EDGE('',*,*,#1698,.F.);
#2198=ORIENTED_EDGE('',*,*,#1699,.F.);
#2199=ORIENTED_EDGE('',*,*,#1700,.F.);
#2200=ORIENTED_EDGE('',*,*,#1701,.T.);
#2201=ORIENTED_EDGE('',*,*,#1699,.T.);
#2202=ORIENTED_EDGE('',*,*,#1702,.F.);
#2203=ORIENTED_EDGE('',*,*,#1703,.T.);
#2204=ORIENTED_EDGE('',*,*,#1704,.F.);
#2205=ORIENTED_EDGE('',*,*,#1705,.T.);
#2206=ORIENTED_EDGE('',*,*,#1706,.T.);
#2207=ORIENTED_EDGE('',*,*,#1707,.F.);
#2208=ORIENTED_EDGE('',*,*,#1708,.F.);
#2209=ORIENTED_EDGE('',*,*,#1709,.F.);
#2210=ORIENTED_EDGE('',*,*,#1710,.T.);
#2211=ORIENTED_EDGE('',*,*,#1711,.F.);
#2212=ORIENTED_EDGE('',*,*,#1703,.F.);
#2213=ORIENTED_EDGE('',*,*,#1712,.F.);
#2214=ORIENTED_EDGE('',*,*,#1713,.F.);
#2215=ORIENTED_EDGE('',*,*,#1714,.F.);
#2216=ORIENTED_EDGE('',*,*,#1698,.T.);
#2217=ORIENTED_EDGE('',*,*,#1715,.T.);
#2218=ORIENTED_EDGE('',*,*,#1712,.T.);
#2219=ORIENTED_EDGE('',*,*,#1702,.T.);
#2220=ORIENTED_EDGE('',*,*,#1716,.T.);
#2221=ORIENTED_EDGE('',*,*,#1717,.T.);
#2222=ORIENTED_EDGE('',*,*,#1718,.T.);
#2223=ORIENTED_EDGE('',*,*,#1719,.F.);
#2224=ORIENTED_EDGE('',*,*,#1720,.T.);
#2225=ORIENTED_EDGE('',*,*,#1717,.F.);
#2226=ORIENTED_EDGE('',*,*,#1721,.T.);
#2227=ORIENTED_EDGE('',*,*,#1716,.F.);
#2228=ORIENTED_EDGE('',*,*,#1722,.T.);
#2229=ORIENTED_EDGE('',*,*,#1723,.F.);
#2230=ORIENTED_EDGE('',*,*,#1724,.F.);
#2231=ORIENTED_EDGE('',*,*,#1722,.F.);
#2232=ORIENTED_EDGE('',*,*,#1721,.F.);
#2233=ORIENTED_EDGE('',*,*,#1700,.T.);
#2234=ORIENTED_EDGE('',*,*,#1725,.T.);
#2235=ORIENTED_EDGE('',*,*,#1714,.T.);
#2236=ORIENTED_EDGE('',*,*,#1725,.F.);
#2237=ORIENTED_EDGE('',*,*,#1726,.F.);
#2238=ORIENTED_EDGE('',*,*,#1727,.T.);
#2239=ORIENTED_EDGE('',*,*,#1728,.F.);
#2240=ORIENTED_EDGE('',*,*,#1727,.F.);
#2241=ORIENTED_EDGE('',*,*,#1729,.T.);
#2242=ORIENTED_EDGE('',*,*,#1730,.T.);
#2243=ORIENTED_EDGE('',*,*,#1707,.T.);
#2244=ORIENTED_EDGE('',*,*,#1731,.T.);
#2245=ORIENTED_EDGE('',*,*,#1730,.F.);
#2246=ORIENTED_EDGE('',*,*,#1732,.T.);
#2247=ORIENTED_EDGE('',*,*,#1733,.T.);
#2248=ORIENTED_EDGE('',*,*,#1708,.T.);
#2249=ORIENTED_EDGE('',*,*,#1726,.T.);
#2250=ORIENTED_EDGE('',*,*,#1734,.T.);
#2251=ORIENTED_EDGE('',*,*,#1709,.T.);
#2252=ORIENTED_EDGE('',*,*,#1733,.F.);
#2253=ORIENTED_EDGE('',*,*,#1735,.F.);
#2254=ORIENTED_EDGE('',*,*,#1736,.T.);
#2255=ORIENTED_EDGE('',*,*,#1710,.F.);
#2256=ORIENTED_EDGE('',*,*,#1734,.F.);
#2257=ORIENTED_EDGE('',*,*,#1737,.F.);
#2258=ORIENTED_EDGE('',*,*,#1728,.T.);
#2259=ORIENTED_EDGE('',*,*,#1701,.F.);
#2260=ORIENTED_EDGE('',*,*,#1736,.F.);
#2261=ORIENTED_EDGE('',*,*,#1738,.F.);
#2262=ORIENTED_EDGE('',*,*,#1696,.T.);
#2263=ORIENTED_EDGE('',*,*,#1739,.T.);
#2264=ORIENTED_EDGE('',*,*,#1723,.T.);
#2265=ORIENTED_EDGE('',*,*,#1724,.T.);
#2266=ORIENTED_EDGE('',*,*,#1739,.F.);
#2267=ORIENTED_EDGE('',*,*,#1740,.T.);
#2268=ORIENTED_EDGE('',*,*,#1741,.T.);
#2269=ORIENTED_EDGE('',*,*,#1742,.T.);
#2270=ORIENTED_EDGE('',*,*,#1743,.T.);
#2271=ORIENTED_EDGE('',*,*,#1744,.T.);
#2272=ORIENTED_EDGE('',*,*,#1745,.T.);
#2273=ORIENTED_EDGE('',*,*,#1746,.T.);
#2274=ORIENTED_EDGE('',*,*,#1747,.T.);
#2275=ORIENTED_EDGE('',*,*,#1748,.T.);
#2276=ORIENTED_EDGE('',*,*,#1749,.T.);
#2277=ORIENTED_EDGE('',*,*,#1750,.T.);
#2278=ORIENTED_EDGE('',*,*,#1751,.T.);
#2279=ORIENTED_EDGE('',*,*,#1752,.T.);
#2280=ORIENTED_EDGE('',*,*,#1753,.T.);
#2281=ORIENTED_EDGE('',*,*,#1754,.T.);
#2282=ORIENTED_EDGE('',*,*,#1755,.T.);
#2283=ORIENTED_EDGE('',*,*,#1756,.T.);
#2284=ORIENTED_EDGE('',*,*,#1757,.T.);
#2285=ORIENTED_EDGE('',*,*,#1758,.T.);
#2286=ORIENTED_EDGE('',*,*,#1759,.T.);
#2287=ORIENTED_EDGE('',*,*,#1760,.T.);
#2288=ORIENTED_EDGE('',*,*,#1756,.F.);
#2289=ORIENTED_EDGE('',*,*,#1755,.F.);
#2290=ORIENTED_EDGE('',*,*,#1754,.F.);
#2291=ORIENTED_EDGE('',*,*,#1753,.F.);
#2292=ORIENTED_EDGE('',*,*,#1752,.F.);
#2293=ORIENTED_EDGE('',*,*,#1751,.F.);
#2294=ORIENTED_EDGE('',*,*,#1750,.F.);
#2295=ORIENTED_EDGE('',*,*,#1749,.F.);
#2296=ORIENTED_EDGE('',*,*,#1748,.F.);
#2297=ORIENTED_EDGE('',*,*,#1747,.F.);
#2298=ORIENTED_EDGE('',*,*,#1746,.F.);
#2299=ORIENTED_EDGE('',*,*,#1745,.F.);
#2300=ORIENTED_EDGE('',*,*,#1744,.F.);
#2301=ORIENTED_EDGE('',*,*,#1743,.F.);
#2302=ORIENTED_EDGE('',*,*,#1742,.F.);
#2303=ORIENTED_EDGE('',*,*,#1741,.F.);
#2304=ORIENTED_EDGE('',*,*,#1740,.F.);
#2305=ORIENTED_EDGE('',*,*,#1738,.T.);
#2306=ORIENTED_EDGE('',*,*,#1737,.T.);
#2307=ORIENTED_EDGE('',*,*,#1735,.T.);
#2308=ORIENTED_EDGE('',*,*,#1732,.F.);
#2309=ORIENTED_EDGE('',*,*,#1729,.F.);
#2310=ORIENTED_EDGE('',*,*,#1761,.F.);
#2311=ORIENTED_EDGE('',*,*,#1762,.T.);
#2312=ORIENTED_EDGE('',*,*,#1763,.T.);
#2313=ORIENTED_EDGE('',*,*,#1713,.T.);
#2314=ORIENTED_EDGE('',*,*,#1715,.F.);
#2315=ORIENTED_EDGE('',*,*,#1697,.T.);
#2316=ORIENTED_EDGE('',*,*,#1720,.F.);
#2317=ORIENTED_EDGE('',*,*,#1764,.T.);
#2318=ORIENTED_EDGE('',*,*,#1704,.T.);
#2319=ORIENTED_EDGE('',*,*,#1711,.T.);
#2320=ORIENTED_EDGE('',*,*,#1763,.F.);
#2321=ORIENTED_EDGE('',*,*,#1765,.T.);
#2322=ORIENTED_EDGE('',*,*,#1718,.F.);
#2323=ORIENTED_EDGE('',*,*,#1765,.F.);
#2324=ORIENTED_EDGE('',*,*,#1762,.F.);
#2325=ORIENTED_EDGE('',*,*,#1766,.T.);
#2326=ORIENTED_EDGE('',*,*,#1705,.F.);
#2327=ORIENTED_EDGE('',*,*,#1764,.F.);
#2328=ORIENTED_EDGE('',*,*,#1719,.T.);
#2329=ORIENTED_EDGE('',*,*,#1731,.F.);
#2330=ORIENTED_EDGE('',*,*,#1706,.F.);
#2331=ORIENTED_EDGE('',*,*,#1766,.F.);
#2332=ORIENTED_EDGE('',*,*,#1761,.T.);
#2333=ORIENTED_EDGE('',*,*,#1767,.F.);
#2334=ORIENTED_EDGE('',*,*,#1760,.F.);
#2335=ORIENTED_EDGE('',*,*,#1768,.F.);
#2336=ORIENTED_EDGE('',*,*,#1769,.F.);
#2337=ORIENTED_EDGE('',*,*,#1770,.F.);
#2338=ORIENTED_EDGE('',*,*,#1768,.T.);
#2339=ORIENTED_EDGE('',*,*,#1759,.F.);
#2340=ORIENTED_EDGE('',*,*,#1771,.F.);
#2341=ORIENTED_EDGE('',*,*,#1772,.F.);
#2342=ORIENTED_EDGE('',*,*,#1769,.T.);
#2343=ORIENTED_EDGE('',*,*,#1770,.T.);
#2344=ORIENTED_EDGE('',*,*,#1773,.F.);
#2345=ORIENTED_EDGE('',*,*,#1774,.F.);
#2346=ORIENTED_EDGE('',*,*,#1773,.T.);
#2347=ORIENTED_EDGE('',*,*,#1771,.T.);
#2348=ORIENTED_EDGE('',*,*,#1758,.F.);
#2349=ORIENTED_EDGE('',*,*,#1757,.F.);
#2350=ORIENTED_EDGE('',*,*,#1767,.T.);
#2351=ORIENTED_EDGE('',*,*,#1772,.T.);
#2352=ORIENTED_EDGE('',*,*,#1774,.T.);
#2353=ORIENTED_EDGE('',*,*,#1775,.F.);
#2354=ORIENTED_EDGE('',*,*,#1776,.F.);
#2355=ORIENTED_EDGE('',*,*,#1777,.F.);
#2356=ORIENTED_EDGE('',*,*,#1778,.F.);
#2357=ORIENTED_EDGE('',*,*,#1778,.T.);
#2358=ORIENTED_EDGE('',*,*,#1779,.T.);
#2359=ORIENTED_EDGE('',*,*,#1780,.F.);
#2360=ORIENTED_EDGE('',*,*,#1781,.F.);
#2361=ORIENTED_EDGE('',*,*,#1777,.T.);
#2362=ORIENTED_EDGE('',*,*,#1782,.T.);
#2363=ORIENTED_EDGE('',*,*,#1783,.F.);
#2364=ORIENTED_EDGE('',*,*,#1784,.F.);
#2365=ORIENTED_EDGE('',*,*,#1785,.F.);
#2366=ORIENTED_EDGE('',*,*,#1779,.F.);
#2367=ORIENTED_EDGE('',*,*,#1786,.T.);
#2368=ORIENTED_EDGE('',*,*,#1787,.T.);
#2369=ORIENTED_EDGE('',*,*,#1788,.T.);
#2370=ORIENTED_EDGE('',*,*,#1789,.T.);
#2371=ORIENTED_EDGE('',*,*,#1790,.T.);
#2372=ORIENTED_EDGE('',*,*,#1791,.T.);
#2373=ORIENTED_EDGE('',*,*,#1792,.T.);
#2374=ORIENTED_EDGE('',*,*,#1793,.T.);
#2375=ORIENTED_EDGE('',*,*,#1794,.T.);
#2376=ORIENTED_EDGE('',*,*,#1795,.T.);
#2377=ORIENTED_EDGE('',*,*,#1796,.T.);
#2378=ORIENTED_EDGE('',*,*,#1797,.T.);
#2379=ORIENTED_EDGE('',*,*,#1798,.T.);
#2380=ORIENTED_EDGE('',*,*,#1799,.T.);
#2381=ORIENTED_EDGE('',*,*,#1800,.T.);
#2382=ORIENTED_EDGE('',*,*,#1801,.T.);
#2383=ORIENTED_EDGE('',*,*,#1802,.T.);
#2384=ORIENTED_EDGE('',*,*,#1803,.T.);
#2385=ORIENTED_EDGE('',*,*,#1804,.T.);
#2386=ORIENTED_EDGE('',*,*,#1805,.T.);
#2387=ORIENTED_EDGE('',*,*,#1806,.T.);
#2388=ORIENTED_EDGE('',*,*,#1807,.T.);
#2389=ORIENTED_EDGE('',*,*,#1808,.T.);
#2390=ORIENTED_EDGE('',*,*,#1809,.T.);
#2391=ORIENTED_EDGE('',*,*,#1810,.T.);
#2392=ORIENTED_EDGE('',*,*,#1811,.T.);
#2393=ORIENTED_EDGE('',*,*,#1812,.T.);
#2394=ORIENTED_EDGE('',*,*,#1813,.T.);
#2395=ORIENTED_EDGE('',*,*,#1814,.T.);
#2396=ORIENTED_EDGE('',*,*,#1815,.T.);
#2397=ORIENTED_EDGE('',*,*,#1816,.T.);
#2398=ORIENTED_EDGE('',*,*,#1817,.T.);
#2399=ORIENTED_EDGE('',*,*,#1818,.T.);
#2400=ORIENTED_EDGE('',*,*,#1819,.T.);
#2401=ORIENTED_EDGE('',*,*,#1820,.T.);
#2402=ORIENTED_EDGE('',*,*,#1821,.T.);
#2403=ORIENTED_EDGE('',*,*,#1822,.T.);
#2404=ORIENTED_EDGE('',*,*,#1823,.T.);
#2405=ORIENTED_EDGE('',*,*,#1824,.T.);
#2406=ORIENTED_EDGE('',*,*,#1825,.T.);
#2407=ORIENTED_EDGE('',*,*,#1826,.T.);
#2408=ORIENTED_EDGE('',*,*,#1827,.T.);
#2409=ORIENTED_EDGE('',*,*,#1828,.T.);
#2410=ORIENTED_EDGE('',*,*,#1829,.T.);
#2411=ORIENTED_EDGE('',*,*,#1830,.T.);
#2412=ORIENTED_EDGE('',*,*,#1831,.T.);
#2413=ORIENTED_EDGE('',*,*,#1832,.T.);
#2414=ORIENTED_EDGE('',*,*,#1833,.T.);
#2415=ORIENTED_EDGE('',*,*,#1834,.T.);
#2416=ORIENTED_EDGE('',*,*,#1835,.T.);
#2417=ORIENTED_EDGE('',*,*,#1836,.T.);
#2418=ORIENTED_EDGE('',*,*,#1837,.T.);
#2419=ORIENTED_EDGE('',*,*,#1838,.T.);
#2420=ORIENTED_EDGE('',*,*,#1839,.T.);
#2421=ORIENTED_EDGE('',*,*,#1840,.T.);
#2422=ORIENTED_EDGE('',*,*,#1841,.T.);
#2423=ORIENTED_EDGE('',*,*,#1842,.T.);
#2424=ORIENTED_EDGE('',*,*,#1843,.T.);
#2425=ORIENTED_EDGE('',*,*,#1844,.T.);
#2426=ORIENTED_EDGE('',*,*,#1845,.T.);
#2427=ORIENTED_EDGE('',*,*,#1846,.T.);
#2428=ORIENTED_EDGE('',*,*,#1847,.T.);
#2429=ORIENTED_EDGE('',*,*,#1848,.T.);
#2430=ORIENTED_EDGE('',*,*,#1849,.T.);
#2431=ORIENTED_EDGE('',*,*,#1850,.T.);
#2432=ORIENTED_EDGE('',*,*,#1851,.F.);
#2433=ORIENTED_EDGE('',*,*,#1852,.T.);
#2434=ORIENTED_EDGE('',*,*,#1786,.F.);
#2435=ORIENTED_EDGE('',*,*,#1852,.F.);
#2436=ORIENTED_EDGE('',*,*,#1851,.T.);
#2437=ORIENTED_EDGE('',*,*,#1775,.T.);
#2438=ORIENTED_EDGE('',*,*,#1781,.T.);
#2439=ORIENTED_EDGE('',*,*,#1853,.F.);
#2440=ORIENTED_EDGE('',*,*,#1854,.F.);
#2441=ORIENTED_EDGE('',*,*,#1855,.F.);
#2442=ORIENTED_EDGE('',*,*,#1856,.F.);
#2443=ORIENTED_EDGE('',*,*,#1857,.T.);
#2444=ORIENTED_EDGE('',*,*,#1858,.T.);
#2445=ORIENTED_EDGE('',*,*,#1859,.T.);
#2446=ORIENTED_EDGE('',*,*,#1860,.T.);
#2447=ORIENTED_EDGE('',*,*,#1861,.T.);
#2448=ORIENTED_EDGE('',*,*,#1862,.T.);
#2449=ORIENTED_EDGE('',*,*,#1863,.T.);
#2450=ORIENTED_EDGE('',*,*,#1864,.T.);
#2451=ORIENTED_EDGE('',*,*,#1865,.T.);
#2452=ORIENTED_EDGE('',*,*,#1866,.T.);
#2453=ORIENTED_EDGE('',*,*,#1867,.T.);
#2454=ORIENTED_EDGE('',*,*,#1868,.T.);
#2455=ORIENTED_EDGE('',*,*,#1869,.T.);
#2456=ORIENTED_EDGE('',*,*,#1870,.T.);
#2457=ORIENTED_EDGE('',*,*,#1871,.T.);
#2458=ORIENTED_EDGE('',*,*,#1872,.T.);
#2459=ORIENTED_EDGE('',*,*,#1873,.T.);
#2460=ORIENTED_EDGE('',*,*,#1874,.T.);
#2461=ORIENTED_EDGE('',*,*,#1875,.T.);
#2462=ORIENTED_EDGE('',*,*,#1876,.T.);
#2463=ORIENTED_EDGE('',*,*,#1877,.T.);
#2464=ORIENTED_EDGE('',*,*,#1878,.T.);
#2465=ORIENTED_EDGE('',*,*,#1879,.T.);
#2466=ORIENTED_EDGE('',*,*,#1880,.T.);
#2467=ORIENTED_EDGE('',*,*,#1881,.T.);
#2468=ORIENTED_EDGE('',*,*,#1882,.T.);
#2469=ORIENTED_EDGE('',*,*,#1883,.T.);
#2470=ORIENTED_EDGE('',*,*,#1884,.T.);
#2471=ORIENTED_EDGE('',*,*,#1885,.T.);
#2472=ORIENTED_EDGE('',*,*,#1886,.T.);
#2473=ORIENTED_EDGE('',*,*,#1887,.T.);
#2474=ORIENTED_EDGE('',*,*,#1888,.T.);
#2475=ORIENTED_EDGE('',*,*,#1889,.T.);
#2476=ORIENTED_EDGE('',*,*,#1890,.T.);
#2477=ORIENTED_EDGE('',*,*,#1891,.T.);
#2478=ORIENTED_EDGE('',*,*,#1892,.T.);
#2479=ORIENTED_EDGE('',*,*,#1893,.T.);
#2480=ORIENTED_EDGE('',*,*,#1894,.T.);
#2481=ORIENTED_EDGE('',*,*,#1895,.T.);
#2482=ORIENTED_EDGE('',*,*,#1896,.T.);
#2483=ORIENTED_EDGE('',*,*,#1897,.T.);
#2484=ORIENTED_EDGE('',*,*,#1898,.T.);
#2485=ORIENTED_EDGE('',*,*,#1899,.T.);
#2486=ORIENTED_EDGE('',*,*,#1900,.T.);
#2487=ORIENTED_EDGE('',*,*,#1901,.T.);
#2488=ORIENTED_EDGE('',*,*,#1902,.T.);
#2489=ORIENTED_EDGE('',*,*,#1903,.T.);
#2490=ORIENTED_EDGE('',*,*,#1904,.T.);
#2491=ORIENTED_EDGE('',*,*,#1905,.T.);
#2492=ORIENTED_EDGE('',*,*,#1906,.T.);
#2493=ORIENTED_EDGE('',*,*,#1907,.T.);
#2494=ORIENTED_EDGE('',*,*,#1908,.T.);
#2495=ORIENTED_EDGE('',*,*,#1909,.T.);
#2496=ORIENTED_EDGE('',*,*,#1910,.T.);
#2497=ORIENTED_EDGE('',*,*,#1911,.T.);
#2498=ORIENTED_EDGE('',*,*,#1912,.T.);
#2499=ORIENTED_EDGE('',*,*,#1913,.T.);
#2500=ORIENTED_EDGE('',*,*,#1914,.T.);
#2501=ORIENTED_EDGE('',*,*,#1915,.T.);
#2502=ORIENTED_EDGE('',*,*,#1916,.T.);
#2503=ORIENTED_EDGE('',*,*,#1917,.T.);
#2504=ORIENTED_EDGE('',*,*,#1918,.T.);
#2505=ORIENTED_EDGE('',*,*,#1919,.T.);
#2506=ORIENTED_EDGE('',*,*,#1920,.T.);
#2507=ORIENTED_EDGE('',*,*,#1919,.F.);
#2508=ORIENTED_EDGE('',*,*,#1921,.F.);
#2509=ORIENTED_EDGE('',*,*,#1789,.F.);
#2510=ORIENTED_EDGE('',*,*,#1922,.T.);
#2511=ORIENTED_EDGE('',*,*,#1920,.F.);
#2512=ORIENTED_EDGE('',*,*,#1922,.F.);
#2513=ORIENTED_EDGE('',*,*,#1788,.F.);
#2514=ORIENTED_EDGE('',*,*,#1923,.T.);
#2515=ORIENTED_EDGE('',*,*,#1917,.F.);
#2516=ORIENTED_EDGE('',*,*,#1923,.F.);
#2517=ORIENTED_EDGE('',*,*,#1787,.F.);
#2518=ORIENTED_EDGE('',*,*,#1924,.T.);
#2519=ORIENTED_EDGE('',*,*,#1918,.F.);
#2520=ORIENTED_EDGE('',*,*,#1924,.F.);
#2521=ORIENTED_EDGE('',*,*,#1790,.F.);
#2522=ORIENTED_EDGE('',*,*,#1921,.T.);
#2523=ORIENTED_EDGE('',*,*,#1915,.F.);
#2524=ORIENTED_EDGE('',*,*,#1925,.F.);
#2525=ORIENTED_EDGE('',*,*,#1793,.F.);
#2526=ORIENTED_EDGE('',*,*,#1926,.T.);
#2527=ORIENTED_EDGE('',*,*,#1916,.F.);
#2528=ORIENTED_EDGE('',*,*,#1926,.F.);
#2529=ORIENTED_EDGE('',*,*,#1792,.F.);
#2530=ORIENTED_EDGE('',*,*,#1927,.T.);
#2531=ORIENTED_EDGE('',*,*,#1913,.F.);
#2532=ORIENTED_EDGE('',*,*,#1927,.F.);
#2533=ORIENTED_EDGE('',*,*,#1791,.F.);
#2534=ORIENTED_EDGE('',*,*,#1928,.T.);
#2535=ORIENTED_EDGE('',*,*,#1914,.F.);
#2536=ORIENTED_EDGE('',*,*,#1928,.F.);
#2537=ORIENTED_EDGE('',*,*,#1794,.F.);
#2538=ORIENTED_EDGE('',*,*,#1925,.T.);
#2539=ORIENTED_EDGE('',*,*,#1911,.F.);
#2540=ORIENTED_EDGE('',*,*,#1929,.F.);
#2541=ORIENTED_EDGE('',*,*,#1797,.F.);
#2542=ORIENTED_EDGE('',*,*,#1930,.T.);
#2543=ORIENTED_EDGE('',*,*,#1912,.F.);
#2544=ORIENTED_EDGE('',*,*,#1930,.F.);
#2545=ORIENTED_EDGE('',*,*,#1796,.F.);
#2546=ORIENTED_EDGE('',*,*,#1931,.T.);
#2547=ORIENTED_EDGE('',*,*,#1909,.F.);
#2548=ORIENTED_EDGE('',*,*,#1931,.F.);
#2549=ORIENTED_EDGE('',*,*,#1795,.F.);
#2550=ORIENTED_EDGE('',*,*,#1932,.T.);
#2551=ORIENTED_EDGE('',*,*,#1910,.F.);
#2552=ORIENTED_EDGE('',*,*,#1932,.F.);
#2553=ORIENTED_EDGE('',*,*,#1798,.F.);
#2554=ORIENTED_EDGE('',*,*,#1929,.T.);
#2555=ORIENTED_EDGE('',*,*,#1907,.F.);
#2556=ORIENTED_EDGE('',*,*,#1933,.F.);
#2557=ORIENTED_EDGE('',*,*,#1801,.F.);
#2558=ORIENTED_EDGE('',*,*,#1934,.T.);
#2559=ORIENTED_EDGE('',*,*,#1908,.F.);
#2560=ORIENTED_EDGE('',*,*,#1934,.F.);
#2561=ORIENTED_EDGE('',*,*,#1800,.F.);
#2562=ORIENTED_EDGE('',*,*,#1935,.T.);
#2563=ORIENTED_EDGE('',*,*,#1905,.F.);
#2564=ORIENTED_EDGE('',*,*,#1935,.F.);
#2565=ORIENTED_EDGE('',*,*,#1799,.F.);
#2566=ORIENTED_EDGE('',*,*,#1936,.T.);
#2567=ORIENTED_EDGE('',*,*,#1906,.F.);
#2568=ORIENTED_EDGE('',*,*,#1936,.F.);
#2569=ORIENTED_EDGE('',*,*,#1802,.F.);
#2570=ORIENTED_EDGE('',*,*,#1933,.T.);
#2571=ORIENTED_EDGE('',*,*,#1903,.F.);
#2572=ORIENTED_EDGE('',*,*,#1937,.F.);
#2573=ORIENTED_EDGE('',*,*,#1805,.F.);
#2574=ORIENTED_EDGE('',*,*,#1938,.T.);
#2575=ORIENTED_EDGE('',*,*,#1904,.F.);
#2576=ORIENTED_EDGE('',*,*,#1938,.F.);
#2577=ORIENTED_EDGE('',*,*,#1804,.F.);
#2578=ORIENTED_EDGE('',*,*,#1939,.T.);
#2579=ORIENTED_EDGE('',*,*,#1901,.F.);
#2580=ORIENTED_EDGE('',*,*,#1939,.F.);
#2581=ORIENTED_EDGE('',*,*,#1803,.F.);
#2582=ORIENTED_EDGE('',*,*,#1940,.T.);
#2583=ORIENTED_EDGE('',*,*,#1902,.F.);
#2584=ORIENTED_EDGE('',*,*,#1940,.F.);
#2585=ORIENTED_EDGE('',*,*,#1806,.F.);
#2586=ORIENTED_EDGE('',*,*,#1937,.T.);
#2587=ORIENTED_EDGE('',*,*,#1859,.F.);
#2588=ORIENTED_EDGE('',*,*,#1941,.F.);
#2589=ORIENTED_EDGE('',*,*,#1849,.F.);
#2590=ORIENTED_EDGE('',*,*,#1942,.T.);
#2591=ORIENTED_EDGE('',*,*,#1860,.F.);
#2592=ORIENTED_EDGE('',*,*,#1942,.F.);
#2593=ORIENTED_EDGE('',*,*,#1848,.F.);
#2594=ORIENTED_EDGE('',*,*,#1943,.T.);
#2595=ORIENTED_EDGE('',*,*,#1857,.F.);
#2596=ORIENTED_EDGE('',*,*,#1943,.F.);
#2597=ORIENTED_EDGE('',*,*,#1847,.F.);
#2598=ORIENTED_EDGE('',*,*,#1944,.T.);
#2599=ORIENTED_EDGE('',*,*,#1858,.F.);
#2600=ORIENTED_EDGE('',*,*,#1944,.F.);
#2601=ORIENTED_EDGE('',*,*,#1850,.F.);
#2602=ORIENTED_EDGE('',*,*,#1941,.T.);
#2603=ORIENTED_EDGE('',*,*,#1863,.F.);
#2604=ORIENTED_EDGE('',*,*,#1945,.F.);
#2605=ORIENTED_EDGE('',*,*,#1845,.F.);
#2606=ORIENTED_EDGE('',*,*,#1946,.T.);
#2607=ORIENTED_EDGE('',*,*,#1864,.F.);
#2608=ORIENTED_EDGE('',*,*,#1946,.F.);
#2609=ORIENTED_EDGE('',*,*,#1844,.F.);
#2610=ORIENTED_EDGE('',*,*,#1947,.T.);
#2611=ORIENTED_EDGE('',*,*,#1861,.F.);
#2612=ORIENTED_EDGE('',*,*,#1947,.F.);
#2613=ORIENTED_EDGE('',*,*,#1843,.F.);
#2614=ORIENTED_EDGE('',*,*,#1948,.T.);
#2615=ORIENTED_EDGE('',*,*,#1862,.F.);
#2616=ORIENTED_EDGE('',*,*,#1948,.F.);
#2617=ORIENTED_EDGE('',*,*,#1846,.F.);
#2618=ORIENTED_EDGE('',*,*,#1945,.T.);
#2619=ORIENTED_EDGE('',*,*,#1867,.F.);
#2620=ORIENTED_EDGE('',*,*,#1949,.F.);
#2621=ORIENTED_EDGE('',*,*,#1841,.F.);
#2622=ORIENTED_EDGE('',*,*,#1950,.T.);
#2623=ORIENTED_EDGE('',*,*,#1868,.F.);
#2624=ORIENTED_EDGE('',*,*,#1950,.F.);
#2625=ORIENTED_EDGE('',*,*,#1840,.F.);
#2626=ORIENTED_EDGE('',*,*,#1951,.T.);
#2627=ORIENTED_EDGE('',*,*,#1865,.F.);
#2628=ORIENTED_EDGE('',*,*,#1951,.F.);
#2629=ORIENTED_EDGE('',*,*,#1839,.F.);
#2630=ORIENTED_EDGE('',*,*,#1952,.T.);
#2631=ORIENTED_EDGE('',*,*,#1866,.F.);
#2632=ORIENTED_EDGE('',*,*,#1952,.F.);
#2633=ORIENTED_EDGE('',*,*,#1842,.F.);
#2634=ORIENTED_EDGE('',*,*,#1949,.T.);
#2635=ORIENTED_EDGE('',*,*,#1871,.F.);
#2636=ORIENTED_EDGE('',*,*,#1953,.F.);
#2637=ORIENTED_EDGE('',*,*,#1837,.F.);
#2638=ORIENTED_EDGE('',*,*,#1954,.T.);
#2639=ORIENTED_EDGE('',*,*,#1872,.F.);
#2640=ORIENTED_EDGE('',*,*,#1954,.F.);
#2641=ORIENTED_EDGE('',*,*,#1836,.F.);
#2642=ORIENTED_EDGE('',*,*,#1955,.T.);
#2643=ORIENTED_EDGE('',*,*,#1869,.F.);
#2644=ORIENTED_EDGE('',*,*,#1955,.F.);
#2645=ORIENTED_EDGE('',*,*,#1835,.F.);
#2646=ORIENTED_EDGE('',*,*,#1956,.T.);
#2647=ORIENTED_EDGE('',*,*,#1870,.F.);
#2648=ORIENTED_EDGE('',*,*,#1956,.F.);
#2649=ORIENTED_EDGE('',*,*,#1838,.F.);
#2650=ORIENTED_EDGE('',*,*,#1953,.T.);
#2651=ORIENTED_EDGE('',*,*,#1875,.F.);
#2652=ORIENTED_EDGE('',*,*,#1957,.F.);
#2653=ORIENTED_EDGE('',*,*,#1833,.F.);
#2654=ORIENTED_EDGE('',*,*,#1958,.T.);
#2655=ORIENTED_EDGE('',*,*,#1876,.F.);
#2656=ORIENTED_EDGE('',*,*,#1958,.F.);
#2657=ORIENTED_EDGE('',*,*,#1832,.F.);
#2658=ORIENTED_EDGE('',*,*,#1959,.T.);
#2659=ORIENTED_EDGE('',*,*,#1873,.F.);
#2660=ORIENTED_EDGE('',*,*,#1959,.F.);
#2661=ORIENTED_EDGE('',*,*,#1831,.F.);
#2662=ORIENTED_EDGE('',*,*,#1960,.T.);
#2663=ORIENTED_EDGE('',*,*,#1874,.F.);
#2664=ORIENTED_EDGE('',*,*,#1960,.F.);
#2665=ORIENTED_EDGE('',*,*,#1834,.F.);
#2666=ORIENTED_EDGE('',*,*,#1957,.T.);
#2667=ORIENTED_EDGE('',*,*,#1879,.F.);
#2668=ORIENTED_EDGE('',*,*,#1961,.F.);
#2669=ORIENTED_EDGE('',*,*,#1829,.F.);
#2670=ORIENTED_EDGE('',*,*,#1962,.T.);
#2671=ORIENTED_EDGE('',*,*,#1880,.F.);
#2672=ORIENTED_EDGE('',*,*,#1962,.F.);
#2673=ORIENTED_EDGE('',*,*,#1828,.F.);
#2674=ORIENTED_EDGE('',*,*,#1963,.T.);
#2675=ORIENTED_EDGE('',*,*,#1877,.F.);
#2676=ORIENTED_EDGE('',*,*,#1963,.F.);
#2677=ORIENTED_EDGE('',*,*,#1827,.F.);
#2678=ORIENTED_EDGE('',*,*,#1964,.T.);
#2679=ORIENTED_EDGE('',*,*,#1878,.F.);
#2680=ORIENTED_EDGE('',*,*,#1964,.F.);
#2681=ORIENTED_EDGE('',*,*,#1830,.F.);
#2682=ORIENTED_EDGE('',*,*,#1961,.T.);
#2683=ORIENTED_EDGE('',*,*,#1883,.F.);
#2684=ORIENTED_EDGE('',*,*,#1965,.F.);
#2685=ORIENTED_EDGE('',*,*,#1825,.F.);
#2686=ORIENTED_EDGE('',*,*,#1966,.T.);
#2687=ORIENTED_EDGE('',*,*,#1884,.F.);
#2688=ORIENTED_EDGE('',*,*,#1966,.F.);
#2689=ORIENTED_EDGE('',*,*,#1824,.F.);
#2690=ORIENTED_EDGE('',*,*,#1967,.T.);
#2691=ORIENTED_EDGE('',*,*,#1881,.F.);
#2692=ORIENTED_EDGE('',*,*,#1967,.F.);
#2693=ORIENTED_EDGE('',*,*,#1823,.F.);
#2694=ORIENTED_EDGE('',*,*,#1968,.T.);
#2695=ORIENTED_EDGE('',*,*,#1882,.F.);
#2696=ORIENTED_EDGE('',*,*,#1968,.F.);
#2697=ORIENTED_EDGE('',*,*,#1826,.F.);
#2698=ORIENTED_EDGE('',*,*,#1965,.T.);
#2699=ORIENTED_EDGE('',*,*,#1887,.F.);
#2700=ORIENTED_EDGE('',*,*,#1969,.F.);
#2701=ORIENTED_EDGE('',*,*,#1821,.F.);
#2702=ORIENTED_EDGE('',*,*,#1970,.T.);
#2703=ORIENTED_EDGE('',*,*,#1888,.F.);
#2704=ORIENTED_EDGE('',*,*,#1970,.F.);
#2705=ORIENTED_EDGE('',*,*,#1820,.F.);
#2706=ORIENTED_EDGE('',*,*,#1971,.T.);
#2707=ORIENTED_EDGE('',*,*,#1885,.F.);
#2708=ORIENTED_EDGE('',*,*,#1971,.F.);
#2709=ORIENTED_EDGE('',*,*,#1819,.F.);
#2710=ORIENTED_EDGE('',*,*,#1972,.T.);
#2711=ORIENTED_EDGE('',*,*,#1886,.F.);
#2712=ORIENTED_EDGE('',*,*,#1972,.F.);
#2713=ORIENTED_EDGE('',*,*,#1822,.F.);
#2714=ORIENTED_EDGE('',*,*,#1969,.T.);
#2715=ORIENTED_EDGE('',*,*,#1891,.F.);
#2716=ORIENTED_EDGE('',*,*,#1973,.F.);
#2717=ORIENTED_EDGE('',*,*,#1817,.F.);
#2718=ORIENTED_EDGE('',*,*,#1974,.T.);
#2719=ORIENTED_EDGE('',*,*,#1892,.F.);
#2720=ORIENTED_EDGE('',*,*,#1974,.F.);
#2721=ORIENTED_EDGE('',*,*,#1816,.F.);
#2722=ORIENTED_EDGE('',*,*,#1975,.T.);
#2723=ORIENTED_EDGE('',*,*,#1889,.F.);
#2724=ORIENTED_EDGE('',*,*,#1975,.F.);
#2725=ORIENTED_EDGE('',*,*,#1815,.F.);
#2726=ORIENTED_EDGE('',*,*,#1976,.T.);
#2727=ORIENTED_EDGE('',*,*,#1890,.F.);
#2728=ORIENTED_EDGE('',*,*,#1976,.F.);
#2729=ORIENTED_EDGE('',*,*,#1818,.F.);
#2730=ORIENTED_EDGE('',*,*,#1973,.T.);
#2731=ORIENTED_EDGE('',*,*,#1895,.F.);
#2732=ORIENTED_EDGE('',*,*,#1977,.F.);
#2733=ORIENTED_EDGE('',*,*,#1813,.F.);
#2734=ORIENTED_EDGE('',*,*,#1978,.T.);
#2735=ORIENTED_EDGE('',*,*,#1896,.F.);
#2736=ORIENTED_EDGE('',*,*,#1978,.F.);
#2737=ORIENTED_EDGE('',*,*,#1812,.F.);
#2738=ORIENTED_EDGE('',*,*,#1979,.T.);
#2739=ORIENTED_EDGE('',*,*,#1893,.F.);
#2740=ORIENTED_EDGE('',*,*,#1979,.F.);
#2741=ORIENTED_EDGE('',*,*,#1811,.F.);
#2742=ORIENTED_EDGE('',*,*,#1980,.T.);
#2743=ORIENTED_EDGE('',*,*,#1894,.F.);
#2744=ORIENTED_EDGE('',*,*,#1980,.F.);
#2745=ORIENTED_EDGE('',*,*,#1814,.F.);
#2746=ORIENTED_EDGE('',*,*,#1977,.T.);
#2747=ORIENTED_EDGE('',*,*,#1899,.F.);
#2748=ORIENTED_EDGE('',*,*,#1981,.F.);
#2749=ORIENTED_EDGE('',*,*,#1809,.F.);
#2750=ORIENTED_EDGE('',*,*,#1982,.T.);
#2751=ORIENTED_EDGE('',*,*,#1900,.F.);
#2752=ORIENTED_EDGE('',*,*,#1982,.F.);
#2753=ORIENTED_EDGE('',*,*,#1808,.F.);
#2754=ORIENTED_EDGE('',*,*,#1983,.T.);
#2755=ORIENTED_EDGE('',*,*,#1897,.F.);
#2756=ORIENTED_EDGE('',*,*,#1983,.F.);
#2757=ORIENTED_EDGE('',*,*,#1807,.F.);
#2758=ORIENTED_EDGE('',*,*,#1984,.T.);
#2759=ORIENTED_EDGE('',*,*,#1898,.F.);
#2760=ORIENTED_EDGE('',*,*,#1984,.F.);
#2761=ORIENTED_EDGE('',*,*,#1810,.F.);
#2762=ORIENTED_EDGE('',*,*,#1981,.T.);
#2763=ORIENTED_EDGE('',*,*,#1785,.T.);
#2764=ORIENTED_EDGE('',*,*,#1985,.T.);
#2765=ORIENTED_EDGE('',*,*,#1853,.T.);
#2766=ORIENTED_EDGE('',*,*,#1780,.T.);
#2767=ORIENTED_EDGE('',*,*,#1855,.T.);
#2768=ORIENTED_EDGE('',*,*,#1986,.T.);
#2769=ORIENTED_EDGE('',*,*,#1783,.T.);
#2770=ORIENTED_EDGE('',*,*,#1987,.T.);
#2771=ORIENTED_EDGE('',*,*,#1776,.T.);
#2772=ORIENTED_EDGE('',*,*,#1856,.T.);
#2773=ORIENTED_EDGE('',*,*,#1987,.F.);
#2774=ORIENTED_EDGE('',*,*,#1782,.F.);
#2775=ORIENTED_EDGE('',*,*,#1985,.F.);
#2776=ORIENTED_EDGE('',*,*,#1784,.T.);
#2777=ORIENTED_EDGE('',*,*,#1986,.F.);
#2778=ORIENTED_EDGE('',*,*,#1854,.T.);
#2779=ORIENTED_EDGE('',*,*,#1988,.F.);
#2780=ORIENTED_EDGE('',*,*,#1989,.F.);
#2781=ORIENTED_EDGE('',*,*,#1990,.F.);
#2782=ORIENTED_EDGE('',*,*,#1991,.F.);
#2783=ORIENTED_EDGE('',*,*,#1992,.T.);
#2784=ORIENTED_EDGE('',*,*,#1990,.T.);
#2785=ORIENTED_EDGE('',*,*,#1993,.T.);
#2786=ORIENTED_EDGE('',*,*,#1994,.T.);
#2787=ORIENTED_EDGE('',*,*,#1995,.T.);
#2788=ORIENTED_EDGE('',*,*,#1996,.T.);
#2789=ORIENTED_EDGE('',*,*,#1997,.T.);
#2790=ORIENTED_EDGE('',*,*,#1988,.T.);
#2791=ORIENTED_EDGE('',*,*,#1994,.F.);
#2792=ORIENTED_EDGE('',*,*,#1998,.F.);
#2793=ORIENTED_EDGE('',*,*,#1996,.F.);
#2794=ORIENTED_EDGE('',*,*,#1999,.F.);
#2795=ORIENTED_EDGE('',*,*,#2000,.F.);
#2796=ORIENTED_EDGE('',*,*,#2001,.F.);
#2797=ORIENTED_EDGE('',*,*,#2002,.F.);
#2798=ORIENTED_EDGE('',*,*,#2003,.F.);
#2799=ORIENTED_EDGE('',*,*,#2004,.T.);
#2800=ORIENTED_EDGE('',*,*,#2005,.T.);
#2801=ORIENTED_EDGE('',*,*,#2006,.T.);
#2802=ORIENTED_EDGE('',*,*,#2002,.T.);
#2803=ORIENTED_EDGE('',*,*,#2005,.F.);
#2804=ORIENTED_EDGE('',*,*,#2007,.F.);
#2805=ORIENTED_EDGE('',*,*,#2008,.F.);
#2806=ORIENTED_EDGE('',*,*,#2009,.F.);
#2807=ORIENTED_EDGE('',*,*,#2010,.T.);
#2808=ORIENTED_EDGE('',*,*,#2000,.T.);
#2809=ORIENTED_EDGE('',*,*,#2011,.T.);
#2810=ORIENTED_EDGE('',*,*,#2008,.T.);
#2811=ORIENTED_EDGE('',*,*,#2012,.F.);
#2812=ORIENTED_EDGE('',*,*,#2013,.F.);
#2813=ORIENTED_EDGE('',*,*,#2014,.F.);
#2814=ORIENTED_EDGE('',*,*,#2015,.F.);
#2815=ORIENTED_EDGE('',*,*,#2012,.T.);
#2816=ORIENTED_EDGE('',*,*,#2016,.T.);
#2817=ORIENTED_EDGE('',*,*,#2017,.T.);
#2818=ORIENTED_EDGE('',*,*,#2018,.F.);
#2819=ORIENTED_EDGE('',*,*,#2019,.F.);
#2820=ORIENTED_EDGE('',*,*,#1989,.T.);
#2821=ORIENTED_EDGE('',*,*,#1997,.F.);
#2822=ORIENTED_EDGE('',*,*,#1998,.T.);
#2823=ORIENTED_EDGE('',*,*,#1993,.F.);
#2824=ORIENTED_EDGE('',*,*,#2006,.F.);
#2825=ORIENTED_EDGE('',*,*,#2009,.T.);
#2826=ORIENTED_EDGE('',*,*,#2011,.F.);
#2827=ORIENTED_EDGE('',*,*,#2003,.T.);
#2828=ORIENTED_EDGE('',*,*,#2020,.F.);
#2829=ORIENTED_EDGE('',*,*,#2015,.T.);
#2830=ORIENTED_EDGE('',*,*,#2021,.F.);
#2831=ORIENTED_EDGE('',*,*,#2022,.T.);
#2832=ORIENTED_EDGE('',*,*,#2016,.F.);
#2833=ORIENTED_EDGE('',*,*,#2017,.F.);
#2834=ORIENTED_EDGE('',*,*,#2022,.F.);
#2835=ORIENTED_EDGE('',*,*,#2023,.F.);
#2836=ORIENTED_EDGE('',*,*,#2024,.F.);
#2837=ORIENTED_EDGE('',*,*,#2014,.T.);
#2838=ORIENTED_EDGE('',*,*,#2025,.T.);
#2839=ORIENTED_EDGE('',*,*,#2026,.T.);
#2840=ORIENTED_EDGE('',*,*,#2023,.T.);
#2841=ORIENTED_EDGE('',*,*,#2021,.T.);
#2842=ORIENTED_EDGE('',*,*,#1991,.T.);
#2843=ORIENTED_EDGE('',*,*,#1992,.F.);
#2844=ORIENTED_EDGE('',*,*,#1999,.T.);
#2845=ORIENTED_EDGE('',*,*,#1995,.F.);
#2846=ORIENTED_EDGE('',*,*,#2004,.F.);
#2847=ORIENTED_EDGE('',*,*,#2001,.T.);
#2848=ORIENTED_EDGE('',*,*,#2010,.F.);
#2849=ORIENTED_EDGE('',*,*,#2007,.T.);
#2850=ORIENTED_EDGE('',*,*,#2027,.T.);
#2851=ORIENTED_EDGE('',*,*,#2028,.T.);
#2852=ORIENTED_EDGE('',*,*,#2029,.T.);
#2853=ORIENTED_EDGE('',*,*,#2030,.F.);
#2854=ORIENTED_EDGE('',*,*,#2031,.T.);
#2855=ORIENTED_EDGE('',*,*,#2029,.F.);
#2856=ORIENTED_EDGE('',*,*,#2031,.F.);
#2857=ORIENTED_EDGE('',*,*,#2030,.T.);
#2858=ORIENTED_EDGE('',*,*,#2032,.F.);
#2859=ORIENTED_EDGE('',*,*,#2033,.T.);
#2860=ORIENTED_EDGE('',*,*,#2028,.F.);
#2861=ORIENTED_EDGE('',*,*,#2033,.F.);
#2862=ORIENTED_EDGE('',*,*,#2032,.T.);
#2863=ORIENTED_EDGE('',*,*,#2027,.F.);
#2864=ORIENTED_EDGE('',*,*,#2034,.T.);
#2865=ORIENTED_EDGE('',*,*,#2020,.T.);
#2866=ORIENTED_EDGE('',*,*,#2034,.F.);
#2867=ORIENTED_EDGE('',*,*,#2024,.T.);
#2868=ORIENTED_EDGE('',*,*,#2026,.F.);
#2869=ORIENTED_EDGE('',*,*,#2035,.F.);
#2870=ORIENTED_EDGE('',*,*,#2018,.T.);
#2871=ORIENTED_EDGE('',*,*,#2013,.T.);
#2872=ORIENTED_EDGE('',*,*,#2019,.T.);
#2873=ORIENTED_EDGE('',*,*,#2035,.T.);
#2874=ORIENTED_EDGE('',*,*,#2025,.F.);
#2875=ORIENTED_EDGE('',*,*,#2036,.F.);
#2876=ORIENTED_EDGE('',*,*,#2037,.F.);
#2877=ORIENTED_EDGE('',*,*,#2038,.F.);
#2878=ORIENTED_EDGE('',*,*,#2039,.F.);
#2879=ORIENTED_EDGE('',*,*,#2040,.T.);
#2880=ORIENTED_EDGE('',*,*,#2036,.T.);
#2881=ORIENTED_EDGE('',*,*,#2041,.T.);
#2882=ORIENTED_EDGE('',*,*,#2042,.T.);
#2883=ORIENTED_EDGE('',*,*,#2043,.T.);
#2884=ORIENTED_EDGE('',*,*,#2038,.T.);
#2885=ORIENTED_EDGE('',*,*,#2044,.T.);
#2886=ORIENTED_EDGE('',*,*,#2045,.T.);
#2887=ORIENTED_EDGE('',*,*,#2046,.T.);
#2888=ORIENTED_EDGE('',*,*,#2047,.T.);
#2889=ORIENTED_EDGE('',*,*,#2048,.F.);
#2890=ORIENTED_EDGE('',*,*,#2049,.F.);
#2891=ORIENTED_EDGE('',*,*,#2050,.F.);
#2892=ORIENTED_EDGE('',*,*,#2051,.F.);
#2893=ORIENTED_EDGE('',*,*,#2052,.T.);
#2894=ORIENTED_EDGE('',*,*,#2053,.T.);
#2895=ORIENTED_EDGE('',*,*,#2054,.T.);
#2896=ORIENTED_EDGE('',*,*,#2055,.T.);
#2897=ORIENTED_EDGE('',*,*,#2044,.F.);
#2898=ORIENTED_EDGE('',*,*,#2037,.T.);
#2899=ORIENTED_EDGE('',*,*,#2040,.F.);
#2900=ORIENTED_EDGE('',*,*,#2042,.F.);
#2901=ORIENTED_EDGE('',*,*,#2056,.F.);
#2902=ORIENTED_EDGE('',*,*,#2045,.F.);
#2903=ORIENTED_EDGE('',*,*,#2055,.F.);
#2904=ORIENTED_EDGE('',*,*,#2057,.F.);
#2905=ORIENTED_EDGE('',*,*,#2058,.F.);
#2906=ORIENTED_EDGE('',*,*,#2046,.F.);
#2907=ORIENTED_EDGE('',*,*,#2059,.F.);
#2908=ORIENTED_EDGE('',*,*,#2058,.T.);
#2909=ORIENTED_EDGE('',*,*,#2060,.T.);
#2910=ORIENTED_EDGE('',*,*,#2061,.F.);
#2911=ORIENTED_EDGE('',*,*,#2047,.F.);
#2912=ORIENTED_EDGE('',*,*,#2057,.T.);
#2913=ORIENTED_EDGE('',*,*,#2062,.T.);
#2914=ORIENTED_EDGE('',*,*,#2063,.F.);
#2915=ORIENTED_EDGE('',*,*,#2064,.F.);
#2916=ORIENTED_EDGE('',*,*,#2065,.F.);
#2917=ORIENTED_EDGE('',*,*,#2060,.F.);
#2918=ORIENTED_EDGE('',*,*,#2056,.T.);
#2919=ORIENTED_EDGE('',*,*,#2041,.F.);
#2920=ORIENTED_EDGE('',*,*,#2039,.T.);
#2921=ORIENTED_EDGE('',*,*,#2043,.F.);
#2922=ORIENTED_EDGE('',*,*,#2066,.F.);
#2923=ORIENTED_EDGE('',*,*,#2067,.T.);
#2924=ORIENTED_EDGE('',*,*,#2054,.F.);
#2925=ORIENTED_EDGE('',*,*,#2067,.F.);
#2926=ORIENTED_EDGE('',*,*,#2066,.T.);
#2927=ORIENTED_EDGE('',*,*,#2068,.T.);
#2928=ORIENTED_EDGE('',*,*,#2069,.T.);
#2929=ORIENTED_EDGE('',*,*,#2053,.F.);
#2930=ORIENTED_EDGE('',*,*,#2069,.F.);
#2931=ORIENTED_EDGE('',*,*,#2070,.T.);
#2932=ORIENTED_EDGE('',*,*,#2071,.T.);
#2933=ORIENTED_EDGE('',*,*,#2052,.F.);
#2934=ORIENTED_EDGE('',*,*,#2071,.F.);
#2935=ORIENTED_EDGE('',*,*,#2065,.T.);
#2936=ORIENTED_EDGE('',*,*,#2072,.T.);
#2937=ORIENTED_EDGE('',*,*,#2048,.T.);
#2938=ORIENTED_EDGE('',*,*,#2061,.T.);
#2939=ORIENTED_EDGE('',*,*,#2073,.F.);
#2940=ORIENTED_EDGE('',*,*,#2049,.T.);
#2941=ORIENTED_EDGE('',*,*,#2072,.F.);
#2942=ORIENTED_EDGE('',*,*,#2064,.T.);
#2943=ORIENTED_EDGE('',*,*,#2050,.T.);
#2944=ORIENTED_EDGE('',*,*,#2073,.T.);
#2945=ORIENTED_EDGE('',*,*,#2063,.T.);
#2946=ORIENTED_EDGE('',*,*,#2074,.T.);
#2947=ORIENTED_EDGE('',*,*,#2075,.F.);
#2948=ORIENTED_EDGE('',*,*,#2076,.T.);
#2949=ORIENTED_EDGE('',*,*,#2077,.T.);
#2950=ORIENTED_EDGE('',*,*,#2078,.F.);
#2951=ORIENTED_EDGE('',*,*,#2079,.F.);
#2952=ORIENTED_EDGE('',*,*,#2080,.F.);
#2953=ORIENTED_EDGE('',*,*,#2081,.F.);
#2954=ORIENTED_EDGE('',*,*,#2082,.F.);
#2955=ORIENTED_EDGE('',*,*,#2083,.F.);
#2956=ORIENTED_EDGE('',*,*,#2084,.F.);
#2957=ORIENTED_EDGE('',*,*,#2076,.F.);
#2958=ORIENTED_EDGE('',*,*,#2085,.F.);
#2959=ORIENTED_EDGE('',*,*,#2086,.F.);
#2960=ORIENTED_EDGE('',*,*,#2087,.F.);
#2961=ORIENTED_EDGE('',*,*,#2088,.F.);
#2962=ORIENTED_EDGE('',*,*,#2089,.F.);
#2963=ORIENTED_EDGE('',*,*,#2090,.F.);
#2964=ORIENTED_EDGE('',*,*,#2085,.T.);
#2965=ORIENTED_EDGE('',*,*,#2075,.T.);
#2966=ORIENTED_EDGE('',*,*,#2091,.T.);
#2967=ORIENTED_EDGE('',*,*,#2092,.F.);
#2968=ORIENTED_EDGE('',*,*,#2093,.F.);
#2969=ORIENTED_EDGE('',*,*,#2094,.F.);
#2970=ORIENTED_EDGE('',*,*,#2095,.F.);
#2971=ORIENTED_EDGE('',*,*,#2096,.F.);
#2972=ORIENTED_EDGE('',*,*,#2091,.F.);
#2973=ORIENTED_EDGE('',*,*,#2078,.T.);
#2974=ORIENTED_EDGE('',*,*,#2097,.T.);
#2975=ORIENTED_EDGE('',*,*,#2098,.F.);
#2976=ORIENTED_EDGE('',*,*,#2099,.F.);
#2977=ORIENTED_EDGE('',*,*,#2100,.F.);
#2978=ORIENTED_EDGE('',*,*,#2101,.F.);
#2979=ORIENTED_EDGE('',*,*,#2102,.F.);
#2980=ORIENTED_EDGE('',*,*,#2097,.F.);
#2981=ORIENTED_EDGE('',*,*,#2077,.F.);
#2982=ORIENTED_EDGE('',*,*,#2084,.T.);
#2983=ORIENTED_EDGE('',*,*,#2103,.F.);
#2984=ORIENTED_EDGE('',*,*,#2102,.T.);
#2985=ORIENTED_EDGE('',*,*,#2101,.T.);
#2986=ORIENTED_EDGE('',*,*,#2100,.T.);
#2987=ORIENTED_EDGE('',*,*,#2099,.T.);
#2988=ORIENTED_EDGE('',*,*,#2098,.T.);
#2989=ORIENTED_EDGE('',*,*,#2104,.F.);
#2990=ORIENTED_EDGE('',*,*,#2105,.T.);
#2991=ORIENTED_EDGE('',*,*,#2104,.T.);
#2992=ORIENTED_EDGE('',*,*,#2083,.T.);
#2993=ORIENTED_EDGE('',*,*,#2082,.T.);
#2994=ORIENTED_EDGE('',*,*,#2081,.T.);
#2995=ORIENTED_EDGE('',*,*,#2080,.T.);
#2996=ORIENTED_EDGE('',*,*,#2079,.T.);
#2997=ORIENTED_EDGE('',*,*,#2106,.F.);
#2998=ORIENTED_EDGE('',*,*,#2107,.T.);
#2999=ORIENTED_EDGE('',*,*,#2106,.T.);
#3000=ORIENTED_EDGE('',*,*,#2090,.T.);
#3001=ORIENTED_EDGE('',*,*,#2089,.T.);
#3002=ORIENTED_EDGE('',*,*,#2088,.T.);
#3003=ORIENTED_EDGE('',*,*,#2087,.T.);
#3004=ORIENTED_EDGE('',*,*,#2086,.T.);
#3005=ORIENTED_EDGE('',*,*,#2108,.F.);
#3006=ORIENTED_EDGE('',*,*,#2109,.T.);
#3007=ORIENTED_EDGE('',*,*,#2108,.T.);
#3008=ORIENTED_EDGE('',*,*,#2096,.T.);
#3009=ORIENTED_EDGE('',*,*,#2095,.T.);
#3010=ORIENTED_EDGE('',*,*,#2094,.T.);
#3011=ORIENTED_EDGE('',*,*,#2093,.T.);
#3012=ORIENTED_EDGE('',*,*,#2092,.T.);
#3013=ORIENTED_EDGE('',*,*,#2103,.T.);
#3014=ORIENTED_EDGE('',*,*,#2110,.T.);
#3015=ORIENTED_EDGE('',*,*,#2110,.F.);
#3016=ORIENTED_EDGE('',*,*,#2105,.F.);
#3017=ORIENTED_EDGE('',*,*,#2107,.F.);
#3018=ORIENTED_EDGE('',*,*,#2109,.F.);
#3019=ORIENTED_EDGE('',*,*,#2068,.F.);
#3020=ORIENTED_EDGE('',*,*,#2111,.F.);
#3021=ORIENTED_EDGE('',*,*,#2112,.T.);
#3022=ORIENTED_EDGE('',*,*,#2113,.T.);
#3023=ORIENTED_EDGE('',*,*,#2114,.F.);
#3024=ORIENTED_EDGE('',*,*,#2115,.F.);
#3025=ORIENTED_EDGE('',*,*,#2116,.F.);
#3026=ORIENTED_EDGE('',*,*,#2117,.F.);
#3027=ORIENTED_EDGE('',*,*,#2118,.F.);
#3028=ORIENTED_EDGE('',*,*,#2119,.F.);
#3029=ORIENTED_EDGE('',*,*,#2120,.F.);
#3030=ORIENTED_EDGE('',*,*,#2112,.F.);
#3031=ORIENTED_EDGE('',*,*,#2121,.F.);
#3032=ORIENTED_EDGE('',*,*,#2122,.F.);
#3033=ORIENTED_EDGE('',*,*,#2123,.F.);
#3034=ORIENTED_EDGE('',*,*,#2124,.F.);
#3035=ORIENTED_EDGE('',*,*,#2125,.F.);
#3036=ORIENTED_EDGE('',*,*,#2126,.F.);
#3037=ORIENTED_EDGE('',*,*,#2121,.T.);
#3038=ORIENTED_EDGE('',*,*,#2111,.T.);
#3039=ORIENTED_EDGE('',*,*,#2127,.T.);
#3040=ORIENTED_EDGE('',*,*,#2128,.F.);
#3041=ORIENTED_EDGE('',*,*,#2129,.F.);
#3042=ORIENTED_EDGE('',*,*,#2130,.F.);
#3043=ORIENTED_EDGE('',*,*,#2131,.F.);
#3044=ORIENTED_EDGE('',*,*,#2132,.F.);
#3045=ORIENTED_EDGE('',*,*,#2127,.F.);
#3046=ORIENTED_EDGE('',*,*,#2114,.T.);
#3047=ORIENTED_EDGE('',*,*,#2133,.T.);
#3048=ORIENTED_EDGE('',*,*,#2134,.F.);
#3049=ORIENTED_EDGE('',*,*,#2135,.F.);
#3050=ORIENTED_EDGE('',*,*,#2136,.F.);
#3051=ORIENTED_EDGE('',*,*,#2137,.F.);
#3052=ORIENTED_EDGE('',*,*,#2138,.F.);
#3053=ORIENTED_EDGE('',*,*,#2133,.F.);
#3054=ORIENTED_EDGE('',*,*,#2113,.F.);
#3055=ORIENTED_EDGE('',*,*,#2120,.T.);
#3056=ORIENTED_EDGE('',*,*,#2139,.F.);
#3057=ORIENTED_EDGE('',*,*,#2138,.T.);
#3058=ORIENTED_EDGE('',*,*,#2137,.T.);
#3059=ORIENTED_EDGE('',*,*,#2136,.T.);
#3060=ORIENTED_EDGE('',*,*,#2135,.T.);
#3061=ORIENTED_EDGE('',*,*,#2134,.T.);
#3062=ORIENTED_EDGE('',*,*,#2140,.F.);
#3063=ORIENTED_EDGE('',*,*,#2141,.T.);
#3064=ORIENTED_EDGE('',*,*,#2140,.T.);
#3065=ORIENTED_EDGE('',*,*,#2119,.T.);
#3066=ORIENTED_EDGE('',*,*,#2118,.T.);
#3067=ORIENTED_EDGE('',*,*,#2117,.T.);
#3068=ORIENTED_EDGE('',*,*,#2116,.T.);
#3069=ORIENTED_EDGE('',*,*,#2115,.T.);
#3070=ORIENTED_EDGE('',*,*,#2142,.F.);
#3071=ORIENTED_EDGE('',*,*,#2143,.T.);
#3072=ORIENTED_EDGE('',*,*,#2142,.T.);
#3073=ORIENTED_EDGE('',*,*,#2126,.T.);
#3074=ORIENTED_EDGE('',*,*,#2125,.T.);
#3075=ORIENTED_EDGE('',*,*,#2124,.T.);
#3076=ORIENTED_EDGE('',*,*,#2123,.T.);
#3077=ORIENTED_EDGE('',*,*,#2122,.T.);
#3078=ORIENTED_EDGE('',*,*,#2144,.F.);
#3079=ORIENTED_EDGE('',*,*,#2145,.T.);
#3080=ORIENTED_EDGE('',*,*,#2144,.T.);
#3081=ORIENTED_EDGE('',*,*,#2132,.T.);
#3082=ORIENTED_EDGE('',*,*,#2131,.T.);
#3083=ORIENTED_EDGE('',*,*,#2130,.T.);
#3084=ORIENTED_EDGE('',*,*,#2129,.T.);
#3085=ORIENTED_EDGE('',*,*,#2128,.T.);
#3086=ORIENTED_EDGE('',*,*,#2139,.T.);
#3087=ORIENTED_EDGE('',*,*,#2146,.T.);
#3088=ORIENTED_EDGE('',*,*,#2146,.F.);
#3089=ORIENTED_EDGE('',*,*,#2141,.F.);
#3090=ORIENTED_EDGE('',*,*,#2143,.F.);
#3091=ORIENTED_EDGE('',*,*,#2145,.F.);
#3092=ORIENTED_EDGE('',*,*,#2070,.F.);
#3093=ORIENTED_EDGE('',*,*,#2059,.T.);
#3094=ORIENTED_EDGE('',*,*,#2051,.T.);
#3095=ORIENTED_EDGE('',*,*,#2074,.F.);
#3096=ORIENTED_EDGE('',*,*,#2062,.F.);
#3097=ORIENTED_EDGE('',*,*,#2147,.T.);
#3098=ORIENTED_EDGE('',*,*,#2148,.T.);
#3099=ORIENTED_EDGE('',*,*,#2149,.T.);
#3100=ORIENTED_EDGE('',*,*,#2150,.T.);
#3101=ORIENTED_EDGE('',*,*,#2149,.F.);
#3102=ORIENTED_EDGE('',*,*,#2151,.F.);
#3103=ORIENTED_EDGE('',*,*,#2152,.F.);
#3104=ORIENTED_EDGE('',*,*,#2153,.F.);
#3105=ORIENTED_EDGE('',*,*,#2154,.F.);
#3106=ORIENTED_EDGE('',*,*,#2155,.T.);
#3107=ORIENTED_EDGE('',*,*,#2148,.F.);
#3108=ORIENTED_EDGE('',*,*,#2156,.T.);
#3109=ORIENTED_EDGE('',*,*,#2157,.F.);
#3110=ORIENTED_EDGE('',*,*,#2151,.T.);
#3111=ORIENTED_EDGE('',*,*,#2158,.T.);
#3112=ORIENTED_EDGE('',*,*,#2159,.T.);
#3113=ORIENTED_EDGE('',*,*,#2152,.T.);
#3114=ORIENTED_EDGE('',*,*,#2157,.T.);
#3115=ORIENTED_EDGE('',*,*,#2160,.T.);
#3116=ORIENTED_EDGE('',*,*,#2161,.T.);
#3117=ORIENTED_EDGE('',*,*,#2159,.F.);
#3118=ORIENTED_EDGE('',*,*,#2162,.T.);
#3119=ORIENTED_EDGE('',*,*,#2163,.T.);
#3120=ORIENTED_EDGE('',*,*,#2162,.F.);
#3121=ORIENTED_EDGE('',*,*,#2158,.F.);
#3122=ORIENTED_EDGE('',*,*,#2164,.T.);
#3123=ORIENTED_EDGE('',*,*,#2165,.T.);
#3124=ORIENTED_EDGE('',*,*,#2164,.F.);
#3125=ORIENTED_EDGE('',*,*,#2147,.F.);
#3126=ORIENTED_EDGE('',*,*,#2166,.F.);
#3127=ORIENTED_EDGE('',*,*,#2167,.F.);
#3128=ORIENTED_EDGE('',*,*,#2168,.T.);
#3129=ORIENTED_EDGE('',*,*,#2160,.F.);
#3130=ORIENTED_EDGE('',*,*,#2156,.F.);
#3131=ORIENTED_EDGE('',*,*,#2150,.F.);
#3132=ORIENTED_EDGE('',*,*,#2155,.F.);
#3133=ORIENTED_EDGE('',*,*,#2169,.F.);
#3134=ORIENTED_EDGE('',*,*,#2166,.T.);
#3135=ORIENTED_EDGE('',*,*,#2161,.F.);
#3136=ORIENTED_EDGE('',*,*,#2168,.F.);
#3137=ORIENTED_EDGE('',*,*,#2170,.F.);
#3138=ORIENTED_EDGE('',*,*,#2153,.T.);
#3139=ORIENTED_EDGE('',*,*,#2170,.T.);
#3140=ORIENTED_EDGE('',*,*,#2167,.T.);
#3141=ORIENTED_EDGE('',*,*,#2169,.T.);
#3142=ORIENTED_EDGE('',*,*,#2154,.T.);
#3143=ORIENTED_EDGE('',*,*,#2165,.F.);
#3144=ORIENTED_EDGE('',*,*,#2163,.F.);
#3145=ORIENTED_EDGE('',*,*,#2171,.T.);
#3146=ORIENTED_EDGE('',*,*,#2172,.T.);
#3147=ORIENTED_EDGE('',*,*,#2173,.T.);
#3148=ORIENTED_EDGE('',*,*,#2174,.T.);
#3149=ORIENTED_EDGE('',*,*,#2173,.F.);
#3150=ORIENTED_EDGE('',*,*,#2175,.F.);
#3151=ORIENTED_EDGE('',*,*,#2176,.F.);
#3152=ORIENTED_EDGE('',*,*,#2177,.F.);
#3153=ORIENTED_EDGE('',*,*,#2178,.F.);
#3154=ORIENTED_EDGE('',*,*,#2179,.T.);
#3155=ORIENTED_EDGE('',*,*,#2172,.F.);
#3156=ORIENTED_EDGE('',*,*,#2180,.T.);
#3157=ORIENTED_EDGE('',*,*,#2181,.F.);
#3158=ORIENTED_EDGE('',*,*,#2175,.T.);
#3159=ORIENTED_EDGE('',*,*,#2182,.T.);
#3160=ORIENTED_EDGE('',*,*,#2183,.T.);
#3161=ORIENTED_EDGE('',*,*,#2176,.T.);
#3162=ORIENTED_EDGE('',*,*,#2181,.T.);
#3163=ORIENTED_EDGE('',*,*,#2184,.T.);
#3164=ORIENTED_EDGE('',*,*,#2185,.T.);
#3165=ORIENTED_EDGE('',*,*,#2183,.F.);
#3166=ORIENTED_EDGE('',*,*,#2186,.T.);
#3167=ORIENTED_EDGE('',*,*,#2187,.T.);
#3168=ORIENTED_EDGE('',*,*,#2186,.F.);
#3169=ORIENTED_EDGE('',*,*,#2182,.F.);
#3170=ORIENTED_EDGE('',*,*,#2188,.T.);
#3171=ORIENTED_EDGE('',*,*,#2189,.T.);
#3172=ORIENTED_EDGE('',*,*,#2188,.F.);
#3173=ORIENTED_EDGE('',*,*,#2185,.F.);
#3174=ORIENTED_EDGE('',*,*,#2190,.F.);
#3175=ORIENTED_EDGE('',*,*,#2191,.F.);
#3176=ORIENTED_EDGE('',*,*,#2177,.T.);
#3177=ORIENTED_EDGE('',*,*,#2171,.F.);
#3178=ORIENTED_EDGE('',*,*,#2192,.F.);
#3179=ORIENTED_EDGE('',*,*,#2193,.F.);
#3180=ORIENTED_EDGE('',*,*,#2190,.T.);
#3181=ORIENTED_EDGE('',*,*,#2184,.F.);
#3182=ORIENTED_EDGE('',*,*,#2180,.F.);
#3183=ORIENTED_EDGE('',*,*,#2174,.F.);
#3184=ORIENTED_EDGE('',*,*,#2179,.F.);
#3185=ORIENTED_EDGE('',*,*,#2194,.F.);
#3186=ORIENTED_EDGE('',*,*,#2192,.T.);
#3187=ORIENTED_EDGE('',*,*,#2194,.T.);
#3188=ORIENTED_EDGE('',*,*,#2178,.T.);
#3189=ORIENTED_EDGE('',*,*,#2191,.T.);
#3190=ORIENTED_EDGE('',*,*,#2193,.T.);
#3191=ORIENTED_EDGE('',*,*,#2189,.F.);
#3192=ORIENTED_EDGE('',*,*,#2187,.F.);
#3193=PLANE('',#3461);
#3194=PLANE('',#3463);
#3195=PLANE('',#3465);
#3196=PLANE('',#3467);
#3197=PLANE('',#3481);
#3198=PLANE('',#3482);
#3199=PLANE('',#3483);
#3200=PLANE('',#3484);
#3201=PLANE('',#3486);
#3202=PLANE('',#3487);
#3203=PLANE('',#3488);
#3204=PLANE('',#3489);
#3205=PLANE('',#3490);
#3206=PLANE('',#3491);
#3207=PLANE('',#3492);
#3208=PLANE('',#3530);
#3209=PLANE('',#3531);
#3210=PLANE('',#3567);
#3211=PLANE('',#3569);
#3212=PLANE('',#3571);
#3213=PLANE('',#3573);
#3214=PLANE('',#3575);
#3215=PLANE('',#3577);
#3216=PLANE('',#3579);
#3217=PLANE('',#3581);
#3218=PLANE('',#3583);
#3219=PLANE('',#3585);
#3220=PLANE('',#3586);
#3221=PLANE('',#3588);
#3222=PLANE('',#3590);
#3223=PLANE('',#3592);
#3224=PLANE('',#3594);
#3225=PLANE('',#3596);
#3226=PLANE('',#3598);
#3227=PLANE('',#3600);
#3228=PLANE('',#3602);
#3229=PLANE('',#3604);
#3230=PLANE('',#3606);
#3231=PLANE('',#3608);
#3232=PLANE('',#3610);
#3233=PLANE('',#3612);
#3234=PLANE('',#3614);
#3235=PLANE('',#3616);
#3236=PLANE('',#3618);
#3237=PLANE('',#3620);
#3238=PLANE('',#3622);
#3239=PLANE('',#3624);
#3240=PLANE('',#3626);
#3241=PLANE('',#3628);
#3242=PLANE('',#3632);
#3243=PLANE('',#3633);
#3244=PLANE('',#3634);
#3245=PLANE('',#3641);
#3246=PLANE('',#3642);
#3247=PLANE('',#3646);
#3248=PLANE('',#3650);
#3249=PLANE('',#3651);
#3250=PLANE('',#3653);
#3251=PLANE('',#3654);
#3252=PLANE('',#3655);
#3253=PLANE('',#3661);
#3254=PLANE('',#3664);
#3255=PLANE('',#3666);
#3256=PLANE('',#3667);
#3257=PLANE('',#3668);
#3258=PLANE('',#3675);
#3259=PLANE('',#3681);
#3260=PLANE('',#3682);
#3261=PLANE('',#3683);
#3262=PLANE('',#3684);
#3263=PLANE('',#3689);
#3264=PLANE('',#3695);
#3265=PLANE('',#3701);
#3266=PLANE('',#3706);
#3267=PLANE('',#3707);
#3268=PLANE('',#3711);
#3269=PLANE('',#3713);
#3270=PLANE('',#3722);
#3271=PLANE('',#3723);
#3272=PLANE('',#3724);
#3273=PLANE('',#3725);
#3274=PLANE('',#3729);
#3275=PLANE('',#3731);
#3276=PLANE('',#3740);
#3277=PLANE('',#3741);
#3278=PLANE('',#3742);
#3279=PLANE('',#3743);
#3280=ADVANCED_FACE('',(#403,#208),#3193,.T.);
#3281=ADVANCED_FACE('',(#404),#3194,.T.);
#3282=ADVANCED_FACE('',(#405,#209),#3195,.T.);
#3283=ADVANCED_FACE('',(#406),#3196,.T.);
#3284=ADVANCED_FACE('',(#407),#207,.F.);
#3285=ADVANCED_FACE('',(#408),#50,.T.);
#3286=ADVANCED_FACE('',(#409),#51,.F.);
#3287=ADVANCED_FACE('',(#410),#52,.F.);
#3288=ADVANCED_FACE('',(#411),#53,.T.);
#3289=ADVANCED_FACE('',(#412,#210),#3197,.T.);
#3290=ADVANCED_FACE('',(#413),#3198,.T.);
#3291=ADVANCED_FACE('',(#414,#211),#3199,.F.);
#3292=ADVANCED_FACE('',(#415),#3200,.T.);
#3293=ADVANCED_FACE('',(#416),#25,.T.);
#3294=ADVANCED_FACE('',(#417,#212),#26,.T.);
#3295=ADVANCED_FACE('',(#418),#3201,.T.);
#3296=ADVANCED_FACE('',(#419),#3202,.F.);
#3297=ADVANCED_FACE('',(#420),#3203,.T.);
#3298=ADVANCED_FACE('',(#421),#3204,.T.);
#3299=ADVANCED_FACE('',(#422),#27,.T.);
#3300=ADVANCED_FACE('',(#423),#28,.T.);
#3301=ADVANCED_FACE('',(#424),#29,.T.);
#3302=ADVANCED_FACE('',(#425),#30,.T.);
#3303=ADVANCED_FACE('',(#426),#31,.T.);
#3304=ADVANCED_FACE('',(#427),#3205,.F.);
#3305=ADVANCED_FACE('',(#428),#3206,.T.);
#3306=ADVANCED_FACE('',(#429,#213,#214,#215,#216,#217,#218,#219,#220,#221,
#222,#223,#224,#225,#226,#227,#228,#229),#3207,.T.);
#3307=ADVANCED_FACE('',(#430),#54,.T.);
#3308=ADVANCED_FACE('',(#431),#3208,.T.);
#3309=ADVANCED_FACE('',(#432,#230,#231,#232,#233,#234,#235,#236,#237,#238,
#239,#240,#241,#242,#243,#244,#245),#3209,.F.);
#3310=ADVANCED_FACE('',(#433),#55,.F.);
#3311=ADVANCED_FACE('',(#434),#3210,.F.);
#3312=ADVANCED_FACE('',(#435),#56,.F.);
#3313=ADVANCED_FACE('',(#436),#3211,.F.);
#3314=ADVANCED_FACE('',(#437),#57,.F.);
#3315=ADVANCED_FACE('',(#438),#3212,.F.);
#3316=ADVANCED_FACE('',(#439),#58,.F.);
#3317=ADVANCED_FACE('',(#440),#3213,.F.);
#3318=ADVANCED_FACE('',(#441),#59,.F.);
#3319=ADVANCED_FACE('',(#442),#3214,.F.);
#3320=ADVANCED_FACE('',(#443),#60,.F.);
#3321=ADVANCED_FACE('',(#444),#3215,.F.);
#3322=ADVANCED_FACE('',(#445),#61,.F.);
#3323=ADVANCED_FACE('',(#446),#3216,.F.);
#3324=ADVANCED_FACE('',(#447),#62,.F.);
#3325=ADVANCED_FACE('',(#448),#3217,.F.);
#3326=ADVANCED_FACE('',(#449),#63,.F.);
#3327=ADVANCED_FACE('',(#450),#3218,.F.);
#3328=ADVANCED_FACE('',(#451),#64,.F.);
#3329=ADVANCED_FACE('',(#452),#3219,.F.);
#3330=ADVANCED_FACE('',(#453),#3220,.F.);
#3331=ADVANCED_FACE('',(#454),#65,.F.);
#3332=ADVANCED_FACE('',(#455),#3221,.F.);
#3333=ADVANCED_FACE('',(#456),#66,.F.);
#3334=ADVANCED_FACE('',(#457),#3222,.F.);
#3335=ADVANCED_FACE('',(#458),#67,.F.);
#3336=ADVANCED_FACE('',(#459),#3223,.F.);
#3337=ADVANCED_FACE('',(#460),#68,.F.);
#3338=ADVANCED_FACE('',(#461),#3224,.F.);
#3339=ADVANCED_FACE('',(#462),#69,.F.);
#3340=ADVANCED_FACE('',(#463),#3225,.F.);
#3341=ADVANCED_FACE('',(#464),#70,.F.);
#3342=ADVANCED_FACE('',(#465),#3226,.F.);
#3343=ADVANCED_FACE('',(#466),#71,.F.);
#3344=ADVANCED_FACE('',(#467),#3227,.F.);
#3345=ADVANCED_FACE('',(#468),#72,.F.);
#3346=ADVANCED_FACE('',(#469),#3228,.F.);
#3347=ADVANCED_FACE('',(#470),#73,.F.);
#3348=ADVANCED_FACE('',(#471),#3229,.F.);
#3349=ADVANCED_FACE('',(#472),#74,.F.);
#3350=ADVANCED_FACE('',(#473),#3230,.F.);
#3351=ADVANCED_FACE('',(#474),#75,.F.);
#3352=ADVANCED_FACE('',(#475),#3231,.F.);
#3353=ADVANCED_FACE('',(#476),#76,.F.);
#3354=ADVANCED_FACE('',(#477),#3232,.F.);
#3355=ADVANCED_FACE('',(#478),#77,.F.);
#3356=ADVANCED_FACE('',(#479),#3233,.F.);
#3357=ADVANCED_FACE('',(#480),#78,.F.);
#3358=ADVANCED_FACE('',(#481),#3234,.F.);
#3359=ADVANCED_FACE('',(#482),#79,.F.);
#3360=ADVANCED_FACE('',(#483),#3235,.F.);
#3361=ADVANCED_FACE('',(#484),#80,.F.);
#3362=ADVANCED_FACE('',(#485),#3236,.F.);
#3363=ADVANCED_FACE('',(#486),#81,.F.);
#3364=ADVANCED_FACE('',(#487),#3237,.F.);
#3365=ADVANCED_FACE('',(#488),#82,.F.);
#3366=ADVANCED_FACE('',(#489),#3238,.F.);
#3367=ADVANCED_FACE('',(#490),#83,.F.);
#3368=ADVANCED_FACE('',(#491),#3239,.F.);
#3369=ADVANCED_FACE('',(#492),#84,.F.);
#3370=ADVANCED_FACE('',(#493),#3240,.F.);
#3371=ADVANCED_FACE('',(#494),#85,.F.);
#3372=ADVANCED_FACE('',(#495),#3241,.F.);
#3373=ADVANCED_FACE('',(#496),#86,.F.);
#3374=ADVANCED_FACE('',(#497),#87,.T.);
#3375=ADVANCED_FACE('',(#498),#88,.T.);
#3376=ADVANCED_FACE('',(#499),#3242,.T.);
#3377=ADVANCED_FACE('',(#500),#3243,.T.);
#3378=ADVANCED_FACE('',(#501),#3244,.F.);
#3379=ADVANCED_FACE('',(#502),#89,.F.);
#3380=ADVANCED_FACE('',(#503),#90,.F.);
#3381=ADVANCED_FACE('',(#504),#3245,.F.);
#3382=ADVANCED_FACE('',(#505),#3246,.F.);
#3383=ADVANCED_FACE('',(#506),#91,.F.);
#3384=ADVANCED_FACE('',(#507),#3247,.F.);
#3385=ADVANCED_FACE('',(#508),#92,.F.);
#3386=ADVANCED_FACE('',(#509),#3248,.F.);
#3387=ADVANCED_FACE('',(#510,#246,#247,#248),#3249,.F.);
#3388=ADVANCED_FACE('',(#511),#3250,.T.);
#3389=ADVANCED_FACE('',(#512),#3251,.F.);
#3390=ADVANCED_FACE('',(#513,#249,#250,#251,#252,#253),#3252,.T.);
#3391=ADVANCED_FACE('',(#514),#93,.T.);
#3392=ADVANCED_FACE('',(#515),#3253,.T.);
#3393=ADVANCED_FACE('',(#516),#94,.T.);
#3394=ADVANCED_FACE('',(#517),#3254,.T.);
#3395=ADVANCED_FACE('',(#518),#95,.F.);
#3396=ADVANCED_FACE('',(#519),#3255,.T.);
#3397=ADVANCED_FACE('',(#520),#3256,.T.);
#3398=ADVANCED_FACE('',(#521),#3257,.F.);
#3399=ADVANCED_FACE('',(#522),#96,.F.);
#3400=ADVANCED_FACE('',(#523),#97,.F.);
#3401=ADVANCED_FACE('',(#524,#254,#255,#256,#257),#3258,.T.);
#3402=ADVANCED_FACE('',(#525),#3259,.F.);
#3403=ADVANCED_FACE('',(#526),#3260,.F.);
#3404=ADVANCED_FACE('',(#527),#3261,.T.);
#3405=ADVANCED_FACE('',(#528,#258),#3262,.F.);
#3406=ADVANCED_FACE('',(#529),#98,.T.);
#3407=ADVANCED_FACE('',(#530),#3263,.T.);
#3408=ADVANCED_FACE('',(#531),#99,.T.);
#3409=ADVANCED_FACE('',(#532),#100,.T.);
#3410=ADVANCED_FACE('',(#533),#101,.T.);
#3411=ADVANCED_FACE('',(#534),#3264,.T.);
#3412=ADVANCED_FACE('',(#535),#102,.T.);
#3413=ADVANCED_FACE('',(#536),#32,.T.);
#3414=ADVANCED_FACE('',(#537),#33,.T.);
#3415=ADVANCED_FACE('',(#538),#34,.T.);
#3416=ADVANCED_FACE('',(#539),#35,.T.);
#3417=ADVANCED_FACE('',(#540),#36,.T.);
#3418=ADVANCED_FACE('',(#541),#37,.F.);
#3419=ADVANCED_FACE('',(#542),#38,.F.);
#3420=ADVANCED_FACE('',(#543),#39,.F.);
#3421=ADVANCED_FACE('',(#544),#40,.F.);
#3422=ADVANCED_FACE('',(#545,#259),#3265,.F.);
#3423=ADVANCED_FACE('',(#546),#41,.T.);
#3424=ADVANCED_FACE('',(#547),#42,.T.);
#3425=ADVANCED_FACE('',(#548),#43,.T.);
#3426=ADVANCED_FACE('',(#549),#44,.T.);
#3427=ADVANCED_FACE('',(#550),#45,.T.);
#3428=ADVANCED_FACE('',(#551),#46,.F.);
#3429=ADVANCED_FACE('',(#552),#47,.F.);
#3430=ADVANCED_FACE('',(#553),#48,.F.);
#3431=ADVANCED_FACE('',(#554),#49,.F.);
#3432=ADVANCED_FACE('',(#555,#260),#3266,.F.);
#3433=ADVANCED_FACE('',(#556),#3267,.T.);
#3434=ADVANCED_FACE('',(#557),#103,.T.);
#3435=ADVANCED_FACE('',(#558),#3268,.T.);
#3436=ADVANCED_FACE('',(#559,#261,#262),#3269,.T.);
#3437=ADVANCED_FACE('',(#560),#104,.T.);
#3438=ADVANCED_FACE('',(#561),#105,.F.);
#3439=ADVANCED_FACE('',(#562),#106,.F.);
#3440=ADVANCED_FACE('',(#563),#3270,.T.);
#3441=ADVANCED_FACE('',(#564),#3271,.T.);
#3442=ADVANCED_FACE('',(#565),#3272,.T.);
#3443=ADVANCED_FACE('',(#566,#263,#264),#3273,.F.);
#3444=ADVANCED_FACE('',(#567),#107,.T.);
#3445=ADVANCED_FACE('',(#568),#3274,.T.);
#3446=ADVANCED_FACE('',(#569,#265,#266),#3275,.T.);
#3447=ADVANCED_FACE('',(#570),#108,.T.);
#3448=ADVANCED_FACE('',(#571),#109,.F.);
#3449=ADVANCED_FACE('',(#572),#110,.F.);
#3450=ADVANCED_FACE('',(#573),#3276,.T.);
#3451=ADVANCED_FACE('',(#574),#3277,.T.);
#3452=ADVANCED_FACE('',(#575),#3278,.T.);
#3453=ADVANCED_FACE('',(#576,#267,#268),#3279,.F.);
#3454=CLOSED_SHELL('',(#3280,#3281,#3282,#3283,#3284,#3285,#3286,#3287,
#3288,#3289,#3290,#3291,#3292,#3293,#3294,#3295,#3296,#3297,#3298,#3299,
#3300,#3301,#3302,#3303));
#3455=CLOSED_SHELL('',(#3304,#3305,#3306,#3307,#3308,#3309,#3310,#3311,
#3312,#3313,#3314,#3315,#3316,#3317,#3318,#3319,#3320,#3321,#3322,#3323,
#3324,#3325,#3326,#3327,#3328,#3329,#3330,#3331,#3332,#3333,#3334,#3335,
#3336,#3337,#3338,#3339,#3340,#3341,#3342,#3343,#3344,#3345,#3346,#3347,
#3348,#3349,#3350,#3351,#3352,#3353,#3354,#3355,#3356,#3357,#3358,#3359,
#3360,#3361,#3362,#3363,#3364,#3365,#3366,#3367,#3368,#3369,#3370,#3371,
#3372,#3373,#3374,#3375,#3376,#3377));
#3456=CLOSED_SHELL('',(#3378,#3379,#3380,#3381,#3382,#3383,#3384,#3385,
#3386,#3387,#3388,#3389,#3390,#3391,#3392,#3393,#3394,#3395,#3396,#3397));
#3457=CLOSED_SHELL('',(#3398,#3399,#3400,#3401,#3402,#3403,#3404,#3405,
#3406,#3407,#3408,#3409,#3410,#3411,#3412,#3413,#3414,#3415,#3416,#3417,
#3418,#3419,#3420,#3421,#3422,#3423,#3424,#3425,#3426,#3427,#3428,#3429,
#3430,#3431,#3432,#3433));
#3458=CLOSED_SHELL('',(#3434,#3435,#3436,#3437,#3438,#3439,#3440,#3441,
#3442,#3443));
#3459=CLOSED_SHELL('',(#3444,#3445,#3446,#3447,#3448,#3449,#3450,#3451,
#3452,#3453));
#3460=AXIS2_PLACEMENT_3D('',#4581,#3744,#3745);
#3461=AXIS2_PLACEMENT_3D('',#4582,#3746,#3747);
#3462=AXIS2_PLACEMENT_3D('',#4592,#3752,#3753);
#3463=AXIS2_PLACEMENT_3D('',#4593,#3754,#3755);
#3464=AXIS2_PLACEMENT_3D('',#4607,#3762,#3763);
#3465=AXIS2_PLACEMENT_3D('',#4613,#3767,#3768);
#3466=AXIS2_PLACEMENT_3D('',#4620,#3772,#3773);
#3467=AXIS2_PLACEMENT_3D('',#4621,#3774,#3775);
#3468=AXIS2_PLACEMENT_3D('',#4623,#3777,#3778);
#3469=AXIS2_PLACEMENT_3D('',#4626,#3779,#3780);
#3470=AXIS2_PLACEMENT_3D('',#4628,#3781,#3782);
#3471=AXIS2_PLACEMENT_3D('',#4630,#3783,#3784);
#3472=AXIS2_PLACEMENT_3D('',#4642,#3785,#3786);
#3473=AXIS2_PLACEMENT_3D('',#4643,#3787,#3788);
#3474=AXIS2_PLACEMENT_3D('',#4644,#3789,#3790);
#3475=AXIS2_PLACEMENT_3D('',#4698,#3792,#3793);
#3476=AXIS2_PLACEMENT_3D('',#4700,#3795,#3796);
#3477=AXIS2_PLACEMENT_3D('',#4702,#3797,#3798);
#3478=AXIS2_PLACEMENT_3D('',#4705,#3800,#3801);
#3479=AXIS2_PLACEMENT_3D('',#4706,#3802,#3803);
#3480=AXIS2_PLACEMENT_3D('',#4709,#3804,#3805);
#3481=AXIS2_PLACEMENT_3D('',#4712,#3808,#3809);
#3482=AXIS2_PLACEMENT_3D('',#4716,#3812,#3813);
#3483=AXIS2_PLACEMENT_3D('',#4720,#3816,#3817);
#3484=AXIS2_PLACEMENT_3D('',#4724,#3820,#3821);
#3485=AXIS2_PLACEMENT_3D('',#4919,#3823,#3824);
#3486=AXIS2_PLACEMENT_3D('',#5241,#3825,#3826);
#3487=AXIS2_PLACEMENT_3D('',#5247,#3830,#3831);
#3488=AXIS2_PLACEMENT_3D('',#5250,#3834,#3835);
#3489=AXIS2_PLACEMENT_3D('',#5252,#3837,#3838);
#3490=AXIS2_PLACEMENT_3D('',#6206,#3839,#3840);
#3491=AXIS2_PLACEMENT_3D('',#6215,#3845,#3846);
#3492=AXIS2_PLACEMENT_3D('',#6221,#3850,#3851);
#3493=AXIS2_PLACEMENT_3D('',#6225,#3853,#3854);
#3494=AXIS2_PLACEMENT_3D('',#6228,#3856,#3857);
#3495=AXIS2_PLACEMENT_3D('',#6230,#3858,#3859);
#3496=AXIS2_PLACEMENT_3D('',#6233,#3860,#3861);
#3497=AXIS2_PLACEMENT_3D('',#6237,#3863,#3864);
#3498=AXIS2_PLACEMENT_3D('',#6241,#3866,#3867);
#3499=AXIS2_PLACEMENT_3D('',#6245,#3869,#3870);
#3500=AXIS2_PLACEMENT_3D('',#6249,#3872,#3873);
#3501=AXIS2_PLACEMENT_3D('',#6253,#3875,#3876);
#3502=AXIS2_PLACEMENT_3D('',#6257,#3878,#3879);
#3503=AXIS2_PLACEMENT_3D('',#6261,#3881,#3882);
#3504=AXIS2_PLACEMENT_3D('',#6265,#3884,#3885);
#3505=AXIS2_PLACEMENT_3D('',#6269,#3887,#3888);
#3506=AXIS2_PLACEMENT_3D('',#6275,#3891,#3892);
#3507=AXIS2_PLACEMENT_3D('',#6278,#3894,#3895);
#3508=AXIS2_PLACEMENT_3D('',#6283,#3897,#3898);
#3509=AXIS2_PLACEMENT_3D('',#6286,#3900,#3901);
#3510=AXIS2_PLACEMENT_3D('',#6291,#3903,#3904);
#3511=AXIS2_PLACEMENT_3D('',#6294,#3906,#3907);
#3512=AXIS2_PLACEMENT_3D('',#6299,#3909,#3910);
#3513=AXIS2_PLACEMENT_3D('',#6302,#3912,#3913);
#3514=AXIS2_PLACEMENT_3D('',#6307,#3915,#3916);
#3515=AXIS2_PLACEMENT_3D('',#6310,#3918,#3919);
#3516=AXIS2_PLACEMENT_3D('',#6315,#3921,#3922);
#3517=AXIS2_PLACEMENT_3D('',#6318,#3924,#3925);
#3518=AXIS2_PLACEMENT_3D('',#6323,#3927,#3928);
#3519=AXIS2_PLACEMENT_3D('',#6326,#3930,#3931);
#3520=AXIS2_PLACEMENT_3D('',#6331,#3933,#3934);
#3521=AXIS2_PLACEMENT_3D('',#6334,#3936,#3937);
#3522=AXIS2_PLACEMENT_3D('',#6339,#3939,#3940);
#3523=AXIS2_PLACEMENT_3D('',#6342,#3942,#3943);
#3524=AXIS2_PLACEMENT_3D('',#6347,#3945,#3946);
#3525=AXIS2_PLACEMENT_3D('',#6350,#3948,#3949);
#3526=AXIS2_PLACEMENT_3D('',#6355,#3951,#3952);
#3527=AXIS2_PLACEMENT_3D('',#6358,#3954,#3955);
#3528=AXIS2_PLACEMENT_3D('',#6359,#3956,#3957);
#3529=AXIS2_PLACEMENT_3D('',#6361,#3958,#3959);
#3530=AXIS2_PLACEMENT_3D('',#6363,#3961,#3962);
#3531=AXIS2_PLACEMENT_3D('',#6364,#3963,#3964);
#3532=AXIS2_PLACEMENT_3D('',#6366,#3965,#3966);
#3533=AXIS2_PLACEMENT_3D('',#6370,#3968,#3969);
#3534=AXIS2_PLACEMENT_3D('',#6376,#3972,#3973);
#3535=AXIS2_PLACEMENT_3D('',#6379,#3975,#3976);
#3536=AXIS2_PLACEMENT_3D('',#6384,#3978,#3979);
#3537=AXIS2_PLACEMENT_3D('',#6387,#3981,#3982);
#3538=AXIS2_PLACEMENT_3D('',#6392,#3984,#3985);
#3539=AXIS2_PLACEMENT_3D('',#6395,#3987,#3988);
#3540=AXIS2_PLACEMENT_3D('',#6400,#3990,#3991);
#3541=AXIS2_PLACEMENT_3D('',#6403,#3993,#3994);
#3542=AXIS2_PLACEMENT_3D('',#6408,#3996,#3997);
#3543=AXIS2_PLACEMENT_3D('',#6411,#3999,#4000);
#3544=AXIS2_PLACEMENT_3D('',#6416,#4002,#4003);
#3545=AXIS2_PLACEMENT_3D('',#6419,#4005,#4006);
#3546=AXIS2_PLACEMENT_3D('',#6424,#4008,#4009);
#3547=AXIS2_PLACEMENT_3D('',#6427,#4011,#4012);
#3548=AXIS2_PLACEMENT_3D('',#6432,#4014,#4015);
#3549=AXIS2_PLACEMENT_3D('',#6435,#4017,#4018);
#3550=AXIS2_PLACEMENT_3D('',#6440,#4020,#4021);
#3551=AXIS2_PLACEMENT_3D('',#6443,#4023,#4024);
#3552=AXIS2_PLACEMENT_3D('',#6448,#4026,#4027);
#3553=AXIS2_PLACEMENT_3D('',#6451,#4029,#4030);
#3554=AXIS2_PLACEMENT_3D('',#6456,#4032,#4033);
#3555=AXIS2_PLACEMENT_3D('',#6459,#4035,#4036);
#3556=AXIS2_PLACEMENT_3D('',#6462,#4037,#4038);
#3557=AXIS2_PLACEMENT_3D('',#6466,#4040,#4041);
#3558=AXIS2_PLACEMENT_3D('',#6470,#4043,#4044);
#3559=AXIS2_PLACEMENT_3D('',#6474,#4046,#4047);
#3560=AXIS2_PLACEMENT_3D('',#6478,#4049,#4050);
#3561=AXIS2_PLACEMENT_3D('',#6482,#4052,#4053);
#3562=AXIS2_PLACEMENT_3D('',#6486,#4055,#4056);
#3563=AXIS2_PLACEMENT_3D('',#6490,#4058,#4059);
#3564=AXIS2_PLACEMENT_3D('',#6494,#4061,#4062);
#3565=AXIS2_PLACEMENT_3D('',#6498,#4064,#4065);
#3566=AXIS2_PLACEMENT_3D('',#6500,#4067,#4068);
#3567=AXIS2_PLACEMENT_3D('',#6503,#4071,#4072);
#3568=AXIS2_PLACEMENT_3D('',#6505,#4074,#4075);
#3569=AXIS2_PLACEMENT_3D('',#6507,#4077,#4078);
#3570=AXIS2_PLACEMENT_3D('',#6508,#4079,#4080);
#3571=AXIS2_PLACEMENT_3D('',#6511,#4083,#4084);
#3572=AXIS2_PLACEMENT_3D('',#6513,#4086,#4087);
#3573=AXIS2_PLACEMENT_3D('',#6515,#4089,#4090);
#3574=AXIS2_PLACEMENT_3D('',#6516,#4091,#4092);
#3575=AXIS2_PLACEMENT_3D('',#6519,#4095,#4096);
#3576=AXIS2_PLACEMENT_3D('',#6521,#4098,#4099);
#3577=AXIS2_PLACEMENT_3D('',#6523,#4101,#4102);
#3578=AXIS2_PLACEMENT_3D('',#6524,#4103,#4104);
#3579=AXIS2_PLACEMENT_3D('',#6527,#4107,#4108);
#3580=AXIS2_PLACEMENT_3D('',#6529,#4110,#4111);
#3581=AXIS2_PLACEMENT_3D('',#6531,#4113,#4114);
#3582=AXIS2_PLACEMENT_3D('',#6532,#4115,#4116);
#3583=AXIS2_PLACEMENT_3D('',#6535,#4119,#4120);
#3584=AXIS2_PLACEMENT_3D('',#6537,#4122,#4123);
#3585=AXIS2_PLACEMENT_3D('',#6539,#4125,#4126);
#3586=AXIS2_PLACEMENT_3D('',#6540,#4127,#4128);
#3587=AXIS2_PLACEMENT_3D('',#6543,#4131,#4132);
#3588=AXIS2_PLACEMENT_3D('',#6545,#4134,#4135);
#3589=AXIS2_PLACEMENT_3D('',#6547,#4137,#4138);
#3590=AXIS2_PLACEMENT_3D('',#6548,#4139,#4140);
#3591=AXIS2_PLACEMENT_3D('',#6551,#4143,#4144);
#3592=AXIS2_PLACEMENT_3D('',#6553,#4146,#4147);
#3593=AXIS2_PLACEMENT_3D('',#6555,#4149,#4150);
#3594=AXIS2_PLACEMENT_3D('',#6556,#4151,#4152);
#3595=AXIS2_PLACEMENT_3D('',#6559,#4155,#4156);
#3596=AXIS2_PLACEMENT_3D('',#6561,#4158,#4159);
#3597=AXIS2_PLACEMENT_3D('',#6563,#4161,#4162);
#3598=AXIS2_PLACEMENT_3D('',#6564,#4163,#4164);
#3599=AXIS2_PLACEMENT_3D('',#6567,#4167,#4168);
#3600=AXIS2_PLACEMENT_3D('',#6569,#4170,#4171);
#3601=AXIS2_PLACEMENT_3D('',#6571,#4173,#4174);
#3602=AXIS2_PLACEMENT_3D('',#6572,#4175,#4176);
#3603=AXIS2_PLACEMENT_3D('',#6575,#4179,#4180);
#3604=AXIS2_PLACEMENT_3D('',#6577,#4182,#4183);
#3605=AXIS2_PLACEMENT_3D('',#6579,#4185,#4186);
#3606=AXIS2_PLACEMENT_3D('',#6580,#4187,#4188);
#3607=AXIS2_PLACEMENT_3D('',#6583,#4191,#4192);
#3608=AXIS2_PLACEMENT_3D('',#6585,#4194,#4195);
#3609=AXIS2_PLACEMENT_3D('',#6587,#4197,#4198);
#3610=AXIS2_PLACEMENT_3D('',#6588,#4199,#4200);
#3611=AXIS2_PLACEMENT_3D('',#6591,#4203,#4204);
#3612=AXIS2_PLACEMENT_3D('',#6593,#4206,#4207);
#3613=AXIS2_PLACEMENT_3D('',#6595,#4209,#4210);
#3614=AXIS2_PLACEMENT_3D('',#6596,#4211,#4212);
#3615=AXIS2_PLACEMENT_3D('',#6599,#4215,#4216);
#3616=AXIS2_PLACEMENT_3D('',#6601,#4218,#4219);
#3617=AXIS2_PLACEMENT_3D('',#6603,#4221,#4222);
#3618=AXIS2_PLACEMENT_3D('',#6604,#4223,#4224);
#3619=AXIS2_PLACEMENT_3D('',#6607,#4227,#4228);
#3620=AXIS2_PLACEMENT_3D('',#6609,#4230,#4231);
#3621=AXIS2_PLACEMENT_3D('',#6611,#4233,#4234);
#3622=AXIS2_PLACEMENT_3D('',#6612,#4235,#4236);
#3623=AXIS2_PLACEMENT_3D('',#6615,#4239,#4240);
#3624=AXIS2_PLACEMENT_3D('',#6617,#4242,#4243);
#3625=AXIS2_PLACEMENT_3D('',#6619,#4245,#4246);
#3626=AXIS2_PLACEMENT_3D('',#6620,#4247,#4248);
#3627=AXIS2_PLACEMENT_3D('',#6623,#4251,#4252);
#3628=AXIS2_PLACEMENT_3D('',#6625,#4254,#4255);
#3629=AXIS2_PLACEMENT_3D('',#6627,#4257,#4258);
#3630=AXIS2_PLACEMENT_3D('',#6628,#4259,#4260);
#3631=AXIS2_PLACEMENT_3D('',#6630,#4262,#4263);
#3632=AXIS2_PLACEMENT_3D('',#6633,#4266,#4267);
#3633=AXIS2_PLACEMENT_3D('',#6634,#4268,#4269);
#3634=AXIS2_PLACEMENT_3D('',#6635,#4270,#4271);
#3635=AXIS2_PLACEMENT_3D('',#6644,#4276,#4277);
#3636=AXIS2_PLACEMENT_3D('',#6646,#4278,#4279);
#3637=AXIS2_PLACEMENT_3D('',#6648,#4280,#4281);
#3638=AXIS2_PLACEMENT_3D('',#6650,#4283,#4284);
#3639=AXIS2_PLACEMENT_3D('',#6652,#4285,#4286);
#3640=AXIS2_PLACEMENT_3D('',#6655,#4288,#4289);
#3641=AXIS2_PLACEMENT_3D('',#6656,#4290,#4291);
#3642=AXIS2_PLACEMENT_3D('',#6659,#4294,#4295);
#3643=AXIS2_PLACEMENT_3D('',#6668,#4300,#4301);
#3644=AXIS2_PLACEMENT_3D('',#6670,#4302,#4303);
#3645=AXIS2_PLACEMENT_3D('',#6673,#4305,#4306);
#3646=AXIS2_PLACEMENT_3D('',#6674,#4307,#4308);
#3647=AXIS2_PLACEMENT_3D('',#6680,#4312,#4313);
#3648=AXIS2_PLACEMENT_3D('',#6681,#4314,#4315);
#3649=AXIS2_PLACEMENT_3D('',#6682,#4316,#4317);
#3650=AXIS2_PLACEMENT_3D('',#6683,#4318,#4319);
#3651=AXIS2_PLACEMENT_3D('',#6692,#4324,#4325);
#3652=AXIS2_PLACEMENT_3D('',#6701,#4330,#4331);
#3653=AXIS2_PLACEMENT_3D('',#6702,#4332,#4333);
#3654=AXIS2_PLACEMENT_3D('',#6706,#4336,#4337);
#3655=AXIS2_PLACEMENT_3D('',#6710,#4340,#4341);
#3656=AXIS2_PLACEMENT_3D('',#6715,#4344,#4345);
#3657=AXIS2_PLACEMENT_3D('',#6717,#4346,#4347);
#3658=AXIS2_PLACEMENT_3D('',#6719,#4348,#4349);
#3659=AXIS2_PLACEMENT_3D('',#6720,#4350,#4351);
#3660=AXIS2_PLACEMENT_3D('',#6722,#4352,#4353);
#3661=AXIS2_PLACEMENT_3D('',#6724,#4355,#4356);
#3662=AXIS2_PLACEMENT_3D('',#6725,#4357,#4358);
#3663=AXIS2_PLACEMENT_3D('',#6727,#4359,#4360);
#3664=AXIS2_PLACEMENT_3D('',#6729,#4362,#4363);
#3665=AXIS2_PLACEMENT_3D('',#6730,#4364,#4365);
#3666=AXIS2_PLACEMENT_3D('',#6732,#4367,#4368);
#3667=AXIS2_PLACEMENT_3D('',#6734,#4370,#4371);
#3668=AXIS2_PLACEMENT_3D('',#6735,#4372,#4373);
#3669=AXIS2_PLACEMENT_3D('',#6744,#4378,#4379);
#3670=AXIS2_PLACEMENT_3D('',#6746,#4380,#4381);
#3671=AXIS2_PLACEMENT_3D('',#6748,#4382,#4383);
#3672=AXIS2_PLACEMENT_3D('',#6750,#4385,#4386);
#3673=AXIS2_PLACEMENT_3D('',#6752,#4387,#4388);
#3674=AXIS2_PLACEMENT_3D('',#6754,#4389,#4390);
#3675=AXIS2_PLACEMENT_3D('',#6756,#4392,#4393);
#3676=AXIS2_PLACEMENT_3D('',#6763,#4396,#4397);
#3677=AXIS2_PLACEMENT_3D('',#6767,#4399,#4400);
#3678=AXIS2_PLACEMENT_3D('',#6770,#4402,#4403);
#3679=AXIS2_PLACEMENT_3D('',#6772,#4404,#4405);
#3680=AXIS2_PLACEMENT_3D('',#6774,#4406,#4407);
#3681=AXIS2_PLACEMENT_3D('',#6776,#4409,#4410);
#3682=AXIS2_PLACEMENT_3D('',#6778,#4412,#4413);
#3683=AXIS2_PLACEMENT_3D('',#6784,#4417,#4418);
#3684=AXIS2_PLACEMENT_3D('',#6788,#4421,#4422);
#3685=AXIS2_PLACEMENT_3D('',#6792,#4424,#4425);
#3686=AXIS2_PLACEMENT_3D('',#6795,#4427,#4428);
#3687=AXIS2_PLACEMENT_3D('',#6796,#4429,#4430);
#3688=AXIS2_PLACEMENT_3D('',#6798,#4431,#4432);
#3689=AXIS2_PLACEMENT_3D('',#6800,#4434,#4435);
#3690=AXIS2_PLACEMENT_3D('',#6801,#4436,#4437);
#3691=AXIS2_PLACEMENT_3D('',#6803,#4438,#4439);
#3692=AXIS2_PLACEMENT_3D('',#6805,#4441,#4442);
#3693=AXIS2_PLACEMENT_3D('',#6807,#4443,#4444);
#3694=AXIS2_PLACEMENT_3D('',#6809,#4446,#4447);
#3695=AXIS2_PLACEMENT_3D('',#6811,#4449,#4450);
#3696=AXIS2_PLACEMENT_3D('',#6813,#4452,#4453);
#3697=AXIS2_PLACEMENT_3D('',#7939,#4455,#4456);
#3698=AXIS2_PLACEMENT_3D('',#7941,#4457,#4458);
#3699=AXIS2_PLACEMENT_3D('',#8034,#4459,#4460);
#3700=AXIS2_PLACEMENT_3D('',#8127,#4461,#4462);
#3701=AXIS2_PLACEMENT_3D('',#8232,#4463,#4464);
#3702=AXIS2_PLACEMENT_3D('',#9357,#4465,#4466);
#3703=AXIS2_PLACEMENT_3D('',#9359,#4467,#4468);
#3704=AXIS2_PLACEMENT_3D('',#9452,#4469,#4470);
#3705=AXIS2_PLACEMENT_3D('',#9545,#4471,#4472);
#3706=AXIS2_PLACEMENT_3D('',#9650,#4473,#4474);
#3707=AXIS2_PLACEMENT_3D('',#9651,#4475,#4476);
#3708=AXIS2_PLACEMENT_3D('',#9652,#4477,#4478);
#3709=AXIS2_PLACEMENT_3D('',#9655,#4479,#4480);
#3710=AXIS2_PLACEMENT_3D('',#9659,#4482,#4483);
#3711=AXIS2_PLACEMENT_3D('',#9661,#4485,#4486);
#3712=AXIS2_PLACEMENT_3D('',#9665,#4488,#4489);
#3713=AXIS2_PLACEMENT_3D('',#9671,#4493,#4494);
#3714=AXIS2_PLACEMENT_3D('',#9676,#4497,#4498);
#3715=AXIS2_PLACEMENT_3D('',#9678,#4499,#4500);
#3716=AXIS2_PLACEMENT_3D('',#9679,#4501,#4502);
#3717=AXIS2_PLACEMENT_3D('',#9681,#4503,#4504);
#3718=AXIS2_PLACEMENT_3D('',#9683,#4506,#4507);
#3719=AXIS2_PLACEMENT_3D('',#9686,#4509,#4510);
#3720=AXIS2_PLACEMENT_3D('',#9687,#4511,#4512);
#3721=AXIS2_PLACEMENT_3D('',#9690,#4514,#4515);
#3722=AXIS2_PLACEMENT_3D('',#9691,#4516,#4517);
#3723=AXIS2_PLACEMENT_3D('',#9697,#4521,#4522);
#3724=AXIS2_PLACEMENT_3D('',#9699,#4524,#4525);
#3725=AXIS2_PLACEMENT_3D('',#9701,#4527,#4528);
#3726=AXIS2_PLACEMENT_3D('',#9702,#4529,#4530);
#3727=AXIS2_PLACEMENT_3D('',#9705,#4531,#4532);
#3728=AXIS2_PLACEMENT_3D('',#9709,#4534,#4535);
#3729=AXIS2_PLACEMENT_3D('',#9711,#4537,#4538);
#3730=AXIS2_PLACEMENT_3D('',#9715,#4540,#4541);
#3731=AXIS2_PLACEMENT_3D('',#9721,#4545,#4546);
#3732=AXIS2_PLACEMENT_3D('',#9726,#4549,#4550);
#3733=AXIS2_PLACEMENT_3D('',#9728,#4551,#4552);
#3734=AXIS2_PLACEMENT_3D('',#9729,#4553,#4554);
#3735=AXIS2_PLACEMENT_3D('',#9731,#4555,#4556);
#3736=AXIS2_PLACEMENT_3D('',#9733,#4558,#4559);
#3737=AXIS2_PLACEMENT_3D('',#9736,#4561,#4562);
#3738=AXIS2_PLACEMENT_3D('',#9737,#4563,#4564);
#3739=AXIS2_PLACEMENT_3D('',#9740,#4566,#4567);
#3740=AXIS2_PLACEMENT_3D('',#9741,#4568,#4569);
#3741=AXIS2_PLACEMENT_3D('',#9745,#4572,#4573);
#3742=AXIS2_PLACEMENT_3D('',#9749,#4576,#4577);
#3743=AXIS2_PLACEMENT_3D('',#9751,#4579,#4580);
#3744=DIRECTION('axis',(0.,0.,1.));
#3745=DIRECTION('refdir',(1.,0.,0.));
#3746=DIRECTION('center_axis',(0.,1.,0.));
#3747=DIRECTION('ref_axis',(0.,0.,1.));
#3748=DIRECTION('',(1.,0.,0.));
#3749=DIRECTION('',(0.,0.,-1.));
#3750=DIRECTION('',(-1.,0.,0.));
#3751=DIRECTION('',(0.,0.,1.));
#3752=DIRECTION('center_axis',(0.,-1.,0.));
#3753=DIRECTION('ref_axis',(0.,0.,1.));
#3754=DIRECTION('center_axis',(1.,0.,0.));
#3755=DIRECTION('ref_axis',(0.,0.,-1.));
#3756=DIRECTION('',(0.,-1.,0.));
#3757=DIRECTION('',(0.,1.,0.));
#3758=DIRECTION('',(0.,0.,-1.));
#3759=DIRECTION('',(0.,1.,0.));
#3760=DIRECTION('',(0.,0.,-1.));
#3761=DIRECTION('',(0.,1.,0.));
#3762=DIRECTION('center_axis',(-1.,0.,0.));
#3763=DIRECTION('ref_axis',(0.,0.707106781186547,-0.707106781186548));
#3764=DIRECTION('',(0.,0.,-1.));
#3765=DIRECTION('',(0.,1.,0.));
#3766=DIRECTION('',(0.,0.,-1.));
#3767=DIRECTION('center_axis',(0.,-1.,0.));
#3768=DIRECTION('ref_axis',(1.,0.,0.));
#3769=DIRECTION('',(-1.,0.,0.));
#3770=DIRECTION('',(1.,0.,0.));
#3771=DIRECTION('',(0.,0.,1.));
#3772=DIRECTION('center_axis',(0.,1.,0.));
#3773=DIRECTION('ref_axis',(0.,0.,1.));
#3774=DIRECTION('center_axis',(0.,0.,1.));
#3775=DIRECTION('ref_axis',(1.,0.,0.));
#3776=DIRECTION('',(0.,-1.,0.));
#3777=DIRECTION('center_axis',(0.,0.,-1.));
#3778=DIRECTION('ref_axis',(-1.,0.,0.));
#3779=DIRECTION('center_axis',(0.,0.,-1.));
#3780=DIRECTION('ref_axis',(1.,0.,0.));
#3781=DIRECTION('center_axis',(-1.22464679914735E-16,-1.,0.));
#3782=DIRECTION('ref_axis',(1.,-1.22464679914735E-16,0.));
#3783=DIRECTION('center_axis',(0.,0.,1.));
#3784=DIRECTION('ref_axis',(1.,0.,0.));
#3785=DIRECTION('center_axis',(0.,0.,1.));
#3786=DIRECTION('ref_axis',(1.,0.,0.));
#3787=DIRECTION('center_axis',(0.,0.,-1.));
#3788=DIRECTION('ref_axis',(1.,0.,0.));
#3789=DIRECTION('center_axis',(0.,0.,-1.));
#3790=DIRECTION('ref_axis',(1.,0.,0.));
#3791=DIRECTION('',(0.,0.,1.));
#3792=DIRECTION('center_axis',(0.,-1.,0.));
#3793=DIRECTION('ref_axis',(0.,0.,1.));
#3794=DIRECTION('',(0.,-1.,0.));
#3795=DIRECTION('center_axis',(0.,-1.,0.));
#3796=DIRECTION('ref_axis',(0.,0.,1.));
#3797=DIRECTION('center_axis',(0.,-1.,0.));
#3798=DIRECTION('ref_axis',(0.,0.,1.));
#3799=DIRECTION('',(0.,-1.,0.));
#3800=DIRECTION('center_axis',(0.,-1.,0.));
#3801=DIRECTION('ref_axis',(0.,0.,1.));
#3802=DIRECTION('center_axis',(-1.,0.,0.));
#3803=DIRECTION('ref_axis',(0.,0.707106781186547,-0.707106781186548));
#3804=DIRECTION('center_axis',(1.,0.,0.));
#3805=DIRECTION('ref_axis',(0.,0.707106781186547,-0.707106781186548));
#3806=DIRECTION('',(1.,0.,0.));
#3807=DIRECTION('',(-1.,0.,0.));
#3808=DIRECTION('center_axis',(0.,1.,0.));
#3809=DIRECTION('ref_axis',(0.,0.,1.));
#3810=DIRECTION('',(0.,0.,1.));
#3811=DIRECTION('',(1.,0.,0.));
#3812=DIRECTION('center_axis',(0.,0.,1.));
#3813=DIRECTION('ref_axis',(1.,0.,0.));
#3814=DIRECTION('',(1.,0.,0.));
#3815=DIRECTION('',(0.,1.,0.));
#3816=DIRECTION('center_axis',(0.,1.,0.));
#3817=DIRECTION('ref_axis',(-1.,0.,0.));
#3818=DIRECTION('',(1.,0.,0.));
#3819=DIRECTION('',(0.,0.,1.));
#3820=DIRECTION('center_axis',(0.,0.,1.));
#3821=DIRECTION('ref_axis',(1.,0.,0.));
#3822=DIRECTION('',(0.,1.,0.));
#3823=DIRECTION('center_axis',(0.0747129213449686,0.997195413292813,0.00439170717117237));
#3824=DIRECTION('ref_axis',(0.701535086689705,-0.0556900361868461,0.710455587642729));
#3825=DIRECTION('center_axis',(-1.,0.,0.));
#3826=DIRECTION('ref_axis',(0.,0.,1.));
#3827=DIRECTION('',(0.,1.,0.));
#3828=DIRECTION('',(0.,0.,1.));
#3829=DIRECTION('',(0.,1.,0.));
#3830=DIRECTION('center_axis',(0.,0.,-1.));
#3831=DIRECTION('ref_axis',(1.,0.,0.));
#3832=DIRECTION('',(1.,0.,0.));
#3833=DIRECTION('',(1.,0.,0.));
#3834=DIRECTION('center_axis',(0.,-1.,0.));
#3835=DIRECTION('ref_axis',(-1.,0.,0.));
#3836=DIRECTION('',(1.,0.,0.));
#3837=DIRECTION('center_axis',(0.,0.,-1.));
#3838=DIRECTION('ref_axis',(1.,0.,0.));
#3839=DIRECTION('center_axis',(1.,0.,0.));
#3840=DIRECTION('ref_axis',(0.,0.,-1.));
#3841=DIRECTION('',(0.,0.,1.));
#3842=DIRECTION('',(0.,1.,0.));
#3843=DIRECTION('',(0.,0.,-1.));
#3844=DIRECTION('',(0.,-1.,0.));
#3845=DIRECTION('center_axis',(0.,0.,1.));
#3846=DIRECTION('ref_axis',(-1.,0.,0.));
#3847=DIRECTION('',(1.,0.,0.));
#3848=DIRECTION('',(0.,-1.,0.));
#3849=DIRECTION('',(1.,0.,0.));
#3850=DIRECTION('center_axis',(0.,-1.,0.));
#3851=DIRECTION('ref_axis',(1.,0.,0.));
#3852=DIRECTION('',(1.,0.,0.));
#3853=DIRECTION('center_axis',(0.,1.,0.));
#3854=DIRECTION('ref_axis',(0.707106781186547,0.,-0.707106781186547));
#3855=DIRECTION('',(0.,0.,-1.));
#3856=DIRECTION('center_axis',(0.,1.,0.));
#3857=DIRECTION('ref_axis',(0.707106781186547,0.,0.707106781186547));
#3858=DIRECTION('center_axis',(0.,1.,0.));
#3859=DIRECTION('ref_axis',(1.,0.,0.));
#3860=DIRECTION('center_axis',(0.,1.,0.));
#3861=DIRECTION('ref_axis',(1.,0.,0.));
#3862=DIRECTION('',(0.,0.,-1.));
#3863=DIRECTION('center_axis',(0.,1.,0.));
#3864=DIRECTION('ref_axis',(-1.,0.,4.30211422042273E-14));
#3865=DIRECTION('',(0.,0.,1.));
#3866=DIRECTION('center_axis',(0.,1.,0.));
#3867=DIRECTION('ref_axis',(1.,0.,0.));
#3868=DIRECTION('',(0.,0.,-1.));
#3869=DIRECTION('center_axis',(0.,1.,0.));
#3870=DIRECTION('ref_axis',(-1.,0.,4.30211422042273E-14));
#3871=DIRECTION('',(0.,0.,1.));
#3872=DIRECTION('center_axis',(0.,1.,0.));
#3873=DIRECTION('ref_axis',(1.,0.,0.));
#3874=DIRECTION('',(0.,0.,-1.));
#3875=DIRECTION('center_axis',(0.,1.,0.));
#3876=DIRECTION('ref_axis',(-1.,0.,4.30211422042273E-14));
#3877=DIRECTION('',(0.,0.,1.));
#3878=DIRECTION('center_axis',(0.,1.,0.));
#3879=DIRECTION('ref_axis',(1.,0.,0.));
#3880=DIRECTION('',(0.,0.,-1.));
#3881=DIRECTION('center_axis',(0.,1.,0.));
#3882=DIRECTION('ref_axis',(-1.,0.,4.30211422042273E-14));
#3883=DIRECTION('',(0.,0.,1.));
#3884=DIRECTION('center_axis',(0.,1.,0.));
#3885=DIRECTION('ref_axis',(1.,0.,0.));
#3886=DIRECTION('',(0.,0.,-1.));
#3887=DIRECTION('center_axis',(0.,1.,0.));
#3888=DIRECTION('ref_axis',(-1.,0.,4.30211422042273E-14));
#3889=DIRECTION('',(0.,0.,1.));
#3890=DIRECTION('',(0.,0.,-1.));
#3891=DIRECTION('center_axis',(0.,1.,0.));
#3892=DIRECTION('ref_axis',(-7.10542735760137E-14,0.,-1.));
#3893=DIRECTION('',(0.,0.,1.));
#3894=DIRECTION('center_axis',(0.,1.,0.));
#3895=DIRECTION('ref_axis',(1.,0.,0.));
#3896=DIRECTION('',(0.,0.,1.));
#3897=DIRECTION('center_axis',(0.,1.,0.));
#3898=DIRECTION('ref_axis',(1.,0.,0.));
#3899=DIRECTION('',(0.,0.,-1.));
#3900=DIRECTION('center_axis',(0.,1.,0.));
#3901=DIRECTION('ref_axis',(-1.,0.,4.30211422042273E-14));
#3902=DIRECTION('',(0.,0.,1.));
#3903=DIRECTION('center_axis',(0.,1.,0.));
#3904=DIRECTION('ref_axis',(1.,0.,0.));
#3905=DIRECTION('',(0.,0.,-1.));
#3906=DIRECTION('center_axis',(0.,1.,0.));
#3907=DIRECTION('ref_axis',(-1.,0.,4.30211422042273E-14));
#3908=DIRECTION('',(0.,0.,1.));
#3909=DIRECTION('center_axis',(0.,1.,0.));
#3910=DIRECTION('ref_axis',(1.,0.,0.));
#3911=DIRECTION('',(0.,0.,-1.));
#3912=DIRECTION('center_axis',(0.,1.,0.));
#3913=DIRECTION('ref_axis',(-1.,0.,4.30211422042273E-14));
#3914=DIRECTION('',(0.,0.,1.));
#3915=DIRECTION('center_axis',(0.,1.,0.));
#3916=DIRECTION('ref_axis',(1.,0.,0.));
#3917=DIRECTION('',(0.,0.,-1.));
#3918=DIRECTION('center_axis',(0.,1.,0.));
#3919=DIRECTION('ref_axis',(-1.,0.,4.30211422042273E-14));
#3920=DIRECTION('',(0.,0.,1.));
#3921=DIRECTION('center_axis',(0.,1.,0.));
#3922=DIRECTION('ref_axis',(1.,0.,0.));
#3923=DIRECTION('',(0.,0.,-1.));
#3924=DIRECTION('center_axis',(0.,1.,0.));
#3925=DIRECTION('ref_axis',(-1.,0.,4.30211422042273E-14));
#3926=DIRECTION('',(0.,0.,1.));
#3927=DIRECTION('center_axis',(0.,1.,0.));
#3928=DIRECTION('ref_axis',(1.,0.,0.));
#3929=DIRECTION('',(0.,0.,-1.));
#3930=DIRECTION('center_axis',(0.,1.,0.));
#3931=DIRECTION('ref_axis',(-1.,0.,4.30211422042273E-14));
#3932=DIRECTION('',(0.,0.,1.));
#3933=DIRECTION('center_axis',(0.,1.,0.));
#3934=DIRECTION('ref_axis',(1.,0.,0.));
#3935=DIRECTION('',(0.,0.,-1.));
#3936=DIRECTION('center_axis',(0.,1.,0.));
#3937=DIRECTION('ref_axis',(-1.,0.,4.30211422042273E-14));
#3938=DIRECTION('',(0.,0.,1.));
#3939=DIRECTION('center_axis',(0.,1.,0.));
#3940=DIRECTION('ref_axis',(1.,0.,0.));
#3941=DIRECTION('',(0.,0.,-1.));
#3942=DIRECTION('center_axis',(0.,1.,0.));
#3943=DIRECTION('ref_axis',(-1.,0.,4.30211422042273E-14));
#3944=DIRECTION('',(0.,0.,1.));
#3945=DIRECTION('center_axis',(0.,1.,0.));
#3946=DIRECTION('ref_axis',(1.,0.,0.));
#3947=DIRECTION('',(0.,0.,-1.));
#3948=DIRECTION('center_axis',(0.,1.,0.));
#3949=DIRECTION('ref_axis',(-1.,0.,4.30211422042273E-14));
#3950=DIRECTION('',(0.,0.,1.));
#3951=DIRECTION('center_axis',(0.,1.,0.));
#3952=DIRECTION('ref_axis',(1.,0.,0.));
#3953=DIRECTION('',(0.,0.,-1.));
#3954=DIRECTION('center_axis',(0.,1.,0.));
#3955=DIRECTION('ref_axis',(-1.,0.,4.30211422042273E-14));
#3956=DIRECTION('center_axis',(0.,-1.,0.));
#3957=DIRECTION('ref_axis',(1.,0.,0.));
#3958=DIRECTION('center_axis',(0.,-1.,0.));
#3959=DIRECTION('ref_axis',(1.,0.,0.));
#3960=DIRECTION('',(0.,1.,0.));
#3961=DIRECTION('center_axis',(0.,-1.,0.));
#3962=DIRECTION('ref_axis',(1.,0.,0.));
#3963=DIRECTION('center_axis',(0.,-1.,0.));
#3964=DIRECTION('ref_axis',(1.,0.,0.));
#3965=DIRECTION('center_axis',(0.,-1.,0.));
#3966=DIRECTION('ref_axis',(0.707106781186547,0.,0.707106781186547));
#3967=DIRECTION('',(0.,0.,1.));
#3968=DIRECTION('center_axis',(0.,-1.,0.));
#3969=DIRECTION('ref_axis',(0.707106781186547,0.,-0.707106781186547));
#3970=DIRECTION('',(1.,0.,0.));
#3971=DIRECTION('',(0.,0.,-1.));
#3972=DIRECTION('center_axis',(0.,-1.,0.));
#3973=DIRECTION('ref_axis',(-1.,0.,4.30211422042273E-14));
#3974=DIRECTION('',(0.,0.,1.));
#3975=DIRECTION('center_axis',(0.,-1.,0.));
#3976=DIRECTION('ref_axis',(1.,0.,0.));
#3977=DIRECTION('',(0.,0.,-1.));
#3978=DIRECTION('center_axis',(0.,-1.,0.));
#3979=DIRECTION('ref_axis',(-1.,0.,4.30211422042273E-14));
#3980=DIRECTION('',(0.,0.,1.));
#3981=DIRECTION('center_axis',(0.,-1.,0.));
#3982=DIRECTION('ref_axis',(1.,0.,0.));
#3983=DIRECTION('',(0.,0.,-1.));
#3984=DIRECTION('center_axis',(0.,-1.,0.));
#3985=DIRECTION('ref_axis',(-1.,0.,4.30211422042273E-14));
#3986=DIRECTION('',(0.,0.,1.));
#3987=DIRECTION('center_axis',(0.,-1.,0.));
#3988=DIRECTION('ref_axis',(1.,0.,0.));
#3989=DIRECTION('',(0.,0.,-1.));
#3990=DIRECTION('center_axis',(0.,-1.,0.));
#3991=DIRECTION('ref_axis',(-1.,0.,4.30211422042273E-14));
#3992=DIRECTION('',(0.,0.,1.));
#3993=DIRECTION('center_axis',(0.,-1.,0.));
#3994=DIRECTION('ref_axis',(1.,0.,0.));
#3995=DIRECTION('',(0.,0.,-1.));
#3996=DIRECTION('center_axis',(0.,-1.,0.));
#3997=DIRECTION('ref_axis',(-1.,0.,4.30211422042273E-14));
#3998=DIRECTION('',(0.,0.,1.));
#3999=DIRECTION('center_axis',(0.,-1.,0.));
#4000=DIRECTION('ref_axis',(1.,0.,0.));
#4001=DIRECTION('',(0.,0.,-1.));
#4002=DIRECTION('center_axis',(0.,-1.,0.));
#4003=DIRECTION('ref_axis',(-1.,0.,4.30211422042273E-14));
#4004=DIRECTION('',(0.,0.,1.));
#4005=DIRECTION('center_axis',(0.,-1.,0.));
#4006=DIRECTION('ref_axis',(1.,0.,0.));
#4007=DIRECTION('',(0.,0.,-1.));
#4008=DIRECTION('center_axis',(0.,-1.,0.));
#4009=DIRECTION('ref_axis',(-1.,0.,4.30211422042273E-14));
#4010=DIRECTION('',(0.,0.,1.));
#4011=DIRECTION('center_axis',(0.,-1.,0.));
#4012=DIRECTION('ref_axis',(1.,0.,0.));
#4013=DIRECTION('',(0.,0.,-1.));
#4014=DIRECTION('center_axis',(0.,-1.,0.));
#4015=DIRECTION('ref_axis',(-1.,0.,4.30211422042273E-14));
#4016=DIRECTION('',(0.,0.,1.));
#4017=DIRECTION('center_axis',(0.,-1.,0.));
#4018=DIRECTION('ref_axis',(1.,0.,0.));
#4019=DIRECTION('',(0.,0.,-1.));
#4020=DIRECTION('center_axis',(0.,-1.,0.));
#4021=DIRECTION('ref_axis',(-1.,0.,4.30211422042273E-14));
#4022=DIRECTION('',(0.,0.,1.));
#4023=DIRECTION('center_axis',(0.,-1.,0.));
#4024=DIRECTION('ref_axis',(1.,0.,0.));
#4025=DIRECTION('',(0.,0.,-1.));
#4026=DIRECTION('center_axis',(0.,-1.,0.));
#4027=DIRECTION('ref_axis',(-1.,0.,4.30211422042273E-14));
#4028=DIRECTION('',(0.,0.,1.));
#4029=DIRECTION('center_axis',(0.,-1.,0.));
#4030=DIRECTION('ref_axis',(1.,0.,0.));
#4031=DIRECTION('',(0.,0.,1.));
#4032=DIRECTION('center_axis',(0.,-1.,0.));
#4033=DIRECTION('ref_axis',(1.,0.,0.));
#4034=DIRECTION('',(0.,0.,-1.));
#4035=DIRECTION('center_axis',(0.,-1.,0.));
#4036=DIRECTION('ref_axis',(-7.10542735760137E-14,0.,-1.));
#4037=DIRECTION('center_axis',(0.,-1.,0.));
#4038=DIRECTION('ref_axis',(1.,0.,0.));
#4039=DIRECTION('',(0.,0.,-1.));
#4040=DIRECTION('center_axis',(0.,-1.,0.));
#4041=DIRECTION('ref_axis',(-1.,0.,4.30211422042273E-14));
#4042=DIRECTION('',(0.,0.,1.));
#4043=DIRECTION('center_axis',(0.,-1.,0.));
#4044=DIRECTION('ref_axis',(1.,0.,0.));
#4045=DIRECTION('',(0.,0.,-1.));
#4046=DIRECTION('center_axis',(0.,-1.,0.));
#4047=DIRECTION('ref_axis',(-1.,0.,4.30211422042273E-14));
#4048=DIRECTION('',(0.,0.,1.));
#4049=DIRECTION('center_axis',(0.,-1.,0.));
#4050=DIRECTION('ref_axis',(1.,0.,0.));
#4051=DIRECTION('',(0.,0.,-1.));
#4052=DIRECTION('center_axis',(0.,-1.,0.));
#4053=DIRECTION('ref_axis',(-1.,0.,4.30211422042273E-14));
#4054=DIRECTION('',(0.,0.,1.));
#4055=DIRECTION('center_axis',(0.,-1.,0.));
#4056=DIRECTION('ref_axis',(1.,0.,0.));
#4057=DIRECTION('',(0.,0.,-1.));
#4058=DIRECTION('center_axis',(0.,-1.,0.));
#4059=DIRECTION('ref_axis',(-1.,0.,4.30211422042273E-14));
#4060=DIRECTION('',(0.,0.,1.));
#4061=DIRECTION('center_axis',(0.,-1.,0.));
#4062=DIRECTION('ref_axis',(1.,0.,0.));
#4063=DIRECTION('',(0.,0.,-1.));
#4064=DIRECTION('center_axis',(0.,-1.,0.));
#4065=DIRECTION('ref_axis',(-1.,0.,4.30211422042273E-14));
#4066=DIRECTION('',(0.,0.,1.));
#4067=DIRECTION('center_axis',(0.,1.,0.));
#4068=DIRECTION('ref_axis',(-1.,0.,4.30211422042273E-14));
#4069=DIRECTION('',(0.,1.,0.));
#4070=DIRECTION('',(0.,1.,0.));
#4071=DIRECTION('center_axis',(1.,0.,0.));
#4072=DIRECTION('ref_axis',(0.,0.,-1.));
#4073=DIRECTION('',(0.,1.,0.));
#4074=DIRECTION('center_axis',(0.,1.,0.));
#4075=DIRECTION('ref_axis',(-1.47688334469207E-6,0.,0.999999999998909));
#4076=DIRECTION('',(0.,1.,0.));
#4077=DIRECTION('center_axis',(-1.,0.,0.));
#4078=DIRECTION('ref_axis',(0.,0.,1.));
#4079=DIRECTION('center_axis',(0.,1.,0.));
#4080=DIRECTION('ref_axis',(-1.,0.,4.30211422042273E-14));
#4081=DIRECTION('',(0.,1.,0.));
#4082=DIRECTION('',(0.,1.,0.));
#4083=DIRECTION('center_axis',(1.,0.,0.));
#4084=DIRECTION('ref_axis',(0.,0.,-1.));
#4085=DIRECTION('',(0.,1.,0.));
#4086=DIRECTION('center_axis',(0.,1.,0.));
#4087=DIRECTION('ref_axis',(-1.47688334469207E-6,0.,0.999999999998909));
#4088=DIRECTION('',(0.,1.,0.));
#4089=DIRECTION('center_axis',(-1.,0.,0.));
#4090=DIRECTION('ref_axis',(0.,0.,1.));
#4091=DIRECTION('center_axis',(0.,1.,0.));
#4092=DIRECTION('ref_axis',(-1.,0.,4.30211422042273E-14));
#4093=DIRECTION('',(0.,1.,0.));
#4094=DIRECTION('',(0.,1.,0.));
#4095=DIRECTION('center_axis',(1.,0.,0.));
#4096=DIRECTION('ref_axis',(0.,0.,-1.));
#4097=DIRECTION('',(0.,1.,0.));
#4098=DIRECTION('center_axis',(0.,1.,0.));
#4099=DIRECTION('ref_axis',(-1.47688334469207E-6,0.,0.999999999998909));
#4100=DIRECTION('',(0.,1.,0.));
#4101=DIRECTION('center_axis',(-1.,0.,0.));
#4102=DIRECTION('ref_axis',(0.,0.,1.));
#4103=DIRECTION('center_axis',(0.,1.,0.));
#4104=DIRECTION('ref_axis',(-1.,0.,4.30211422042273E-14));
#4105=DIRECTION('',(0.,1.,0.));
#4106=DIRECTION('',(0.,1.,0.));
#4107=DIRECTION('center_axis',(1.,0.,0.));
#4108=DIRECTION('ref_axis',(0.,0.,-1.));
#4109=DIRECTION('',(0.,1.,0.));
#4110=DIRECTION('center_axis',(0.,1.,0.));
#4111=DIRECTION('ref_axis',(-1.47688334469207E-6,0.,0.999999999998909));
#4112=DIRECTION('',(0.,1.,0.));
#4113=DIRECTION('center_axis',(-1.,0.,0.));
#4114=DIRECTION('ref_axis',(0.,0.,1.));
#4115=DIRECTION('center_axis',(0.,1.,0.));
#4116=DIRECTION('ref_axis',(-1.,0.,4.30211422042273E-14));
#4117=DIRECTION('',(0.,1.,0.));
#4118=DIRECTION('',(0.,1.,0.));
#4119=DIRECTION('center_axis',(1.,0.,0.));
#4120=DIRECTION('ref_axis',(0.,0.,-1.));
#4121=DIRECTION('',(0.,1.,0.));
#4122=DIRECTION('center_axis',(0.,1.,0.));
#4123=DIRECTION('ref_axis',(-1.47688334469207E-6,0.,0.999999999998909));
#4124=DIRECTION('',(0.,1.,0.));
#4125=DIRECTION('center_axis',(-1.,0.,0.));
#4126=DIRECTION('ref_axis',(0.,0.,1.));
#4127=DIRECTION('center_axis',(1.,0.,0.));
#4128=DIRECTION('ref_axis',(0.,0.,-1.));
#4129=DIRECTION('',(0.,1.,0.));
#4130=DIRECTION('',(0.,1.,0.));
#4131=DIRECTION('center_axis',(0.,1.,0.));
#4132=DIRECTION('ref_axis',(-1.47688334469207E-6,0.,0.999999999998909));
#4133=DIRECTION('',(0.,1.,0.));
#4134=DIRECTION('center_axis',(-1.,0.,0.));
#4135=DIRECTION('ref_axis',(0.,0.,1.));
#4136=DIRECTION('',(0.,1.,0.));
#4137=DIRECTION('center_axis',(0.,1.,0.));
#4138=DIRECTION('ref_axis',(-1.,0.,4.30211422042273E-14));
#4139=DIRECTION('center_axis',(1.,0.,0.));
#4140=DIRECTION('ref_axis',(0.,0.,-1.));
#4141=DIRECTION('',(0.,1.,0.));
#4142=DIRECTION('',(0.,1.,0.));
#4143=DIRECTION('center_axis',(0.,1.,0.));
#4144=DIRECTION('ref_axis',(-1.47688334469207E-6,0.,0.999999999998909));
#4145=DIRECTION('',(0.,1.,0.));
#4146=DIRECTION('center_axis',(-1.,0.,0.));
#4147=DIRECTION('ref_axis',(0.,0.,1.));
#4148=DIRECTION('',(0.,1.,0.));
#4149=DIRECTION('center_axis',(0.,1.,0.));
#4150=DIRECTION('ref_axis',(-1.,0.,4.30211422042273E-14));
#4151=DIRECTION('center_axis',(1.,0.,0.));
#4152=DIRECTION('ref_axis',(0.,0.,-1.));
#4153=DIRECTION('',(0.,1.,0.));
#4154=DIRECTION('',(0.,1.,0.));
#4155=DIRECTION('center_axis',(0.,1.,0.));
#4156=DIRECTION('ref_axis',(-1.47688334469207E-6,0.,0.999999999998909));
#4157=DIRECTION('',(0.,1.,0.));
#4158=DIRECTION('center_axis',(-1.,0.,0.));
#4159=DIRECTION('ref_axis',(0.,0.,1.));
#4160=DIRECTION('',(0.,1.,0.));
#4161=DIRECTION('center_axis',(0.,1.,0.));
#4162=DIRECTION('ref_axis',(-1.,0.,4.30211422042273E-14));
#4163=DIRECTION('center_axis',(1.,0.,0.));
#4164=DIRECTION('ref_axis',(0.,0.,-1.));
#4165=DIRECTION('',(0.,1.,0.));
#4166=DIRECTION('',(0.,1.,0.));
#4167=DIRECTION('center_axis',(0.,1.,0.));
#4168=DIRECTION('ref_axis',(-1.47688334469207E-6,0.,0.999999999998909));
#4169=DIRECTION('',(0.,1.,0.));
#4170=DIRECTION('center_axis',(-1.,0.,0.));
#4171=DIRECTION('ref_axis',(0.,0.,1.));
#4172=DIRECTION('',(0.,1.,0.));
#4173=DIRECTION('center_axis',(0.,1.,0.));
#4174=DIRECTION('ref_axis',(-1.,0.,4.30211422042273E-14));
#4175=DIRECTION('center_axis',(1.,0.,0.));
#4176=DIRECTION('ref_axis',(0.,0.,-1.));
#4177=DIRECTION('',(0.,1.,0.));
#4178=DIRECTION('',(0.,1.,0.));
#4179=DIRECTION('center_axis',(0.,1.,0.));
#4180=DIRECTION('ref_axis',(-1.47688334469207E-6,0.,0.999999999998909));
#4181=DIRECTION('',(0.,1.,0.));
#4182=DIRECTION('center_axis',(-1.,0.,0.));
#4183=DIRECTION('ref_axis',(0.,0.,1.));
#4184=DIRECTION('',(0.,1.,0.));
#4185=DIRECTION('center_axis',(0.,1.,0.));
#4186=DIRECTION('ref_axis',(-1.,0.,4.30211422042273E-14));
#4187=DIRECTION('center_axis',(1.,0.,0.));
#4188=DIRECTION('ref_axis',(0.,0.,-1.));
#4189=DIRECTION('',(0.,1.,0.));
#4190=DIRECTION('',(0.,1.,0.));
#4191=DIRECTION('center_axis',(0.,1.,0.));
#4192=DIRECTION('ref_axis',(-1.47688334469207E-6,0.,0.999999999998909));
#4193=DIRECTION('',(0.,1.,0.));
#4194=DIRECTION('center_axis',(-1.,0.,0.));
#4195=DIRECTION('ref_axis',(0.,0.,1.));
#4196=DIRECTION('',(0.,1.,0.));
#4197=DIRECTION('center_axis',(0.,1.,0.));
#4198=DIRECTION('ref_axis',(-1.,0.,4.30211422042273E-14));
#4199=DIRECTION('center_axis',(1.,0.,0.));
#4200=DIRECTION('ref_axis',(0.,0.,-1.));
#4201=DIRECTION('',(0.,1.,0.));
#4202=DIRECTION('',(0.,1.,0.));
#4203=DIRECTION('center_axis',(0.,1.,0.));
#4204=DIRECTION('ref_axis',(-1.47688334469207E-6,0.,0.999999999998909));
#4205=DIRECTION('',(0.,1.,0.));
#4206=DIRECTION('center_axis',(-1.,0.,0.));
#4207=DIRECTION('ref_axis',(0.,0.,1.));
#4208=DIRECTION('',(0.,1.,0.));
#4209=DIRECTION('center_axis',(0.,1.,0.));
#4210=DIRECTION('ref_axis',(-1.,0.,4.30211422042273E-14));
#4211=DIRECTION('center_axis',(1.,0.,0.));
#4212=DIRECTION('ref_axis',(0.,0.,-1.));
#4213=DIRECTION('',(0.,1.,0.));
#4214=DIRECTION('',(0.,1.,0.));
#4215=DIRECTION('center_axis',(0.,1.,0.));
#4216=DIRECTION('ref_axis',(-1.47688334469207E-6,0.,0.999999999998909));
#4217=DIRECTION('',(0.,1.,0.));
#4218=DIRECTION('center_axis',(-1.,0.,0.));
#4219=DIRECTION('ref_axis',(0.,0.,1.));
#4220=DIRECTION('',(0.,1.,0.));
#4221=DIRECTION('center_axis',(0.,1.,0.));
#4222=DIRECTION('ref_axis',(-1.,0.,4.30211422042273E-14));
#4223=DIRECTION('center_axis',(1.,0.,0.));
#4224=DIRECTION('ref_axis',(0.,0.,-1.));
#4225=DIRECTION('',(0.,1.,0.));
#4226=DIRECTION('',(0.,1.,0.));
#4227=DIRECTION('center_axis',(0.,1.,0.));
#4228=DIRECTION('ref_axis',(-1.47688334469207E-6,0.,0.999999999998909));
#4229=DIRECTION('',(0.,1.,0.));
#4230=DIRECTION('center_axis',(-1.,0.,0.));
#4231=DIRECTION('ref_axis',(0.,0.,1.));
#4232=DIRECTION('',(0.,1.,0.));
#4233=DIRECTION('center_axis',(0.,1.,0.));
#4234=DIRECTION('ref_axis',(-1.,0.,4.30211422042273E-14));
#4235=DIRECTION('center_axis',(1.,0.,0.));
#4236=DIRECTION('ref_axis',(0.,0.,-1.));
#4237=DIRECTION('',(0.,1.,0.));
#4238=DIRECTION('',(0.,1.,0.));
#4239=DIRECTION('center_axis',(0.,1.,0.));
#4240=DIRECTION('ref_axis',(-1.47688334469207E-6,0.,0.999999999998909));
#4241=DIRECTION('',(0.,1.,0.));
#4242=DIRECTION('center_axis',(-1.,0.,0.));
#4243=DIRECTION('ref_axis',(0.,0.,1.));
#4244=DIRECTION('',(0.,1.,0.));
#4245=DIRECTION('center_axis',(0.,1.,0.));
#4246=DIRECTION('ref_axis',(-1.,0.,4.30211422042273E-14));
#4247=DIRECTION('center_axis',(-1.,0.,0.));
#4248=DIRECTION('ref_axis',(0.,0.,1.));
#4249=DIRECTION('',(0.,1.,0.));
#4250=DIRECTION('',(0.,1.,0.));
#4251=DIRECTION('center_axis',(0.,1.,0.));
#4252=DIRECTION('ref_axis',(-7.10542735760137E-14,0.,-1.));
#4253=DIRECTION('',(0.,1.,0.));
#4254=DIRECTION('center_axis',(1.,0.,0.));
#4255=DIRECTION('ref_axis',(0.,0.,-1.));
#4256=DIRECTION('',(0.,1.,0.));
#4257=DIRECTION('center_axis',(0.,1.,0.));
#4258=DIRECTION('ref_axis',(-1.47688334469207E-6,0.,0.999999999998909));
#4259=DIRECTION('center_axis',(0.,-1.,0.));
#4260=DIRECTION('ref_axis',(0.707106781186547,0.,0.707106781186547));
#4261=DIRECTION('',(0.,1.,0.));
#4262=DIRECTION('center_axis',(0.,1.,0.));
#4263=DIRECTION('ref_axis',(0.707106781186547,0.,-0.707106781186547));
#4264=DIRECTION('',(0.,-1.,0.));
#4265=DIRECTION('',(0.,1.,0.));
#4266=DIRECTION('center_axis',(0.,0.,-1.));
#4267=DIRECTION('ref_axis',(1.,0.,0.));
#4268=DIRECTION('center_axis',(1.,0.,0.));
#4269=DIRECTION('ref_axis',(0.,0.,-1.));
#4270=DIRECTION('center_axis',(0.,0.,1.));
#4271=DIRECTION('ref_axis',(1.,0.,0.));
#4272=DIRECTION('',(0.,-1.,0.));
#4273=DIRECTION('',(-1.,0.,0.));
#4274=DIRECTION('',(0.,1.,0.));
#4275=DIRECTION('',(1.,0.,0.));
#4276=DIRECTION('center_axis',(0.,1.,0.));
#4277=DIRECTION('ref_axis',(0.707106781186547,0.,-0.707106781186548));
#4278=DIRECTION('center_axis',(0.,-1.,0.));
#4279=DIRECTION('ref_axis',(0.707106781186547,0.,-0.707106781186548));
#4280=DIRECTION('center_axis',(0.,1.,0.));
#4281=DIRECTION('ref_axis',(0.707106781186547,0.,0.707106781186548));
#4282=DIRECTION('',(0.,-1.,0.));
#4283=DIRECTION('center_axis',(0.,1.,0.));
#4284=DIRECTION('ref_axis',(-0.707106781186548,0.,-0.707106781186547));
#4285=DIRECTION('center_axis',(0.,-1.,0.));
#4286=DIRECTION('ref_axis',(-0.707106781186546,0.,0.707106781186549));
#4287=DIRECTION('',(0.,1.,0.));
#4288=DIRECTION('center_axis',(0.,1.,0.));
#4289=DIRECTION('ref_axis',(-0.707106781186548,0.,-0.707106781186547));
#4290=DIRECTION('center_axis',(0.,0.,-1.));
#4291=DIRECTION('ref_axis',(-1.,0.,0.));
#4292=DIRECTION('',(1.,0.,0.));
#4293=DIRECTION('',(-1.,0.,0.));
#4294=DIRECTION('center_axis',(0.,0.,-1.));
#4295=DIRECTION('ref_axis',(-1.,0.,0.));
#4296=DIRECTION('',(0.,1.,0.));
#4297=DIRECTION('',(-1.,0.,0.));
#4298=DIRECTION('',(0.,-1.,0.));
#4299=DIRECTION('',(1.,0.,0.));
#4300=DIRECTION('center_axis',(0.,1.,0.));
#4301=DIRECTION('ref_axis',(0.707106781186548,0.,0.707106781186547));
#4302=DIRECTION('center_axis',(0.,-1.,0.));
#4303=DIRECTION('ref_axis',(0.707106781186546,0.,-0.707106781186549));
#4304=DIRECTION('',(0.,1.,0.));
#4305=DIRECTION('center_axis',(0.,1.,0.));
#4306=DIRECTION('ref_axis',(0.707106781186548,0.,0.707106781186547));
#4307=DIRECTION('center_axis',(0.,0.,1.));
#4308=DIRECTION('ref_axis',(1.,0.,0.));
#4309=DIRECTION('',(1.,0.,0.));
#4310=DIRECTION('',(0.,-1.,0.));
#4311=DIRECTION('',(-1.,0.,0.));
#4312=DIRECTION('center_axis',(0.,1.,0.));
#4313=DIRECTION('ref_axis',(-0.707106781186547,0.,0.707106781186548));
#4314=DIRECTION('center_axis',(0.,-1.,0.));
#4315=DIRECTION('ref_axis',(-0.707106781186547,0.,0.707106781186548));
#4316=DIRECTION('center_axis',(0.,1.,0.));
#4317=DIRECTION('ref_axis',(-0.707106781186547,0.,-0.707106781186548));
#4318=DIRECTION('center_axis',(1.,0.,0.));
#4319=DIRECTION('ref_axis',(0.,0.,-1.));
#4320=DIRECTION('',(0.,0.,1.));
#4321=DIRECTION('',(0.,1.,0.));
#4322=DIRECTION('',(0.,0.,-1.));
#4323=DIRECTION('',(0.,-1.,0.));
#4324=DIRECTION('center_axis',(0.,-1.,0.));
#4325=DIRECTION('ref_axis',(1.,0.,0.));
#4326=DIRECTION('',(1.,0.,0.));
#4327=DIRECTION('',(0.,0.,-1.));
#4328=DIRECTION('',(1.,0.,3.04170691491858E-18));
#4329=DIRECTION('',(1.,0.,8.94069662749075E-9));
#4330=DIRECTION('center_axis',(0.,1.,0.));
#4331=DIRECTION('ref_axis',(1.,0.,0.));
#4332=DIRECTION('center_axis',(0.,0.,1.));
#4333=DIRECTION('ref_axis',(-1.,0.,0.));
#4334=DIRECTION('',(-1.,0.,0.));
#4335=DIRECTION('',(0.,1.,0.));
#4336=DIRECTION('center_axis',(-1.,0.,0.));
#4337=DIRECTION('ref_axis',(0.,0.,1.));
#4338=DIRECTION('',(0.,0.,1.));
#4339=DIRECTION('',(0.,-1.,0.));
#4340=DIRECTION('center_axis',(0.,-1.,0.));
#4341=DIRECTION('ref_axis',(1.,0.,0.));
#4342=DIRECTION('',(1.,0.,8.94069662749075E-9));
#4343=DIRECTION('',(1.,0.,3.04170691491858E-18));
#4344=DIRECTION('center_axis',(0.,1.,0.));
#4345=DIRECTION('ref_axis',(1.,0.,0.));
#4346=DIRECTION('center_axis',(0.,1.,0.));
#4347=DIRECTION('ref_axis',(1.,0.,0.));
#4348=DIRECTION('center_axis',(0.,1.,0.));
#4349=DIRECTION('ref_axis',(1.,0.,0.));
#4350=DIRECTION('center_axis',(0.,-1.,0.));
#4351=DIRECTION('ref_axis',(1.,0.,0.));
#4352=DIRECTION('center_axis',(0.,-1.,0.));
#4353=DIRECTION('ref_axis',(1.,0.,0.));
#4354=DIRECTION('',(0.,1.,0.));
#4355=DIRECTION('center_axis',(0.,-1.,0.));
#4356=DIRECTION('ref_axis',(1.,0.,0.));
#4357=DIRECTION('center_axis',(0.,-1.,0.));
#4358=DIRECTION('ref_axis',(1.,0.,0.));
#4359=DIRECTION('center_axis',(0.,-1.,0.));
#4360=DIRECTION('ref_axis',(1.,0.,0.));
#4361=DIRECTION('',(0.,1.,0.));
#4362=DIRECTION('center_axis',(0.,-1.,0.));
#4363=DIRECTION('ref_axis',(1.,0.,0.));
#4364=DIRECTION('center_axis',(0.,-1.,0.));
#4365=DIRECTION('ref_axis',(1.,0.,0.));
#4366=DIRECTION('',(0.,1.,0.));
#4367=DIRECTION('center_axis',(3.04170691491858E-18,0.,-1.));
#4368=DIRECTION('ref_axis',(1.,0.,3.04170691491858E-18));
#4369=DIRECTION('',(0.,-1.,0.));
#4370=DIRECTION('center_axis',(8.94069662749075E-9,0.,-1.));
#4371=DIRECTION('ref_axis',(1.,0.,8.94069662749075E-9));
#4372=DIRECTION('center_axis',(0.,0.,-1.));
#4373=DIRECTION('ref_axis',(-1.,0.,0.));
#4374=DIRECTION('',(0.,1.,0.));
#4375=DIRECTION('',(-1.,0.,0.));
#4376=DIRECTION('',(0.,-1.,0.));
#4377=DIRECTION('',(1.,0.,0.));
#4378=DIRECTION('center_axis',(0.,1.,0.));
#4379=DIRECTION('ref_axis',(-0.707106781186553,0.,0.707106781186543));
#4380=DIRECTION('center_axis',(0.,-1.,0.));
#4381=DIRECTION('ref_axis',(-0.707106781186553,0.,0.707106781186543));
#4382=DIRECTION('center_axis',(0.,1.,0.));
#4383=DIRECTION('ref_axis',(-0.707106781186544,0.,-0.707106781186551));
#4384=DIRECTION('',(0.,-1.,0.));
#4385=DIRECTION('center_axis',(0.,-1.,0.));
#4386=DIRECTION('ref_axis',(0.707106781186553,0.,0.707106781186543));
#4387=DIRECTION('center_axis',(0.,1.,0.));
#4388=DIRECTION('ref_axis',(0.707106781186553,0.,0.707106781186543));
#4389=DIRECTION('center_axis',(0.,-1.,0.));
#4390=DIRECTION('ref_axis',(0.707106781186553,0.,-0.707106781186543));
#4391=DIRECTION('',(0.,1.,0.));
#4392=DIRECTION('center_axis',(0.,-1.,0.));
#4393=DIRECTION('ref_axis',(1.,0.,0.));
#4394=DIRECTION('',(0.,0.,1.));
#4395=DIRECTION('',(-1.,0.,-8.94069658519654E-9));
#4396=DIRECTION('center_axis',(0.,1.,0.));
#4397=DIRECTION('ref_axis',(-0.707106787508577,0.,0.707106774864518));
#4398=DIRECTION('',(-8.94069658308183E-9,0.,1.));
#4399=DIRECTION('center_axis',(0.,1.,0.));
#4400=DIRECTION('ref_axis',(-0.707106774864518,0.,-0.707106787508577));
#4401=DIRECTION('',(-1.,0.,-8.94069658519654E-9));
#4402=DIRECTION('center_axis',(0.,1.,0.));
#4403=DIRECTION('ref_axis',(1.,0.,0.));
#4404=DIRECTION('center_axis',(0.,1.,0.));
#4405=DIRECTION('ref_axis',(1.,0.,0.));
#4406=DIRECTION('center_axis',(0.,1.,0.));
#4407=DIRECTION('ref_axis',(1.,0.,0.));
#4408=DIRECTION('',(1.,0.,0.));
#4409=DIRECTION('center_axis',(0.,0.,1.));
#4410=DIRECTION('ref_axis',(1.,0.,0.));
#4411=DIRECTION('',(-1.,0.,0.));
#4412=DIRECTION('center_axis',(-1.,0.,0.));
#4413=DIRECTION('ref_axis',(0.,0.,1.));
#4414=DIRECTION('',(0.,0.,-1.));
#4415=DIRECTION('',(0.,1.,0.));
#4416=DIRECTION('',(0.,-1.,0.));
#4417=DIRECTION('center_axis',(-8.94069658519654E-9,0.,1.));
#4418=DIRECTION('ref_axis',(0.,1.,0.));
#4419=DIRECTION('',(-1.,0.,-8.94069658519654E-9));
#4420=DIRECTION('',(0.,1.,0.));
#4421=DIRECTION('center_axis',(0.,-1.,0.));
#4422=DIRECTION('ref_axis',(1.,0.,0.));
#4423=DIRECTION('',(-1.,0.,-8.94069658519654E-9));
#4424=DIRECTION('center_axis',(0.,-1.,0.));
#4425=DIRECTION('ref_axis',(-0.707106774864518,0.,-0.707106787508577));
#4426=DIRECTION('',(8.94069658308183E-9,0.,-1.));
#4427=DIRECTION('center_axis',(0.,-1.,0.));
#4428=DIRECTION('ref_axis',(-0.707106787508577,0.,0.707106774864518));
#4429=DIRECTION('center_axis',(0.,-1.,0.));
#4430=DIRECTION('ref_axis',(1.,0.,0.));
#4431=DIRECTION('center_axis',(0.,-1.,0.));
#4432=DIRECTION('ref_axis',(1.,0.,0.));
#4433=DIRECTION('',(0.,1.,0.));
#4434=DIRECTION('center_axis',(0.,-1.,0.));
#4435=DIRECTION('ref_axis',(1.,0.,0.));
#4436=DIRECTION('center_axis',(0.,-1.,0.));
#4437=DIRECTION('ref_axis',(1.,0.,0.));
#4438=DIRECTION('center_axis',(0.,1.,0.));
#4439=DIRECTION('ref_axis',(1.,0.,0.));
#4440=DIRECTION('',(0.,1.,0.));
#4441=DIRECTION('center_axis',(0.,-1.,0.));
#4442=DIRECTION('ref_axis',(1.,0.,0.));
#4443=DIRECTION('center_axis',(0.,1.,0.));
#4444=DIRECTION('ref_axis',(1.,0.,0.));
#4445=DIRECTION('',(0.,1.,0.));
#4446=DIRECTION('center_axis',(0.,1.,0.));
#4447=DIRECTION('ref_axis',(-0.707106787508577,0.,0.707106774864518));
#4448=DIRECTION('',(0.,-1.,0.));
#4449=DIRECTION('center_axis',(-1.,0.,-8.94069658123146E-9));
#4450=DIRECTION('ref_axis',(-8.94069658123146E-9,0.,1.));
#4451=DIRECTION('',(0.,1.,0.));
#4452=DIRECTION('center_axis',(0.,-1.,0.));
#4453=DIRECTION('ref_axis',(-0.707106774864518,0.,-0.707106787508577));
#4454=DIRECTION('',(0.,-1.,0.));
#4455=DIRECTION('center_axis',(-0.707106781186591,0.,-0.707106781186504));
#4456=DIRECTION('ref_axis',(-0.667267019902855,-0.330922118178609,0.667267019902937));
#4457=DIRECTION('center_axis',(0.707106781186507,0.,-0.707106781186588));
#4458=DIRECTION('ref_axis',(0.,1.,0.));
#4459=DIRECTION('center_axis',(-0.707106781186741,0.,-0.707106781186354));
#4460=DIRECTION('ref_axis',(0.,1.,0.));
#4461=DIRECTION('center_axis',(-0.707106781186406,0.,0.707106781186689));
#4462=DIRECTION('ref_axis',(0.,1.,0.));
#4463=DIRECTION('center_axis',(0.,-1.,0.));
#4464=DIRECTION('ref_axis',(1.,0.,0.));
#4465=DIRECTION('center_axis',(-0.707106781186591,0.,-0.707106781186504));
#4466=DIRECTION('ref_axis',(-0.667267019902855,-0.330922118178609,0.667267019902937));
#4467=DIRECTION('center_axis',(0.707106781186507,0.,-0.707106781186588));
#4468=DIRECTION('ref_axis',(0.,1.,0.));
#4469=DIRECTION('center_axis',(-0.707106781186741,0.,-0.707106781186354));
#4470=DIRECTION('ref_axis',(0.,1.,0.));
#4471=DIRECTION('center_axis',(-0.707106781186406,0.,0.707106781186689));
#4472=DIRECTION('ref_axis',(0.,1.,0.));
#4473=DIRECTION('center_axis',(0.,-1.,0.));
#4474=DIRECTION('ref_axis',(1.,0.,0.));
#4475=DIRECTION('center_axis',(8.94069658519654E-9,0.,-1.));
#4476=DIRECTION('ref_axis',(0.,-1.,0.));
#4477=DIRECTION('center_axis',(0.,0.,-1.));
#4478=DIRECTION('ref_axis',(-0.707106781186541,-0.707106781186554,0.));
#4479=DIRECTION('center_axis',(-2.22044585734443E-17,0.,1.));
#4480=DIRECTION('ref_axis',(-0.707106781186541,-0.707106781186554,0.));
#4481=DIRECTION('',(0.,0.,1.));
#4482=DIRECTION('center_axis',(0.,0.,-1.));
#4483=DIRECTION('ref_axis',(-0.707106781186541,-0.707106781186554,0.));
#4484=DIRECTION('',(0.,0.,-1.));
#4485=DIRECTION('center_axis',(0.,0.,1.));
#4486=DIRECTION('ref_axis',(-1.,0.,0.));
#4487=DIRECTION('',(-1.,0.,0.));
#4488=DIRECTION('center_axis',(0.,0.,-1.));
#4489=DIRECTION('ref_axis',(0.707106781186541,-0.707106781186554,0.));
#4490=DIRECTION('',(0.,-1.,0.));
#4491=DIRECTION('',(1.,0.,0.));
#4492=DIRECTION('',(0.,-1.,0.));
#4493=DIRECTION('center_axis',(0.,-1.,0.));
#4494=DIRECTION('ref_axis',(1.,0.,0.));
#4495=DIRECTION('',(1.,0.,2.22044585734443E-17));
#4496=DIRECTION('',(0.,0.,-1.));
#4497=DIRECTION('center_axis',(0.,1.,0.));
#4498=DIRECTION('ref_axis',(1.,0.,0.));
#4499=DIRECTION('center_axis',(0.,1.,0.));
#4500=DIRECTION('ref_axis',(1.,0.,0.));
#4501=DIRECTION('center_axis',(0.,0.,1.));
#4502=DIRECTION('ref_axis',(0.707106781186541,-0.707106781186554,0.));
#4503=DIRECTION('center_axis',(-2.22044585734443E-17,0.,1.));
#4504=DIRECTION('ref_axis',(0.707106781186541,-0.707106781186554,0.));
#4505=DIRECTION('',(0.,0.,1.));
#4506=DIRECTION('center_axis',(0.,-1.,0.));
#4507=DIRECTION('ref_axis',(1.,0.,0.));
#4508=DIRECTION('',(0.,1.,0.));
#4509=DIRECTION('center_axis',(0.,1.,0.));
#4510=DIRECTION('ref_axis',(1.,0.,0.));
#4511=DIRECTION('center_axis',(0.,-1.,0.));
#4512=DIRECTION('ref_axis',(1.,0.,0.));
#4513=DIRECTION('',(0.,1.,0.));
#4514=DIRECTION('center_axis',(0.,1.,0.));
#4515=DIRECTION('ref_axis',(1.,0.,0.));
#4516=DIRECTION('center_axis',(2.22044585734443E-17,0.,-1.));
#4517=DIRECTION('ref_axis',(1.,0.,2.22044585734443E-17));
#4518=DIRECTION('',(0.,-1.,0.));
#4519=DIRECTION('',(-1.,0.,-2.22044585734443E-17));
#4520=DIRECTION('',(0.,-1.,0.));
#4521=DIRECTION('center_axis',(-1.,0.,0.));
#4522=DIRECTION('ref_axis',(0.,0.,-1.));
#4523=DIRECTION('',(0.,0.,1.));
#4524=DIRECTION('center_axis',(1.,0.,0.));
#4525=DIRECTION('ref_axis',(0.,0.,1.));
#4526=DIRECTION('',(0.,0.,-1.));
#4527=DIRECTION('center_axis',(0.,-1.,0.));
#4528=DIRECTION('ref_axis',(1.,0.,0.));
#4529=DIRECTION('center_axis',(0.,0.,1.));
#4530=DIRECTION('ref_axis',(0.707106781186544,-0.707106781186551,0.));
#4531=DIRECTION('center_axis',(0.,0.,-1.));
#4532=DIRECTION('ref_axis',(0.707106781186544,-0.707106781186551,0.));
#4533=DIRECTION('',(0.,0.,-1.));
#4534=DIRECTION('center_axis',(-2.22044585734443E-17,0.,1.));
#4535=DIRECTION('ref_axis',(0.707106781186544,-0.707106781186551,0.));
#4536=DIRECTION('',(0.,0.,1.));
#4537=DIRECTION('center_axis',(2.22044585734443E-17,0.,-1.));
#4538=DIRECTION('ref_axis',(1.,0.,2.22044585734443E-17));
#4539=DIRECTION('',(1.,0.,2.22044585734443E-17));
#4540=DIRECTION('center_axis',(-2.22044585734443E-17,0.,1.));
#4541=DIRECTION('ref_axis',(-0.707106781186544,-0.707106781186551,0.));
#4542=DIRECTION('',(0.,-1.,0.));
#4543=DIRECTION('',(-1.,0.,-2.22044585734443E-17));
#4544=DIRECTION('',(0.,-1.,0.));
#4545=DIRECTION('center_axis',(0.,-1.,0.));
#4546=DIRECTION('ref_axis',(1.,0.,0.));
#4547=DIRECTION('',(-1.,0.,0.));
#4548=DIRECTION('',(0.,0.,1.));
#4549=DIRECTION('center_axis',(0.,1.,0.));
#4550=DIRECTION('ref_axis',(1.,0.,0.));
#4551=DIRECTION('center_axis',(0.,1.,0.));
#4552=DIRECTION('ref_axis',(1.,0.,0.));
#4553=DIRECTION('center_axis',(0.,0.,-1.));
#4554=DIRECTION('ref_axis',(-0.707106781186544,-0.707106781186551,0.));
#4555=DIRECTION('center_axis',(0.,0.,-1.));
#4556=DIRECTION('ref_axis',(-0.707106781186544,-0.707106781186551,0.));
#4557=DIRECTION('',(0.,0.,-1.));
#4558=DIRECTION('center_axis',(0.,-1.,0.));
#4559=DIRECTION('ref_axis',(1.,0.,0.));
#4560=DIRECTION('',(0.,1.,0.));
#4561=DIRECTION('center_axis',(0.,1.,0.));
#4562=DIRECTION('ref_axis',(1.,0.,0.));
#4563=DIRECTION('center_axis',(0.,-1.,0.));
#4564=DIRECTION('ref_axis',(1.,0.,0.));
#4565=DIRECTION('',(0.,1.,0.));
#4566=DIRECTION('center_axis',(0.,1.,0.));
#4567=DIRECTION('ref_axis',(1.,0.,0.));
#4568=DIRECTION('center_axis',(-1.,0.,0.));
#4569=DIRECTION('ref_axis',(0.,0.,-1.));
#4570=DIRECTION('',(0.,-1.,0.));
#4571=DIRECTION('',(0.,0.,1.));
#4572=DIRECTION('center_axis',(0.,0.,1.));
#4573=DIRECTION('ref_axis',(-1.,0.,0.));
#4574=DIRECTION('',(0.,-1.,0.));
#4575=DIRECTION('',(1.,0.,0.));
#4576=DIRECTION('center_axis',(1.,0.,0.));
#4577=DIRECTION('ref_axis',(0.,0.,1.));
#4578=DIRECTION('',(0.,0.,-1.));
#4579=DIRECTION('center_axis',(0.,-1.,0.));
#4580=DIRECTION('ref_axis',(1.,0.,0.));
#4581=CARTESIAN_POINT('',(0.,0.,0.));
#4582=CARTESIAN_POINT('Origin',(-5.,24.5,-9.));
#4583=CARTESIAN_POINT('',(-15.,24.5,-9.00000013411045));
#4584=CARTESIAN_POINT('',(15.0000002235174,24.5,-9.00000013411045));
#4585=CARTESIAN_POINT('',(-10.,24.5,-9.00000013411045));
#4586=CARTESIAN_POINT('',(-15.0000002235174,24.5,16.));
#4587=CARTESIAN_POINT('',(-15.,24.5,-9.));
#4588=CARTESIAN_POINT('',(15.,24.5,16.));
#4589=CARTESIAN_POINT('',(-2.50000005587935,24.5,16.));
#4590=CARTESIAN_POINT('',(15.,24.5,-9.));
#4591=CARTESIAN_POINT('',(1.95943487863577E-16,24.5,0.90000011920929));
#4592=CARTESIAN_POINT('Origin',(0.,24.5,2.50000011920929));
#4593=CARTESIAN_POINT('Origin',(15.,5.,-9.));
#4594=CARTESIAN_POINT('',(15.0000002235174,27.,-9.00000013411045));
#4595=CARTESIAN_POINT('',(15.,14.85,-9.00000013411045));
#4596=CARTESIAN_POINT('',(15.,20.0000002533197,16.));
#4597=CARTESIAN_POINT('',(15.,17.0000002533197,16.));
#4598=CARTESIAN_POINT('',(15.,20.0000002533197,-9.));
#4599=CARTESIAN_POINT('',(15.,20.0000002533197,-9.));
#4600=CARTESIAN_POINT('',(15.,-5.,-9.));
#4601=CARTESIAN_POINT('',(15.,5.,-9.));
#4602=CARTESIAN_POINT('',(15.,-5.,-14.));
#4603=CARTESIAN_POINT('',(15.,-5.,-9.));
#4604=CARTESIAN_POINT('',(15.,27.,-14.));
#4605=CARTESIAN_POINT('',(15.,-5.,-14.));
#4606=CARTESIAN_POINT('',(15.0000002235174,30.,-11.));
#4607=CARTESIAN_POINT('Origin',(15.,27.,-11.));
#4608=CARTESIAN_POINT('',(15.0000002235174,30.,16.0000002384186));
#4609=CARTESIAN_POINT('',(15.0000002235174,30.,16.0000002384186));
#4610=CARTESIAN_POINT('',(15.0000002235174,27.,16.0000002384186));
#4611=CARTESIAN_POINT('',(15.0000002235174,27.,16.0000002384186));
#4612=CARTESIAN_POINT('',(15.0000002235174,27.,16.0000002384186));
#4613=CARTESIAN_POINT('Origin',(-15.0000002235174,20.0000002533197,-9.));
#4614=CARTESIAN_POINT('',(-15.0000002235174,20.0000002533197,-9.));
#4615=CARTESIAN_POINT('',(-7.50000011175871,20.0000002533197,-9.));
#4616=CARTESIAN_POINT('',(-15.0000002235174,20.0000002533197,16.));
#4617=CARTESIAN_POINT('',(-7.50000016763806,20.0000002533197,16.));
#4618=CARTESIAN_POINT('',(-15.,20.0000002533197,-9.));
#4619=CARTESIAN_POINT('',(-1.95943487863577E-16,20.0000002533197,0.90000011920929));
#4620=CARTESIAN_POINT('Origin',(0.,20.0000002533197,2.50000011920929));
#4621=CARTESIAN_POINT('Origin',(-1.11758708953857E-7,21.0000001266599,16.));
#4622=CARTESIAN_POINT('',(-15.0000002235174,25.,16.));
#4623=CARTESIAN_POINT('Origin',(0.,0.,-6.));
#4624=CARTESIAN_POINT('',(-2.7,3.30654635769785E-16,-6.));
#4625=CARTESIAN_POINT('',(2.7,-3.30654635769785E-16,-6.));
#4626=CARTESIAN_POINT('Origin',(0.,0.,-6.));
#4627=CARTESIAN_POINT('',(5.7,-6.98048675513991E-16,-9.));
#4628=CARTESIAN_POINT('Origin',(5.7,-6.98048675513991E-16,-6.));
#4629=CARTESIAN_POINT('',(-2.7367864366808,-5.,-9.));
#4630=CARTESIAN_POINT('Origin',(0.,0.,-9.));
#4631=CARTESIAN_POINT('',(2.7367864366808,-5.,-9.));
#4632=CARTESIAN_POINT('Ctrl Pts',(-2.7367864366808,-5.,-9.));
#4633=CARTESIAN_POINT('Ctrl Pts',(-2.47405113380552,-5.,-9.));
#4634=CARTESIAN_POINT('Ctrl Pts',(-2.15891992143781,-5.,-8.99023845839616));
#4635=CARTESIAN_POINT('Ctrl Pts',(-1.30384042180716,-5.,-8.95436552669426));
#4636=CARTESIAN_POINT('Ctrl Pts',(-0.593096349914846,-5.,-8.91719042916296));
#4637=CARTESIAN_POINT('Ctrl Pts',(0.593096349914846,-5.,-8.91719042916296));
#4638=CARTESIAN_POINT('Ctrl Pts',(1.30384042180716,-5.,-8.95436552669426));
#4639=CARTESIAN_POINT('Ctrl Pts',(2.15891992143781,-5.,-8.99023845839616));
#4640=CARTESIAN_POINT('Ctrl Pts',(2.47405113380552,-5.,-9.));
#4641=CARTESIAN_POINT('Ctrl Pts',(2.7367864366808,-5.,-9.));
#4642=CARTESIAN_POINT('Origin',(0.,0.,-9.));
#4643=CARTESIAN_POINT('Origin',(0.,0.,-6.));
#4644=CARTESIAN_POINT('Origin',(0.,0.,0.));
#4645=CARTESIAN_POINT('',(-2.70002668766274,3.54303038263733E-5,-5.75494629154314));
#4646=CARTESIAN_POINT('',(-2.7,3.30654635769785E-16,0.));
#4647=CARTESIAN_POINT('',(-2.69245358081559,0.201726833002776,-5.75395448783916));
#4648=CARTESIAN_POINT('Ctrl Pts',(-2.69245358081559,0.201726833002776,-5.75395448783916));
#4649=CARTESIAN_POINT('Ctrl Pts',(-2.69747263567713,0.134737369909958,-5.7545773195139));
#4650=CARTESIAN_POINT('Ctrl Pts',(-2.7,0.0672891440253107,-5.7549932444353));
#4651=CARTESIAN_POINT('Ctrl Pts',(-2.7,3.30654635769785E-16,-5.7549932444353));
#4652=CARTESIAN_POINT('Ctrl Pts',(-2.70002668766274,3.54303038263386E-5,
-5.75494629154314));
#4653=CARTESIAN_POINT('Ctrl Pts',(-2.70042970341858,-0.453817863096438,
-5.75426855723834));
#4654=CARTESIAN_POINT('Ctrl Pts',(-2.58265642394506,-0.910159859242519,
-5.74250137822378));
#4655=CARTESIAN_POINT('Ctrl Pts',(-2.24214053987088,-1.52441981679517,-5.74881513891492));
#4656=CARTESIAN_POINT('Ctrl Pts',(-2.0934099241485,-1.72285374083605,-5.75348553706199));
#4657=CARTESIAN_POINT('Ctrl Pts',(-1.91302958690902,-1.90539244887165,-5.75298073597317));
#4658=CARTESIAN_POINT('Ctrl Pts',(-1.90558039165238,-1.91283840233631,-5.75297925374174));
#4659=CARTESIAN_POINT('Ctrl Pts',(-1.72348602682163,-2.09289292626769,-5.75353940534213));
#4660=CARTESIAN_POINT('Ctrl Pts',(-1.52354506871343,-2.24260707392064,-5.74861214370266));
#4661=CARTESIAN_POINT('Ctrl Pts',(-1.2097983779851,-2.41644838691262,-5.74597667160566));
#4662=CARTESIAN_POINT('Ctrl Pts',(-0.795836819756349,-2.61274451879553,
-5.74391733395141));
#4663=CARTESIAN_POINT('Ctrl Pts',(-0.341906207321378,-2.70023959280006,
-5.75467236827636));
#4664=CARTESIAN_POINT('Ctrl Pts',(0.456521593926158,-2.69989815454153,-5.75414178024482));
#4665=CARTESIAN_POINT('Ctrl Pts',(0.909215945637349,-2.58327572898601,-5.74239391007908));
#4666=CARTESIAN_POINT('Ctrl Pts',(1.52509341780951,-2.24162060554197,-5.74880335858346));
#4667=CARTESIAN_POINT('Ctrl Pts',(1.72244744510482,-2.09380764171844,-5.75347158001028));
#4668=CARTESIAN_POINT('Ctrl Pts',(1.905455695958,-1.91295305951111,-5.75297039778622));
#4669=CARTESIAN_POINT('Ctrl Pts',(1.91290691240443,-1.90549944187267,-5.752968837129));
#4670=CARTESIAN_POINT('Ctrl Pts',(2.09364615225174,-1.7227000713797,-5.75352865281752));
#4671=CARTESIAN_POINT('Ctrl Pts',(2.24316498372589,-1.52256284630961,-5.74859268655267));
#4672=CARTESIAN_POINT('Ctrl Pts',(2.41646523138332,-1.20975836653749,-5.74597039798896));
#4673=CARTESIAN_POINT('Ctrl Pts',(2.61286977793169,-0.795519253877346,-5.74391443925919));
#4674=CARTESIAN_POINT('Ctrl Pts',(2.70016488108365,-0.341985248240609,-5.7546698452228));
#4675=CARTESIAN_POINT('Ctrl Pts',(2.69990715066938,0.456830312578167,-5.75414175580764));
#4676=CARTESIAN_POINT('Ctrl Pts',(2.58321750018916,0.909036468249398,-5.74239541643783));
#4677=CARTESIAN_POINT('Ctrl Pts',(2.24150161691365,1.52531627367817,-5.7488046626921));
#4678=CARTESIAN_POINT('Ctrl Pts',(2.09321840295692,1.72298178334807,-5.75346729875409));
#4679=CARTESIAN_POINT('Ctrl Pts',(1.91294228759296,1.90540440668428,-5.75296411251063));
#4680=CARTESIAN_POINT('Ctrl Pts',(1.90548625663667,1.91285871287683,-5.75296273883125));
#4681=CARTESIAN_POINT('Ctrl Pts',(1.72350449088335,2.09275859809577,-5.75351752206611));
#4682=CARTESIAN_POINT('Ctrl Pts',(1.5251687881957,2.24161948771821,-5.74865679156718));
#4683=CARTESIAN_POINT('Ctrl Pts',(1.10865807748395,2.47238596717227,-5.74501983165574));
#4684=CARTESIAN_POINT('Ctrl Pts',(0.6857842151497,2.64133777397707,-5.74627913271654));
#4685=CARTESIAN_POINT('Ctrl Pts',(0.227530169902472,2.70010401315559,-5.75497314124595));
#4686=CARTESIAN_POINT('Ctrl Pts',(-0.454215322338119,2.70056835655126,-5.75402938413301));
#4687=CARTESIAN_POINT('Ctrl Pts',(-0.911701670849645,2.58227091584193,-5.74244576847647));
#4688=CARTESIAN_POINT('Ctrl Pts',(-1.52415449258171,2.24224180920401,-5.74879565730731));
#4689=CARTESIAN_POINT('Ctrl Pts',(-1.72332193680086,2.09316029291062,-5.75347958665372));
#4690=CARTESIAN_POINT('Ctrl Pts',(-1.90556136974163,1.91294825124458,-5.75297313751531));
#4691=CARTESIAN_POINT('Ctrl Pts',(-1.91301883560362,1.90549172961513,-5.75297182734897));
#4692=CARTESIAN_POINT('Ctrl Pts',(-2.09283229430998,1.72362305227499,-5.75352625220757));
#4693=CARTESIAN_POINT('Ctrl Pts',(-2.24267885274273,1.52356619377558,-5.74864986021831));
#4694=CARTESIAN_POINT('Ctrl Pts',(-2.45541940649825,1.13945794205387,-5.74530648917023));
#4695=CARTESIAN_POINT('Ctrl Pts',(-2.60686931307318,0.780363793416011,-5.74569365148386));
#4696=CARTESIAN_POINT('Ctrl Pts',(-2.67803098667371,0.394225593152316,-5.75216473883039));
#4697=CARTESIAN_POINT('Ctrl Pts',(-2.69245358081558,0.201726833002776,-5.75395448783916));
#4698=CARTESIAN_POINT('Origin',(0.,22.5,2.50000011920929));
#4699=CARTESIAN_POINT('',(1.95943487863577E-16,22.5,0.90000011920929));
#4700=CARTESIAN_POINT('Origin',(0.,22.5,2.50000011920929));
#4701=CARTESIAN_POINT('',(1.95943487863577E-16,30.,0.90000011920929));
#4702=CARTESIAN_POINT('Origin',(0.,30.,2.50000011920929));
#4703=CARTESIAN_POINT('',(1.95943487863577E-16,27.,0.90000011920929));
#4704=CARTESIAN_POINT('',(1.95943487863577E-16,22.5,0.90000011920929));
#4705=CARTESIAN_POINT('Origin',(0.,27.,2.50000011920929));
#4706=CARTESIAN_POINT('Origin',(0.,27.,-11.));
#4707=CARTESIAN_POINT('',(-15.,27.,-14.));
#4708=CARTESIAN_POINT('',(-15.0000002235174,30.,-11.));
#4709=CARTESIAN_POINT('Origin',(-15.,27.,-11.));
#4710=CARTESIAN_POINT('',(0.,30.,-11.));
#4711=CARTESIAN_POINT('',(0.,27.,-14.));
#4712=CARTESIAN_POINT('Origin',(0.,30.,1.00000011920929));
#4713=CARTESIAN_POINT('',(-15.0000002235174,30.,16.0000002384186));
#4714=CARTESIAN_POINT('',(-15.0000002235174,30.,-14.));
#4715=CARTESIAN_POINT('',(-15.0000002235174,30.,16.0000002384186));
#4716=CARTESIAN_POINT('Origin',(-15.0000002235174,27.,16.0000002384186));
#4717=CARTESIAN_POINT('',(-15.0000002235174,27.,16.0000002384186));
#4718=CARTESIAN_POINT('',(-15.0000002235174,27.,16.0000002384186));
#4719=CARTESIAN_POINT('',(-15.0000002235174,27.,16.0000002384186));
#4720=CARTESIAN_POINT('Origin',(0.,27.,1.00000011920929));
#4721=CARTESIAN_POINT('',(-15.,27.,-9.00000013411045));
#4722=CARTESIAN_POINT('',(15.0000002235174,27.,-9.00000013411045));
#4723=CARTESIAN_POINT('',(-15.0000002235174,27.,-14.));
#4724=CARTESIAN_POINT('Origin',(-15.,25.,-9.00000013411045));
#4725=CARTESIAN_POINT('',(-15.,9.85,-9.00000013411045));
#4726=CARTESIAN_POINT('Ctrl Pts',(-3.57946341054157,0.258797650000878,-3.62258772491097));
#4727=CARTESIAN_POINT('Ctrl Pts',(-3.5859949842802,0.171861970186079,-3.62295273436459));
#4728=CARTESIAN_POINT('Ctrl Pts',(-3.58917016609041,0.0853649460023008,
-3.62317259375973));
#4729=CARTESIAN_POINT('Ctrl Pts',(-3.59013236307896,-0.575634168128477,
-3.62285713927815));
#4730=CARTESIAN_POINT('Ctrl Pts',(-3.43468194458345,-1.207668976234,-3.61344389036665));
#4731=CARTESIAN_POINT('Ctrl Pts',(-2.9762619744615,-2.04478817335725,-3.61044174240328));
#4732=CARTESIAN_POINT('Ctrl Pts',(-2.80103586912899,-2.30348548783423,-3.5994579645284));
#4733=CARTESIAN_POINT('Ctrl Pts',(-2.5570379621497,-2.54451518859459,-3.60319900133192));
#4734=CARTESIAN_POINT('Ctrl Pts',(-2.54687054911661,-2.55484020845155,-3.60310008050523));
#4735=CARTESIAN_POINT('Ctrl Pts',(-2.30003509971759,-2.79910200560427,-3.60285349137439));
#4736=CARTESIAN_POINT('Ctrl Pts',(-2.06028018710457,-2.97262935719647,-3.60589006838278));
#4737=CARTESIAN_POINT('Ctrl Pts',(-1.60463178345634,-3.21235237800847,-3.61585858220269));
#4738=CARTESIAN_POINT('Ctrl Pts',(-1.05214737297344,-3.47473447753065,-3.6145294363529));
#4739=CARTESIAN_POINT('Ctrl Pts',(-0.429806734454084,-3.59013351713353,
-3.62414749065054));
#4740=CARTESIAN_POINT('Ctrl Pts',(0.579490822055587,-3.5893858833425,-3.62260919014852));
#4741=CARTESIAN_POINT('Ctrl Pts',(1.20691259685714,-3.43558717029174,-3.61354099209302));
#4742=CARTESIAN_POINT('Ctrl Pts',(2.04578421468507,-2.97561014724585,-3.61042627799446));
#4743=CARTESIAN_POINT('Ctrl Pts',(2.30300780597303,-2.8016074081133,-3.59945662466189));
#4744=CARTESIAN_POINT('Ctrl Pts',(2.54464386657876,-2.55695870664289,-3.60320189422395));
#4745=CARTESIAN_POINT('Ctrl Pts',(2.55497693602344,-2.54678487467453,-3.60310318694639));
#4746=CARTESIAN_POINT('Ctrl Pts',(2.80013203309504,-2.29901841358167,-3.60285959483007));
#4747=CARTESIAN_POINT('Ctrl Pts',(2.97338294171038,-2.05889897873507,-3.60593110944344));
#4748=CARTESIAN_POINT('Ctrl Pts',(3.21239755592558,-1.60456702576833,-3.61586567032408));
#4749=CARTESIAN_POINT('Ctrl Pts',(3.47490716421747,-1.05171719077609,-3.6145368507913));
#4750=CARTESIAN_POINT('Ctrl Pts',(3.59006386712518,-0.429909378557275,-3.62414193415255));
#4751=CARTESIAN_POINT('Ctrl Pts',(3.58944794614942,0.579889114891802,-3.62259478005573));
#4752=CARTESIAN_POINT('Ctrl Pts',(3.43566467324182,1.20664745492082,-3.61349612600701));
#4753=CARTESIAN_POINT('Ctrl Pts',(2.9757629605406,2.04602710926109,-3.61032659014845));
#4754=CARTESIAN_POINT('Ctrl Pts',(2.80130031768493,2.30361983350376,-3.59931577338082));
#4755=CARTESIAN_POINT('Ctrl Pts',(2.55752739039146,2.54446705348677,-3.60302074460374));
#4756=CARTESIAN_POINT('Ctrl Pts',(2.54734398680108,2.55480434005468,-3.60292460051363));
#4757=CARTESIAN_POINT('Ctrl Pts',(2.30086850999295,2.7988317730223,-3.60259935949876));
#4758=CARTESIAN_POINT('Ctrl Pts',(2.06369648310849,2.97109392434175,-3.6055139873256));
#4759=CARTESIAN_POINT('Ctrl Pts',(1.46170557544901,3.28882726507026,-3.61780924059271));
#4760=CARTESIAN_POINT('Ctrl Pts',(0.89840436047802,3.5127770369068,-3.61721884219108));
#4761=CARTESIAN_POINT('Ctrl Pts',(0.284327224734596,3.58997600272759,-3.62429091431781));
#4762=CARTESIAN_POINT('Ctrl Pts',(-0.57716595061255,3.59052670955084,-3.62284159894102));
#4763=CARTESIAN_POINT('Ctrl Pts',(-1.21029944326937,3.4344515017776,-3.61352263698308));
#4764=CARTESIAN_POINT('Ctrl Pts',(-2.04453678732241,2.97683116562132,-3.61033933709999));
#4765=CARTESIAN_POINT('Ctrl Pts',(-2.30410078307772,2.8013595240336,-3.59928020388813));
#4766=CARTESIAN_POINT('Ctrl Pts',(-2.5446861751483,2.55769721043743,-3.60298019334172));
#4767=CARTESIAN_POINT('Ctrl Pts',(-2.55502873503692,2.54751093689446,-3.60288450118795));
#4768=CARTESIAN_POINT('Ctrl Pts',(-2.79890721776612,2.30125690595417,-3.60254743725755));
#4769=CARTESIAN_POINT('Ctrl Pts',(-2.97244613624695,2.06193752058634,-3.60541721388828));
#4770=CARTESIAN_POINT('Ctrl Pts',(-3.26543313136892,1.50670243118321,-3.61677443317768));
#4771=CARTESIAN_POINT('Ctrl Pts',(-3.46656792578554,1.02863740343096,-3.61595317852554));
#4772=CARTESIAN_POINT('Ctrl Pts',(-3.56069449094641,0.50861321508337,-3.6215388455198));
#4773=CARTESIAN_POINT('Ctrl Pts',(-3.57946341054157,0.258797650000878,-3.62258772491097));
#4774=CARTESIAN_POINT('Ctrl Pts',(-3.01947445529037,0.219290466633606,-4.17864226739062));
#4775=CARTESIAN_POINT('Ctrl Pts',(-3.02490742164341,0.145808882657127,-4.17902527867277));
#4776=CARTESIAN_POINT('Ctrl Pts',(-3.02751277168678,0.072594065043232,-4.17926360845707));
#4777=CARTESIAN_POINT('Ctrl Pts',(-3.02839808694758,-0.487977536300247,
-4.17891387167647));
#4778=CARTESIAN_POINT('Ctrl Pts',(-2.89766957960496,-1.01957001079844,-4.16938290212138));
#4779=CARTESIAN_POINT('Ctrl Pts',(-2.50886343955811,-1.72184655957035,-4.16696914693199));
#4780=CARTESIAN_POINT('Ctrl Pts',(-2.35475214145499,-1.9368371191029,-4.15689919461657));
#4781=CARTESIAN_POINT('Ctrl Pts',(-2.15104060090195,-2.14073741076171,-4.16040260933816));
#4782=CARTESIAN_POINT('Ctrl Pts',(-2.14249167082332,-2.14935469983921,-4.16030913719065));
#4783=CARTESIAN_POINT('Ctrl Pts',(-1.93516467354225,-2.3540957536673,-4.16010782763527));
#4784=CARTESIAN_POINT('Ctrl Pts',(-1.7323630193942,-2.50496144321184,-4.16267343667969));
#4785=CARTESIAN_POINT('Ctrl Pts',(-1.35431231085005,-2.71000055410141,-4.17187457732687));
#4786=CARTESIAN_POINT('Ctrl Pts',(-0.888603029498969,-2.93142345851797,
-4.17046996089066));
#4787=CARTESIAN_POINT('Ctrl Pts',(-0.365382832952267,-3.0284377947538,-4.18016162535046));
#4788=CARTESIAN_POINT('Ctrl Pts',(0.491458030664325,-3.02760774778174,-4.17867720324657));
#4789=CARTESIAN_POINT('Ctrl Pts',(1.01885176455814,-2.89845373983723,-4.16946788974535));
#4790=CARTESIAN_POINT('Ctrl Pts',(1.72268464394581,-2.50829431984183,-4.16695419827365));
#4791=CARTESIAN_POINT('Ctrl Pts',(1.93642494655433,-2.35522596853603,-4.15689706156267));
#4792=CARTESIAN_POINT('Ctrl Pts',(2.14084074652582,-2.15097048936667,-4.16040470066438));
#4793=CARTESIAN_POINT('Ctrl Pts',(2.14946465966734,-2.14241623450563,-4.16031142467351));
#4794=CARTESIAN_POINT('Ctrl Pts',(2.35495989272417,-1.93430789372179,-4.16011293564693));
#4795=CARTESIAN_POINT('Ctrl Pts',(2.50560967034949,-1.73121892193311,-4.1627109476565));
#4796=CARTESIAN_POINT('Ctrl Pts',(2.71003799047573,-1.3542627599426,-4.17188096473431));
#4797=CARTESIAN_POINT('Ctrl Pts',(2.93157024965812,-0.888243862855069,-4.17047679895616));
#4798=CARTESIAN_POINT('Ctrl Pts',(3.02837556880422,-0.365473450943552,-4.18015633243997));
#4799=CARTESIAN_POINT('Ctrl Pts',(3.0276530725961,0.491788970787356,-4.17866375481384));
#4800=CARTESIAN_POINT('Ctrl Pts',(2.89849851440323,1.01861341986864,-4.16942611365956));
#4801=CARTESIAN_POINT('Ctrl Pts',(2.50837809205818,1.72286020937784,-4.16686112816353));
#4802=CARTESIAN_POINT('Ctrl Pts',(2.3549055824061,1.93690018777956,-4.15676541408817));
#4803=CARTESIAN_POINT('Ctrl Pts',(2.1513694195354,2.14064159221864,-4.16023518015845));
#4804=CARTESIAN_POINT('Ctrl Pts',(2.14280835449815,2.14926971117222,-4.16014432314342));
#4805=CARTESIAN_POINT('Ctrl Pts',(1.93574444965793,2.3537971815466,-4.15986874774552));
#4806=CARTESIAN_POINT('Ctrl Pts',(1.73512359666687,2.50351215513986,-4.162327750909));
#4807=CARTESIAN_POINT('Ctrl Pts',(1.23511257874337,2.7751446442461,-4.17364863391532));
#4808=CARTESIAN_POINT('Ctrl Pts',(0.759370564266517,2.96373243471808,-4.17312313055092));
#4809=CARTESIAN_POINT('Ctrl Pts',(0.242097814946749,3.02825491101924,-4.18031581426859));
#4810=CARTESIAN_POINT('Ctrl Pts',(-0.489350599399403,3.02865740601822,-4.17888677911076));
#4811=CARTESIAN_POINT('Ctrl Pts',(-1.02166664644233,2.8974548744175,-4.16945405870814));
#4812=CARTESIAN_POINT('Ctrl Pts',(-1.72159993127759,2.50926051082436,-4.16687178935277));
#4813=CARTESIAN_POINT('Ctrl Pts',(-1.93730292234852,2.35490282486128,-4.15673160785349));
#4814=CARTESIAN_POINT('Ctrl Pts',(-2.14082861503858,2.15145194053085,-4.16019626563151));
#4815=CARTESIAN_POINT('Ctrl Pts',(-2.14946095714068,2.14288908688117,-4.16010585206799));
#4816=CARTESIAN_POINT('Ctrl Pts',(-2.3538696715085,1.93599264611956,-4.15981874684944));
#4817=CARTESIAN_POINT('Ctrl Pts',(-2.50468278264012,1.73349771861921,-4.16223302100243));
#4818=CARTESIAN_POINT('Ctrl Pts',(-2.75521116076216,1.27224589454353,-4.17268804070152));
#4819=CARTESIAN_POINT('Ctrl Pts',(-2.92460976754198,0.868748009085629,-4.17191012507402));
#4820=CARTESIAN_POINT('Ctrl Pts',(-3.0038624584388,0.430444775926947,-4.17754165852569));
#4821=CARTESIAN_POINT('Ctrl Pts',(-3.01947445529037,0.219290466633605,-4.17864226739062));
#4822=CARTESIAN_POINT('Ctrl Pts',(-2.69271284685616,0.198266402038159,-4.96380699530891));
#4823=CARTESIAN_POINT('Ctrl Pts',(-2.69757884977531,0.132136103407522,-4.96430779203221));
#4824=CARTESIAN_POINT('Ctrl Pts',(-2.69992392473236,0.0659662342686765,
-4.96465973889444));
#4825=CARTESIAN_POINT('Ctrl Pts',(-2.70064138858546,-0.443077826097687,
-4.96409982973949));
#4826=CARTESIAN_POINT('Ctrl Pts',(-2.58385946476473,-0.910030790229659,
-4.95347555402718));
#4827=CARTESIAN_POINT('Ctrl Pts',(-2.23818777166055,-1.5300098888036,-4.95535174242924));
#4828=CARTESIAN_POINT('Ctrl Pts',(-2.09337530005745,-1.72237049219825,-4.95251699936021));
#4829=CARTESIAN_POINT('Ctrl Pts',(-1.91328396275588,-1.90478079298284,-4.95405427677193));
#4830=CARTESIAN_POINT('Ctrl Pts',(-1.90573605592068,-1.91233224094349,-4.95400593592269));
#4831=CARTESIAN_POINT('Ctrl Pts',(-1.72229900872575,-2.09333475469853,-4.95417783965227));
#4832=CARTESIAN_POINT('Ctrl Pts',(-1.53440528310867,-2.2356518309014,-4.95306358946586));
#4833=CARTESIAN_POINT('Ctrl Pts',(-1.20889978547572,-2.41683162085596,-4.95645208484817));
#4834=CARTESIAN_POINT('Ctrl Pts',(-0.794217367187099,-2.6139393136691,-4.9547219078933));
#4835=CARTESIAN_POINT('Ctrl Pts',(-0.333029156762288,-2.70062793610546,
-4.96493565218164));
#4836=CARTESIAN_POINT('Ctrl Pts',(0.44614317309861,-2.69991967309494,-4.96391840011019));
#4837=CARTESIAN_POINT('Ctrl Pts',(0.909240217511231,-2.58454358310435,-4.95346640096409));
#4838=CARTESIAN_POINT('Ctrl Pts',(1.53072860285473,-2.23766649885984,-4.95533850125545));
#4839=CARTESIAN_POINT('Ctrl Pts',(1.7219839497557,-2.09378512726786,-4.95250911331241));
#4840=CARTESIAN_POINT('Ctrl Pts',(1.90485965244575,-1.91321510256111,-4.95405030238942));
#4841=CARTESIAN_POINT('Ctrl Pts',(1.91241668964083,-1.90566261456436,-4.95400202351835));
#4842=CARTESIAN_POINT('Ctrl Pts',(2.09409653975409,-1.72152788757508,-4.95417519118423));
#4843=CARTESIAN_POINT('Ctrl Pts',(2.23622947500607,-1.53340971961544,-4.95307316749376));
#4844=CARTESIAN_POINT('Ctrl Pts',(2.41685875653412,-1.20885981524102,-4.95645228918684));
#4845=CARTESIAN_POINT('Ctrl Pts',(2.61406881900183,-0.793900008386379,-4.95472398387748));
#4846=CARTESIAN_POINT('Ctrl Pts',(2.70056375109225,-0.333111480726653,-4.96493173933624));
#4847=CARTESIAN_POINT('Ctrl Pts',(2.69994517748207,0.446440500810686,-4.96391156202456));
#4848=CARTESIAN_POINT('Ctrl Pts',(2.5845376328615,0.909031679005705,-4.95344593408542));
#4849=CARTESIAN_POINT('Ctrl Pts',(2.23764829854057,1.53089325358847,-4.9552918741485));
#4850=CARTESIAN_POINT('Ctrl Pts',(2.09335881830379,1.72242542921589,-4.95244018937452));
#4851=CARTESIAN_POINT('Ctrl Pts',(1.91339760534119,1.90470050871512,-4.95396114341753));
#4852=CARTESIAN_POINT('Ctrl Pts',(1.90584100467282,1.91226141163593,-4.95391418766563));
#4853=CARTESIAN_POINT('Ctrl Pts',(1.72257399179528,2.09307761728671,-4.9540456309708));
#4854=CARTESIAN_POINT('Ctrl Pts',(1.53650192784048,2.23438742537156,-4.95291063625808));
#4855=CARTESIAN_POINT('Ctrl Pts',(1.10515354877825,2.47450452112525,-4.95688507602812));
#4856=CARTESIAN_POINT('Ctrl Pts',(0.681057751903254,2.6427869931023,-4.95723007411272));
#4857=CARTESIAN_POINT('Ctrl Pts',(0.221209960853955,2.70044692990496,-4.96516157986903));
#4858=CARTESIAN_POINT('Ctrl Pts',(-0.444036548572277,2.70080833492322,-4.96396978908715));
#4859=CARTESIAN_POINT('Ctrl Pts',(-0.911719905738452,2.58359076638593,-4.95348478412565));
#4860=CARTESIAN_POINT('Ctrl Pts',(-1.52975376328862,2.23840964993342,-4.95529271492114));
#4861=CARTESIAN_POINT('Ctrl Pts',(-1.72277534680423,2.09330988009049,-4.95242875276538));
#4862=CARTESIAN_POINT('Ctrl Pts',(-1.90486380090091,1.91341648477308,-4.95394545468371));
#4863=CARTESIAN_POINT('Ctrl Pts',(-1.91242814987605,1.90585900055217,-4.95389875899622));
#4864=CARTESIAN_POINT('Ctrl Pts',(-2.09314863388371,1.7227186408831,-4.95402407105112));
#4865=CARTESIAN_POINT('Ctrl Pts',(-2.23544980126637,1.53492639813605,-4.95285819709459));
#4866=CARTESIAN_POINT('Ctrl Pts',(-2.45690112940992,1.13701786481732,-4.95653562513571));
#4867=CARTESIAN_POINT('Ctrl Pts',(-2.60796581211005,0.777301212933061,-4.95632548519755));
#4868=CARTESIAN_POINT('Ctrl Pts',(-2.67873005783866,0.388296294904713,-4.96236792199988));
#4869=CARTESIAN_POINT('Ctrl Pts',(-2.69271284685616,0.198266402038159,-4.96380699530891));
#4870=CARTESIAN_POINT('Ctrl Pts',(-2.69245358081559,0.201726833002776,-5.75395448783916));
#4871=CARTESIAN_POINT('Ctrl Pts',(-2.69747263567713,0.134737369909958,-5.7545773195139));
#4872=CARTESIAN_POINT('Ctrl Pts',(-2.69996690855447,0.0673552429261201,
-5.75504681950465));
#4873=CARTESIAN_POINT('Ctrl Pts',(-2.70042970341858,-0.453817863096438,
-5.75426855723834));
#4874=CARTESIAN_POINT('Ctrl Pts',(-2.58265642394506,-0.910159859242519,
-5.74250137822378));
#4875=CARTESIAN_POINT('Ctrl Pts',(-2.24214053987088,-1.52441981679517,-5.74881513891492));
#4876=CARTESIAN_POINT('Ctrl Pts',(-2.0934099241485,-1.72285374083605,-5.75348553706199));
#4877=CARTESIAN_POINT('Ctrl Pts',(-1.91302958690902,-1.90539244887165,-5.75298073597317));
#4878=CARTESIAN_POINT('Ctrl Pts',(-1.90558039165238,-1.91283840233631,-5.75297925374174));
#4879=CARTESIAN_POINT('Ctrl Pts',(-1.72348602682163,-2.09289292626769,-5.75353940534213));
#4880=CARTESIAN_POINT('Ctrl Pts',(-1.52354506871343,-2.24260707392064,-5.74861214370266));
#4881=CARTESIAN_POINT('Ctrl Pts',(-1.2097983779851,-2.41644838691262,-5.74597667160566));
#4882=CARTESIAN_POINT('Ctrl Pts',(-0.795836819756349,-2.61274451879553,
-5.74391733395141));
#4883=CARTESIAN_POINT('Ctrl Pts',(-0.341906207321378,-2.70023959280006,
-5.75467236827636));
#4884=CARTESIAN_POINT('Ctrl Pts',(0.456521593926158,-2.69989815454153,-5.75414178024482));
#4885=CARTESIAN_POINT('Ctrl Pts',(0.909215945637349,-2.58327572898601,-5.74239391007908));
#4886=CARTESIAN_POINT('Ctrl Pts',(1.52509341780951,-2.24162060554197,-5.74880335858346));
#4887=CARTESIAN_POINT('Ctrl Pts',(1.72244744510482,-2.09380764171844,-5.75347158001028));
#4888=CARTESIAN_POINT('Ctrl Pts',(1.905455695958,-1.91295305951111,-5.75297039778622));
#4889=CARTESIAN_POINT('Ctrl Pts',(1.91290691240443,-1.90549944187267,-5.752968837129));
#4890=CARTESIAN_POINT('Ctrl Pts',(2.09364615225174,-1.7227000713797,-5.75352865281752));
#4891=CARTESIAN_POINT('Ctrl Pts',(2.24316498372589,-1.52256284630961,-5.74859268655267));
#4892=CARTESIAN_POINT('Ctrl Pts',(2.41646523138332,-1.20975836653749,-5.74597039798896));
#4893=CARTESIAN_POINT('Ctrl Pts',(2.61286977793169,-0.795519253877346,-5.74391443925919));
#4894=CARTESIAN_POINT('Ctrl Pts',(2.70016488108365,-0.341985248240609,-5.7546698452228));
#4895=CARTESIAN_POINT('Ctrl Pts',(2.69990715066938,0.456830312578167,-5.75414175580764));
#4896=CARTESIAN_POINT('Ctrl Pts',(2.58321750018916,0.909036468249398,-5.74239541643783));
#4897=CARTESIAN_POINT('Ctrl Pts',(2.24150161691365,1.52531627367817,-5.7488046626921));
#4898=CARTESIAN_POINT('Ctrl Pts',(2.09321840295692,1.72298178334807,-5.75346729875409));
#4899=CARTESIAN_POINT('Ctrl Pts',(1.91294228759296,1.90540440668428,-5.75296411251063));
#4900=CARTESIAN_POINT('Ctrl Pts',(1.90548625663667,1.91285871287683,-5.75296273883125));
#4901=CARTESIAN_POINT('Ctrl Pts',(1.72350449088335,2.09275859809577,-5.75351752206611));
#4902=CARTESIAN_POINT('Ctrl Pts',(1.5251687881957,2.24161948771821,-5.74865679156718));
#4903=CARTESIAN_POINT('Ctrl Pts',(1.10865807748395,2.47238596717227,-5.74501983165574));
#4904=CARTESIAN_POINT('Ctrl Pts',(0.6857842151497,2.64133777397707,-5.74627913271654));
#4905=CARTESIAN_POINT('Ctrl Pts',(0.227530169902472,2.70010401315559,-5.75497314124595));
#4906=CARTESIAN_POINT('Ctrl Pts',(-0.454215322338119,2.70056835655126,-5.75402938413301));
#4907=CARTESIAN_POINT('Ctrl Pts',(-0.911701670849645,2.58227091584193,-5.74244576847647));
#4908=CARTESIAN_POINT('Ctrl Pts',(-1.52415449258171,2.24224180920401,-5.74879565730731));
#4909=CARTESIAN_POINT('Ctrl Pts',(-1.72332193680086,2.09316029291062,-5.75347958665372));
#4910=CARTESIAN_POINT('Ctrl Pts',(-1.90556136974163,1.91294825124458,-5.75297313751531));
#4911=CARTESIAN_POINT('Ctrl Pts',(-1.91301883560362,1.90549172961513,-5.75297182734897));
#4912=CARTESIAN_POINT('Ctrl Pts',(-2.09283229430998,1.72362305227499,-5.75352625220757));
#4913=CARTESIAN_POINT('Ctrl Pts',(-2.24267885274273,1.52356619377558,-5.74864986021831));
#4914=CARTESIAN_POINT('Ctrl Pts',(-2.45541940649825,1.13945794205387,-5.74530648917023));
#4915=CARTESIAN_POINT('Ctrl Pts',(-2.60686931307318,0.780363793416011,-5.74569365148386));
#4916=CARTESIAN_POINT('Ctrl Pts',(-2.67803098667371,0.394225593152316,-5.75216473883039));
#4917=CARTESIAN_POINT('Ctrl Pts',(-2.69245358081558,0.201726833002776,-5.75395448783916));
#4918=CARTESIAN_POINT('',(-3.57946341054157,0.258797650000878,-3.62258772491097));
#4919=CARTESIAN_POINT('Origin',(-5.68406867061068,0.425867758561417,-5.75395448783916));
#4920=CARTESIAN_POINT('',(-3.13770663483883,1.74514332628552,-3.61358150100058));
#4921=CARTESIAN_POINT('Ctrl Pts',(-3.57946341054157,0.258797650000878,-3.62258772491097));
#4922=CARTESIAN_POINT('Ctrl Pts',(-3.56069449094641,0.50861321508337,-3.6215388455198));
#4923=CARTESIAN_POINT('Ctrl Pts',(-3.46656792578554,1.02863740343096,-3.61595317852554));
#4924=CARTESIAN_POINT('Ctrl Pts',(-3.26543313136892,1.50670243118321,-3.61677443317768));
#4925=CARTESIAN_POINT('Ctrl Pts',(-3.13610972676855,1.75178120024363,-3.6117613974807));
#4926=CARTESIAN_POINT('',(-2.56533179868407,2.53495737783996,-3.6039876053413));
#4927=CARTESIAN_POINT('Ctrl Pts',(-3.13610972676855,1.75178120024363,-3.6117613974807));
#4928=CARTESIAN_POINT('Ctrl Pts',(-2.97244613624695,2.06193752058634,-3.60541721388828));
#4929=CARTESIAN_POINT('Ctrl Pts',(-2.79890721776612,2.30125690595417,-3.60254743725755));
#4930=CARTESIAN_POINT('Ctrl Pts',(-2.56507935697103,2.53736241482301,-3.60287061024483));
#4931=CARTESIAN_POINT('',(-2.53495737783983,2.5653317986842,-3.6039876053413));
#4932=CARTESIAN_POINT('Ctrl Pts',(-2.56507935697103,2.53736241482301,-3.60287061024483));
#4933=CARTESIAN_POINT('Ctrl Pts',(-2.55502873503692,2.54751093689446,-3.60288450118795));
#4934=CARTESIAN_POINT('Ctrl Pts',(-2.5446861751483,2.55769721043743,-3.60298019334172));
#4935=CARTESIAN_POINT('Ctrl Pts',(-2.53480721725528,2.5677025134004,-3.60282826375155));
#4936=CARTESIAN_POINT('',(-1.7451433262854,3.1377066348389,-3.61358150100058));
#4937=CARTESIAN_POINT('Ctrl Pts',(-2.53480721725528,2.5677025134004,-3.60282826375155));
#4938=CARTESIAN_POINT('Ctrl Pts',(-2.30410078307772,2.8013595240336,-3.59928020388813));
#4939=CARTESIAN_POINT('Ctrl Pts',(-2.04453678732241,2.97683116562132,-3.61033933709999));
#4940=CARTESIAN_POINT('Ctrl Pts',(-1.75150812407132,3.13757184252377,-3.61145748185354));
#4941=CARTESIAN_POINT('',(1.74514332628552,3.13770663483883,-3.61358150100058));
#4942=CARTESIAN_POINT('Ctrl Pts',(-1.75150812407132,3.13757184252377,-3.61145748185354));
#4943=CARTESIAN_POINT('Ctrl Pts',(-1.21029944326937,3.4344515017776,-3.61352263698308));
#4944=CARTESIAN_POINT('Ctrl Pts',(-0.57716595061255,3.59052670955084,-3.62284159894102));
#4945=CARTESIAN_POINT('Ctrl Pts',(0.284327224734596,3.58997600272759,-3.62429091431781));
#4946=CARTESIAN_POINT('Ctrl Pts',(0.89840436047802,3.5127770369068,-3.61721884219108));
#4947=CARTESIAN_POINT('Ctrl Pts',(1.46170557544901,3.28882726507026,-3.61780924059271));
#4948=CARTESIAN_POINT('Ctrl Pts',(1.75077930357718,3.13625293182641,-3.6119051070668));
#4949=CARTESIAN_POINT('',(2.53495737783996,2.56533179868406,-3.6039876053413));
#4950=CARTESIAN_POINT('Ctrl Pts',(1.75077930357718,3.13625293182641,-3.6119051070668));
#4951=CARTESIAN_POINT('Ctrl Pts',(2.06369648310849,2.97109392434175,-3.6055139873256));
#4952=CARTESIAN_POINT('Ctrl Pts',(2.30086850999295,2.7988317730223,-3.60259935949876));
#4953=CARTESIAN_POINT('Ctrl Pts',(2.5372033746351,2.56484423362799,-3.60291121929196));
#4954=CARTESIAN_POINT('',(2.56533179868413,2.5349573778399,-3.6039876053413));
#4955=CARTESIAN_POINT('Ctrl Pts',(2.5372033746351,2.56484423362799,-3.60291121929196));
#4956=CARTESIAN_POINT('Ctrl Pts',(2.54734398680108,2.55480434005468,-3.60292460051363));
#4957=CARTESIAN_POINT('Ctrl Pts',(2.55752739039146,2.54446705348677,-3.60302074460374));
#4958=CARTESIAN_POINT('Ctrl Pts',(2.56754633501191,2.53456835396426,-3.60286847215119));
#4959=CARTESIAN_POINT('',(3.13770663483883,1.74514332628552,-3.61358150100058));
#4960=CARTESIAN_POINT('Ctrl Pts',(2.56754633501191,2.53456835396426,-3.60286847215119));
#4961=CARTESIAN_POINT('Ctrl Pts',(2.80130031768493,2.30361983350376,-3.59931577338082));
#4962=CARTESIAN_POINT('Ctrl Pts',(2.9757629605406,2.04602710926109,-3.61032659014845));
#4963=CARTESIAN_POINT('Ctrl Pts',(3.13747750772685,1.75087730448711,-3.61144108927294));
#4964=CARTESIAN_POINT('',(3.13770663483883,-1.74514332628553,-3.61358150100058));
#4965=CARTESIAN_POINT('Ctrl Pts',(3.13747750772685,1.75087730448711,-3.61144108927294));
#4966=CARTESIAN_POINT('Ctrl Pts',(3.43566467324182,1.20664745492082,-3.61349612600701));
#4967=CARTESIAN_POINT('Ctrl Pts',(3.58944794614942,0.579889114891802,-3.62259478005573));
#4968=CARTESIAN_POINT('Ctrl Pts',(3.59006386712518,-0.429909378557275,-3.62414193415255));
#4969=CARTESIAN_POINT('Ctrl Pts',(3.47490716421747,-1.05171719077609,-3.6145368507913));
#4970=CARTESIAN_POINT('Ctrl Pts',(3.21239755592558,-1.60456702576833,-3.61586567032408));
#4971=CARTESIAN_POINT('Ctrl Pts',(3.13674202020225,-1.74837717482882,-3.61272107379776));
#4972=CARTESIAN_POINT('',(2.56533179868407,-2.53495737783996,-3.6039876053413));
#4973=CARTESIAN_POINT('Ctrl Pts',(3.13674202020225,-1.74837717482882,-3.61272107379776));
#4974=CARTESIAN_POINT('Ctrl Pts',(2.97338294171038,-2.05889897873507,-3.60593110944344));
#4975=CARTESIAN_POINT('Ctrl Pts',(2.80013203309504,-2.29901841358167,-3.60285959483007));
#4976=CARTESIAN_POINT('Ctrl Pts',(2.56502997568301,-2.53662475118769,-3.60309319799965));
#4977=CARTESIAN_POINT('',(2.53495737783994,-2.5653317986841,-3.6039876053413));
#4978=CARTESIAN_POINT('Ctrl Pts',(2.56502997568301,-2.53662475118769,-3.60309319799965));
#4979=CARTESIAN_POINT('Ctrl Pts',(2.55497693602344,-2.54678487467453,-3.60310318694639));
#4980=CARTESIAN_POINT('Ctrl Pts',(2.54464386657876,-2.55695870664289,-3.60320189422395));
#4981=CARTESIAN_POINT('Ctrl Pts',(2.53475198610003,-2.56697391591321,-3.60304857373538));
#4982=CARTESIAN_POINT('',(1.74514332628552,-3.13770663483883,-3.61358150100058));
#4983=CARTESIAN_POINT('Ctrl Pts',(2.53475198610003,-2.56697391591321,-3.60304857373538));
#4984=CARTESIAN_POINT('Ctrl Pts',(2.30300780597303,-2.8016074081133,-3.59945662466189));
#4985=CARTESIAN_POINT('Ctrl Pts',(2.04578421468507,-2.97561014724585,-3.61042627799446));
#4986=CARTESIAN_POINT('Ctrl Pts',(1.75108331653035,-3.13720298093016,-3.61152049673167));
#4987=CARTESIAN_POINT('',(-1.74514332628552,-3.13770663483883,-3.61358150100058));
#4988=CARTESIAN_POINT('Ctrl Pts',(1.75108331653035,-3.13720298093016,-3.61152049673167));
#4989=CARTESIAN_POINT('Ctrl Pts',(1.20691259685714,-3.43558717029174,-3.61354099209302));
#4990=CARTESIAN_POINT('Ctrl Pts',(0.579490822055587,-3.5893858833425,-3.62260919014852));
#4991=CARTESIAN_POINT('Ctrl Pts',(-0.429806734454084,-3.59013351713353,
-3.62414749065054));
#4992=CARTESIAN_POINT('Ctrl Pts',(-1.05214737297344,-3.47473447753065,-3.6145294363529));
#4993=CARTESIAN_POINT('Ctrl Pts',(-1.60463178345634,-3.21235237800847,-3.61585858220269));
#4994=CARTESIAN_POINT('Ctrl Pts',(-1.7484939719481,-3.13666446133908,-3.61271121637707));
#4995=CARTESIAN_POINT('',(-2.53495737783996,-2.56533179868407,-3.6039876053413));
#4996=CARTESIAN_POINT('Ctrl Pts',(-1.7484939719481,-3.13666446133908,-3.61271121637707));
#4997=CARTESIAN_POINT('Ctrl Pts',(-2.06028018710457,-2.97262935719647,-3.60589006838278));
#4998=CARTESIAN_POINT('Ctrl Pts',(-2.30003509971759,-2.79910200560427,-3.60285349137439));
#4999=CARTESIAN_POINT('Ctrl Pts',(-2.5367173663184,-2.56488752816657,-3.60308993745435));
#5000=CARTESIAN_POINT('',(-2.56533179868404,-2.53495737783999,-3.6039876053413));
#5001=CARTESIAN_POINT('Ctrl Pts',(-2.5367173663184,-2.56488752816657,-3.60308993745435));
#5002=CARTESIAN_POINT('Ctrl Pts',(-2.54687054911661,-2.55484020845155,-3.60310008050523));
#5003=CARTESIAN_POINT('Ctrl Pts',(-2.5570379621497,-2.54451518859459,-3.60319900133192));
#5004=CARTESIAN_POINT('Ctrl Pts',(-2.56706973709417,-2.534605449028,-3.60304519165487));
#5005=CARTESIAN_POINT('',(-3.13770663483883,-1.74514332628552,-3.61358150100058));
#5006=CARTESIAN_POINT('Ctrl Pts',(-2.56706973709417,-2.534605449028,-3.60304519165487));
#5007=CARTESIAN_POINT('Ctrl Pts',(-2.80103586912899,-2.30348548783423,-3.5994579645284));
#5008=CARTESIAN_POINT('Ctrl Pts',(-2.9762619744615,-2.04478817335725,-3.61044174240328));
#5009=CARTESIAN_POINT('Ctrl Pts',(-3.13742094356098,-1.75049631084115,-3.61149715687558));
#5010=CARTESIAN_POINT('Ctrl Pts',(-3.13742094356098,-1.75049631084115,-3.61149715687558));
#5011=CARTESIAN_POINT('Ctrl Pts',(-3.43468194458345,-1.207668976234,-3.61344389036665));
#5012=CARTESIAN_POINT('Ctrl Pts',(-3.59013236307896,-0.575634168128477,
-3.62285713927815));
#5013=CARTESIAN_POINT('Ctrl Pts',(-3.58917016609041,0.0853649460023008,
-3.62317259375973));
#5014=CARTESIAN_POINT('Ctrl Pts',(-3.5859949842802,0.171861970186079,-3.62295273436459));
#5015=CARTESIAN_POINT('Ctrl Pts',(-3.57946341054157,0.258797650000878,-3.62258772491097));
#5016=CARTESIAN_POINT('Ctrl Pts',(2.94448637286709,-2.94448637286709,-2.94448637286709));
#5017=CARTESIAN_POINT('Ctrl Pts',(3.0273102523833,-2.77883861383466,-3.0273102523833));
#5018=CARTESIAN_POINT('Ctrl Pts',(3.10307259930939,-2.61895481424694,-3.10307259930939));
#5019=CARTESIAN_POINT('Ctrl Pts',(3.24875340770089,-2.23048114994645,-3.24875340770089));
#5020=CARTESIAN_POINT('Ctrl Pts',(3.3186718691663,-2.00189128523369,-3.3186718691663));
#5021=CARTESIAN_POINT('Ctrl Pts',(3.51966142537152,-1.21306259340786,-3.51966142537152));
#5022=CARTESIAN_POINT('Ctrl Pts',(3.69282774273126,1.38777878078145E-16,
-3.69282774273126));
#5023=CARTESIAN_POINT('Ctrl Pts',(3.51966142537152,1.21306259340786,-3.51966142537152));
#5024=CARTESIAN_POINT('Ctrl Pts',(3.3186718691663,2.00189128523369,-3.3186718691663));
#5025=CARTESIAN_POINT('Ctrl Pts',(3.24875340770089,2.23048114994645,-3.24875340770089));
#5026=CARTESIAN_POINT('Ctrl Pts',(3.10307259930939,2.61895481424694,-3.10307259930939));
#5027=CARTESIAN_POINT('Ctrl Pts',(3.0273102523833,2.77883861383466,-3.0273102523833));
#5028=CARTESIAN_POINT('Ctrl Pts',(2.94448637286709,2.94448637286709,-2.94448637286709));
#5029=CARTESIAN_POINT('Ctrl Pts',(2.77883861383467,-3.02731025238331,-3.0273102523833));
#5030=CARTESIAN_POINT('Ctrl Pts',(2.84133586697682,-2.84133586697682,-3.15357375322615));
#5031=CARTESIAN_POINT('Ctrl Pts',(2.92008808781443,-2.66909248622617,-3.24494089897775));
#5032=CARTESIAN_POINT('Ctrl Pts',(3.05063313635999,-2.24508908868397,-3.43942962140455));
#5033=CARTESIAN_POINT('Ctrl Pts',(3.11395652431129,-2.00189128523369,-3.52338721402131));
#5034=CARTESIAN_POINT('Ctrl Pts',(3.29093130407278,-1.21306259340786,-3.74839154667026));
#5035=CARTESIAN_POINT('Ctrl Pts',(3.45057533431939,2.77555756156289E-16,
-3.93508015114313));
#5036=CARTESIAN_POINT('Ctrl Pts',(3.29093130407278,1.21306259340786,-3.74839154667027));
#5037=CARTESIAN_POINT('Ctrl Pts',(3.11395652431129,2.00189128523369,-3.52338721402131));
#5038=CARTESIAN_POINT('Ctrl Pts',(3.05063313635999,2.24508908868397,-3.43942962140455));
#5039=CARTESIAN_POINT('Ctrl Pts',(2.92008808781443,2.66909248622617,-3.24494089897775));
#5040=CARTESIAN_POINT('Ctrl Pts',(2.84133586697682,2.84133586697682,-3.15357375322616));
#5041=CARTESIAN_POINT('Ctrl Pts',(2.77883861383467,3.0273102523833,-3.02731025238331));
#5042=CARTESIAN_POINT('Ctrl Pts',(2.61895481424694,-3.10307259930939,-3.10307259930939));
#5043=CARTESIAN_POINT('Ctrl Pts',(2.66909248622617,-2.92008808781443,-3.24494089897775));
#5044=CARTESIAN_POINT('Ctrl Pts',(2.71940505399295,-2.71940505399295,-3.37387891926235));
#5045=CARTESIAN_POINT('Ctrl Pts',(2.82831190094556,-2.27042468658577,-3.6038965430442));
#5046=CARTESIAN_POINT('Ctrl Pts',(2.88605469075449,-2.02216017291741,-3.70357718484753));
#5047=CARTESIAN_POINT('Ctrl Pts',(3.03798555871821,-1.22050491646456,-3.95290604391318));
#5048=CARTESIAN_POINT('Ctrl Pts',(3.18376671210162,-2.77555756156289E-16,
-4.15277634574911));
#5049=CARTESIAN_POINT('Ctrl Pts',(3.03798555871821,1.22050491646456,-3.95290604391318));
#5050=CARTESIAN_POINT('Ctrl Pts',(2.88605469075449,2.02216017291741,-3.70357718484753));
#5051=CARTESIAN_POINT('Ctrl Pts',(2.82831190094556,2.27042468658577,-3.6038965430442));
#5052=CARTESIAN_POINT('Ctrl Pts',(2.71940505399295,2.71940505399295,-3.37387891926235));
#5053=CARTESIAN_POINT('Ctrl Pts',(2.66909248622617,2.92008808781443,-3.24494089897775));
#5054=CARTESIAN_POINT('Ctrl Pts',(2.61895481424694,3.10307259930939,-3.10307259930939));
#5055=CARTESIAN_POINT('Ctrl Pts',(2.23048114994645,-3.24875340770089,-3.24875340770089));
#5056=CARTESIAN_POINT('Ctrl Pts',(2.24508908868397,-3.05063313635999,-3.43942962140455));
#5057=CARTESIAN_POINT('Ctrl Pts',(2.27042468658577,-2.82831190094556,-3.6038965430442));
#5058=CARTESIAN_POINT('Ctrl Pts',(2.34121874148446,-2.34121874148446,-3.89109456787097));
#5059=CARTESIAN_POINT('Ctrl Pts',(2.38294066204542,-2.07865911333742,-4.01175552656402));
#5060=CARTESIAN_POINT('Ctrl Pts',(2.49577063192531,-1.24283188563467,-4.30912814918082));
#5061=CARTESIAN_POINT('Ctrl Pts',(2.61331514695722,0.,-4.53333097010367));
#5062=CARTESIAN_POINT('Ctrl Pts',(2.49577063192531,1.24283188563467,-4.30912814918082));
#5063=CARTESIAN_POINT('Ctrl Pts',(2.38294066204542,2.07865911333742,-4.01175552656402));
#5064=CARTESIAN_POINT('Ctrl Pts',(2.34121874148446,2.34121874148446,-3.89109456787097));
#5065=CARTESIAN_POINT('Ctrl Pts',(2.27042468658577,2.82831190094556,-3.6038965430442));
#5066=CARTESIAN_POINT('Ctrl Pts',(2.24508908868397,3.05063313635999,-3.43942962140455));
#5067=CARTESIAN_POINT('Ctrl Pts',(2.23048114994645,3.24875340770089,-3.24875340770089));
#5068=CARTESIAN_POINT('Ctrl Pts',(2.00189128523369,-3.3186718691663,-3.3186718691663));
#5069=CARTESIAN_POINT('Ctrl Pts',(2.00189128523369,-3.11395652431129,-3.52338721402131));
#5070=CARTESIAN_POINT('Ctrl Pts',(2.02216017291741,-2.88605469075449,-3.70357718484753));
#5071=CARTESIAN_POINT('Ctrl Pts',(2.07865911333742,-2.38294066204542,-4.01175552656402));
#5072=CARTESIAN_POINT('Ctrl Pts',(2.11201438756018,-2.11201438756018,-4.1410862630546));
#5073=CARTESIAN_POINT('Ctrl Pts',(2.20650145048699,-1.25771653174807,-4.46083575720556));
#5074=CARTESIAN_POINT('Ctrl Pts',(2.3096722040306,-5.55111512312578E-16,
-4.69618939985226));
#5075=CARTESIAN_POINT('Ctrl Pts',(2.20650145048699,1.25771653174807,-4.46083575720556));
#5076=CARTESIAN_POINT('Ctrl Pts',(2.11201438756017,2.11201438756017,-4.1410862630546));
#5077=CARTESIAN_POINT('Ctrl Pts',(2.07865911333742,2.38294066204542,-4.01175552656402));
#5078=CARTESIAN_POINT('Ctrl Pts',(2.02216017291741,2.88605469075449,-3.70357718484753));
#5079=CARTESIAN_POINT('Ctrl Pts',(2.00189128523369,3.11395652431129,-3.52338721402131));
#5080=CARTESIAN_POINT('Ctrl Pts',(2.00189128523369,3.3186718691663,-3.3186718691663));
#5081=CARTESIAN_POINT('Ctrl Pts',(1.21306259340786,-3.51966142537152,-3.51966142537152));
#5082=CARTESIAN_POINT('Ctrl Pts',(1.21306259340786,-3.29093130407278,-3.74839154667027));
#5083=CARTESIAN_POINT('Ctrl Pts',(1.22050491646456,-3.03798555871821,-3.95290604391318));
#5084=CARTESIAN_POINT('Ctrl Pts',(1.24283188563467,-2.49577063192531,-4.30912814918082));
#5085=CARTESIAN_POINT('Ctrl Pts',(1.25771653174807,-2.20650145048699,-4.46083575720556));
#5086=CARTESIAN_POINT('Ctrl Pts',(1.30237047008828,-1.30237047008828,-4.83018478579274));
#5087=CARTESIAN_POINT('Ctrl Pts',(1.36190905454189,0.,-5.09392003594357));
#5088=CARTESIAN_POINT('Ctrl Pts',(1.30237047008828,1.30237047008828,-4.83018478579274));
#5089=CARTESIAN_POINT('Ctrl Pts',(1.25771653174807,2.20650145048699,-4.46083575720556));
#5090=CARTESIAN_POINT('Ctrl Pts',(1.24283188563467,2.49577063192531,-4.30912814918082));
#5091=CARTESIAN_POINT('Ctrl Pts',(1.22050491646456,3.03798555871821,-3.95290604391318));
#5092=CARTESIAN_POINT('Ctrl Pts',(1.21306259340786,3.29093130407278,-3.74839154667027));
#5093=CARTESIAN_POINT('Ctrl Pts',(1.21306259340786,3.51966142537152,-3.51966142537152));
#5094=CARTESIAN_POINT('Ctrl Pts',(-4.16333634234434E-16,-3.69282774273126,
-3.69282774273126));
#5095=CARTESIAN_POINT('Ctrl Pts',(-4.16333634234434E-16,-3.45057533431939,
-3.93508015114314));
#5096=CARTESIAN_POINT('Ctrl Pts',(-5.55111512312578E-16,-3.18376671210162,
-4.15277634574911));
#5097=CARTESIAN_POINT('Ctrl Pts',(-5.55111512312578E-16,-2.61331514695722,
-4.53333097010367));
#5098=CARTESIAN_POINT('Ctrl Pts',(-2.77555756156289E-16,-2.3096722040306,
-4.69618939985226));
#5099=CARTESIAN_POINT('Ctrl Pts',(-2.77555756156289E-16,-1.36190905454189,
-5.09392003594357));
#5100=CARTESIAN_POINT('Ctrl Pts',(-8.32667268468867E-16,0.,-5.38197514232012));
#5101=CARTESIAN_POINT('Ctrl Pts',(-2.77555756156289E-16,1.36190905454189,
-5.09392003594357));
#5102=CARTESIAN_POINT('Ctrl Pts',(0.,2.3096722040306,-4.69618939985226));
#5103=CARTESIAN_POINT('Ctrl Pts',(1.38777878078145E-16,2.61331514695722,
-4.53333097010367));
#5104=CARTESIAN_POINT('Ctrl Pts',(2.77555756156289E-16,3.18376671210162,
-4.15277634574911));
#5105=CARTESIAN_POINT('Ctrl Pts',(2.77555756156289E-16,3.45057533431939,
-3.93508015114314));
#5106=CARTESIAN_POINT('Ctrl Pts',(1.38777878078145E-16,3.69282774273126,
-3.69282774273126));
#5107=CARTESIAN_POINT('Ctrl Pts',(-1.21306259340786,-3.51966142537152,-3.51966142537152));
#5108=CARTESIAN_POINT('Ctrl Pts',(-1.21306259340786,-3.29093130407278,-3.74839154667027));
#5109=CARTESIAN_POINT('Ctrl Pts',(-1.22050491646456,-3.03798555871821,-3.95290604391318));
#5110=CARTESIAN_POINT('Ctrl Pts',(-1.24283188563467,-2.49577063192531,-4.30912814918082));
#5111=CARTESIAN_POINT('Ctrl Pts',(-1.25771653174807,-2.20650145048699,-4.46083575720556));
#5112=CARTESIAN_POINT('Ctrl Pts',(-1.30237047008828,-1.30237047008828,-4.83018478579274));
#5113=CARTESIAN_POINT('Ctrl Pts',(-1.36190905454189,0.,-5.09392003594357));
#5114=CARTESIAN_POINT('Ctrl Pts',(-1.30237047008828,1.30237047008828,-4.83018478579274));
#5115=CARTESIAN_POINT('Ctrl Pts',(-1.25771653174807,2.20650145048699,-4.46083575720556));
#5116=CARTESIAN_POINT('Ctrl Pts',(-1.24283188563467,2.49577063192531,-4.30912814918082));
#5117=CARTESIAN_POINT('Ctrl Pts',(-1.22050491646456,3.03798555871821,-3.95290604391318));
#5118=CARTESIAN_POINT('Ctrl Pts',(-1.21306259340786,3.29093130407278,-3.74839154667026));
#5119=CARTESIAN_POINT('Ctrl Pts',(-1.21306259340786,3.51966142537152,-3.51966142537152));
#5120=CARTESIAN_POINT('Ctrl Pts',(-2.00189128523369,-3.3186718691663,-3.3186718691663));
#5121=CARTESIAN_POINT('Ctrl Pts',(-2.00189128523369,-3.11395652431129,-3.52338721402131));
#5122=CARTESIAN_POINT('Ctrl Pts',(-2.02216017291741,-2.88605469075449,-3.70357718484753));
#5123=CARTESIAN_POINT('Ctrl Pts',(-2.07865911333742,-2.38294066204542,-4.01175552656402));
#5124=CARTESIAN_POINT('Ctrl Pts',(-2.11201438756017,-2.11201438756018,-4.1410862630546));
#5125=CARTESIAN_POINT('Ctrl Pts',(-2.20650145048699,-1.25771653174807,-4.46083575720556));
#5126=CARTESIAN_POINT('Ctrl Pts',(-2.3096722040306,0.,-4.69618939985226));
#5127=CARTESIAN_POINT('Ctrl Pts',(-2.20650145048699,1.25771653174807,-4.46083575720556));
#5128=CARTESIAN_POINT('Ctrl Pts',(-2.11201438756017,2.11201438756017,-4.1410862630546));
#5129=CARTESIAN_POINT('Ctrl Pts',(-2.07865911333742,2.38294066204542,-4.01175552656402));
#5130=CARTESIAN_POINT('Ctrl Pts',(-2.02216017291741,2.88605469075449,-3.70357718484753));
#5131=CARTESIAN_POINT('Ctrl Pts',(-2.00189128523369,3.11395652431129,-3.52338721402131));
#5132=CARTESIAN_POINT('Ctrl Pts',(-2.00189128523369,3.3186718691663,-3.3186718691663));
#5133=CARTESIAN_POINT('Ctrl Pts',(-2.23048114994645,-3.24875340770089,-3.24875340770089));
#5134=CARTESIAN_POINT('Ctrl Pts',(-2.24508908868397,-3.05063313635999,-3.43942962140455));
#5135=CARTESIAN_POINT('Ctrl Pts',(-2.27042468658577,-2.82831190094556,-3.6038965430442));
#5136=CARTESIAN_POINT('Ctrl Pts',(-2.34121874148446,-2.34121874148446,-3.89109456787097));
#5137=CARTESIAN_POINT('Ctrl Pts',(-2.38294066204542,-2.07865911333742,-4.01175552656402));
#5138=CARTESIAN_POINT('Ctrl Pts',(-2.49577063192531,-1.24283188563467,-4.30912814918082));
#5139=CARTESIAN_POINT('Ctrl Pts',(-2.61331514695722,2.77555756156289E-16,
-4.53333097010367));
#5140=CARTESIAN_POINT('Ctrl Pts',(-2.49577063192531,1.24283188563467,-4.30912814918082));
#5141=CARTESIAN_POINT('Ctrl Pts',(-2.38294066204542,2.07865911333742,-4.01175552656402));
#5142=CARTESIAN_POINT('Ctrl Pts',(-2.34121874148446,2.34121874148446,-3.89109456787097));
#5143=CARTESIAN_POINT('Ctrl Pts',(-2.27042468658577,2.82831190094556,-3.6038965430442));
#5144=CARTESIAN_POINT('Ctrl Pts',(-2.24508908868397,3.05063313635999,-3.43942962140455));
#5145=CARTESIAN_POINT('Ctrl Pts',(-2.23048114994645,3.24875340770089,-3.24875340770089));
#5146=CARTESIAN_POINT('Ctrl Pts',(-2.61895481424694,-3.10307259930939,-3.10307259930939));
#5147=CARTESIAN_POINT('Ctrl Pts',(-2.66909248622617,-2.92008808781443,-3.24494089897775));
#5148=CARTESIAN_POINT('Ctrl Pts',(-2.71940505399295,-2.71940505399295,-3.37387891926235));
#5149=CARTESIAN_POINT('Ctrl Pts',(-2.82831190094556,-2.27042468658577,-3.6038965430442));
#5150=CARTESIAN_POINT('Ctrl Pts',(-2.88605469075449,-2.02216017291741,-3.70357718484753));
#5151=CARTESIAN_POINT('Ctrl Pts',(-3.03798555871821,-1.22050491646456,-3.95290604391318));
#5152=CARTESIAN_POINT('Ctrl Pts',(-3.18376671210162,2.77555756156289E-16,
-4.15277634574911));
#5153=CARTESIAN_POINT('Ctrl Pts',(-3.03798555871821,1.22050491646456,-3.95290604391318));
#5154=CARTESIAN_POINT('Ctrl Pts',(-2.88605469075449,2.02216017291741,-3.70357718484753));
#5155=CARTESIAN_POINT('Ctrl Pts',(-2.82831190094556,2.27042468658577,-3.6038965430442));
#5156=CARTESIAN_POINT('Ctrl Pts',(-2.71940505399295,2.71940505399295,-3.37387891926235));
#5157=CARTESIAN_POINT('Ctrl Pts',(-2.66909248622617,2.92008808781443,-3.24494089897775));
#5158=CARTESIAN_POINT('Ctrl Pts',(-2.61895481424694,3.10307259930939,-3.10307259930939));
#5159=CARTESIAN_POINT('Ctrl Pts',(-2.77883861383466,-3.0273102523833,-3.0273102523833));
#5160=CARTESIAN_POINT('Ctrl Pts',(-2.84133586697682,-2.84133586697682,-3.15357375322615));
#5161=CARTESIAN_POINT('Ctrl Pts',(-2.92008808781443,-2.66909248622617,-3.24494089897775));
#5162=CARTESIAN_POINT('Ctrl Pts',(-3.05063313635999,-2.24508908868397,-3.43942962140455));
#5163=CARTESIAN_POINT('Ctrl Pts',(-3.11395652431129,-2.00189128523369,-3.52338721402131));
#5164=CARTESIAN_POINT('Ctrl Pts',(-3.29093130407278,-1.21306259340786,-3.74839154667027));
#5165=CARTESIAN_POINT('Ctrl Pts',(-3.45057533431939,2.77555756156289E-16,
-3.93508015114313));
#5166=CARTESIAN_POINT('Ctrl Pts',(-3.29093130407278,1.21306259340786,-3.74839154667026));
#5167=CARTESIAN_POINT('Ctrl Pts',(-3.11395652431129,2.00189128523369,-3.52338721402131));
#5168=CARTESIAN_POINT('Ctrl Pts',(-3.05063313635999,2.24508908868397,-3.43942962140455));
#5169=CARTESIAN_POINT('Ctrl Pts',(-2.92008808781443,2.66909248622617,-3.24494089897775));
#5170=CARTESIAN_POINT('Ctrl Pts',(-2.84133586697682,2.84133586697682,-3.15357375322615));
#5171=CARTESIAN_POINT('Ctrl Pts',(-2.77883861383466,3.0273102523833,-3.0273102523833));
#5172=CARTESIAN_POINT('Ctrl Pts',(-2.94448637286709,-2.94448637286709,-2.94448637286709));
#5173=CARTESIAN_POINT('Ctrl Pts',(-3.02731025238331,-2.77883861383466,-3.0273102523833));
#5174=CARTESIAN_POINT('Ctrl Pts',(-3.10307259930939,-2.61895481424694,-3.10307259930939));
#5175=CARTESIAN_POINT('Ctrl Pts',(-3.24875340770089,-2.23048114994645,-3.24875340770089));
#5176=CARTESIAN_POINT('Ctrl Pts',(-3.3186718691663,-2.00189128523369,-3.3186718691663));
#5177=CARTESIAN_POINT('Ctrl Pts',(-3.51966142537152,-1.21306259340786,-3.51966142537152));
#5178=CARTESIAN_POINT('Ctrl Pts',(-3.69282774273126,5.55111512312578E-16,
-3.69282774273126));
#5179=CARTESIAN_POINT('Ctrl Pts',(-3.51966142537152,1.21306259340786,-3.51966142537152));
#5180=CARTESIAN_POINT('Ctrl Pts',(-3.3186718691663,2.00189128523369,-3.3186718691663));
#5181=CARTESIAN_POINT('Ctrl Pts',(-3.24875340770089,2.23048114994645,-3.24875340770089));
#5182=CARTESIAN_POINT('Ctrl Pts',(-3.10307259930939,2.61895481424694,-3.10307259930939));
#5183=CARTESIAN_POINT('Ctrl Pts',(-3.0273102523833,2.77883861383467,-3.02731025238331));
#5184=CARTESIAN_POINT('Ctrl Pts',(-2.94448637286709,2.94448637286709,-2.94448637286709));
#5185=CARTESIAN_POINT('',(2.94448637286709,-2.94448637286709,-2.94448637286709));
#5186=CARTESIAN_POINT('',(-2.94448637286709,-2.94448637286709,-2.94448637286709));
#5187=CARTESIAN_POINT('Ctrl Pts',(2.94448637286709,-2.94448637286709,-2.94448637286709));
#5188=CARTESIAN_POINT('Ctrl Pts',(2.77883861383467,-3.02731025238331,-3.0273102523833));
#5189=CARTESIAN_POINT('Ctrl Pts',(2.61895481424694,-3.10307259930939,-3.10307259930939));
#5190=CARTESIAN_POINT('Ctrl Pts',(2.23048114994645,-3.24875340770089,-3.24875340770089));
#5191=CARTESIAN_POINT('Ctrl Pts',(2.00189128523369,-3.3186718691663,-3.3186718691663));
#5192=CARTESIAN_POINT('Ctrl Pts',(1.21306259340786,-3.51966142537152,-3.51966142537152));
#5193=CARTESIAN_POINT('Ctrl Pts',(-4.16333634234434E-16,-3.69282774273126,
-3.69282774273126));
#5194=CARTESIAN_POINT('Ctrl Pts',(-1.21306259340786,-3.51966142537152,-3.51966142537152));
#5195=CARTESIAN_POINT('Ctrl Pts',(-2.00189128523369,-3.3186718691663,-3.3186718691663));
#5196=CARTESIAN_POINT('Ctrl Pts',(-2.23048114994645,-3.24875340770089,-3.24875340770089));
#5197=CARTESIAN_POINT('Ctrl Pts',(-2.61895481424694,-3.10307259930939,-3.10307259930939));
#5198=CARTESIAN_POINT('Ctrl Pts',(-2.77883861383466,-3.0273102523833,-3.0273102523833));
#5199=CARTESIAN_POINT('Ctrl Pts',(-2.94448637286709,-2.94448637286709,-2.94448637286709));
#5200=CARTESIAN_POINT('',(-2.94448637286709,2.94448637286709,-2.94448637286709));
#5201=CARTESIAN_POINT('Ctrl Pts',(-2.94448637286709,-2.94448637286709,-2.94448637286709));
#5202=CARTESIAN_POINT('Ctrl Pts',(-3.02731025238331,-2.77883861383466,-3.0273102523833));
#5203=CARTESIAN_POINT('Ctrl Pts',(-3.10307259930939,-2.61895481424694,-3.10307259930939));
#5204=CARTESIAN_POINT('Ctrl Pts',(-3.24875340770089,-2.23048114994645,-3.24875340770089));
#5205=CARTESIAN_POINT('Ctrl Pts',(-3.3186718691663,-2.00189128523369,-3.3186718691663));
#5206=CARTESIAN_POINT('Ctrl Pts',(-3.51966142537152,-1.21306259340786,-3.51966142537152));
#5207=CARTESIAN_POINT('Ctrl Pts',(-3.69282774273126,5.55111512312578E-16,
-3.69282774273126));
#5208=CARTESIAN_POINT('Ctrl Pts',(-3.51966142537152,1.21306259340786,-3.51966142537152));
#5209=CARTESIAN_POINT('Ctrl Pts',(-3.3186718691663,2.00189128523369,-3.3186718691663));
#5210=CARTESIAN_POINT('Ctrl Pts',(-3.24875340770089,2.23048114994645,-3.24875340770089));
#5211=CARTESIAN_POINT('Ctrl Pts',(-3.10307259930939,2.61895481424694,-3.10307259930939));
#5212=CARTESIAN_POINT('Ctrl Pts',(-3.0273102523833,2.77883861383467,-3.02731025238331));
#5213=CARTESIAN_POINT('Ctrl Pts',(-2.94448637286709,2.94448637286709,-2.94448637286709));
#5214=CARTESIAN_POINT('',(2.94448637286709,2.94448637286709,-2.94448637286709));
#5215=CARTESIAN_POINT('Ctrl Pts',(-2.94448637286709,2.94448637286709,-2.94448637286709));
#5216=CARTESIAN_POINT('Ctrl Pts',(-2.77883861383466,3.0273102523833,-3.0273102523833));
#5217=CARTESIAN_POINT('Ctrl Pts',(-2.61895481424694,3.10307259930939,-3.10307259930939));
#5218=CARTESIAN_POINT('Ctrl Pts',(-2.23048114994645,3.24875340770089,-3.24875340770089));
#5219=CARTESIAN_POINT('Ctrl Pts',(-2.00189128523369,3.3186718691663,-3.3186718691663));
#5220=CARTESIAN_POINT('Ctrl Pts',(-1.21306259340786,3.51966142537152,-3.51966142537152));
#5221=CARTESIAN_POINT('Ctrl Pts',(1.38777878078145E-16,3.69282774273126,
-3.69282774273126));
#5222=CARTESIAN_POINT('Ctrl Pts',(1.21306259340786,3.51966142537152,-3.51966142537152));
#5223=CARTESIAN_POINT('Ctrl Pts',(2.00189128523369,3.3186718691663,-3.3186718691663));
#5224=CARTESIAN_POINT('Ctrl Pts',(2.23048114994645,3.24875340770089,-3.24875340770089));
#5225=CARTESIAN_POINT('Ctrl Pts',(2.61895481424694,3.10307259930939,-3.10307259930939));
#5226=CARTESIAN_POINT('Ctrl Pts',(2.77883861383467,3.0273102523833,-3.02731025238331));
#5227=CARTESIAN_POINT('Ctrl Pts',(2.94448637286709,2.94448637286709,-2.94448637286709));
#5228=CARTESIAN_POINT('Ctrl Pts',(2.94448637286709,2.94448637286709,-2.94448637286709));
#5229=CARTESIAN_POINT('Ctrl Pts',(3.0273102523833,2.77883861383466,-3.0273102523833));
#5230=CARTESIAN_POINT('Ctrl Pts',(3.10307259930939,2.61895481424694,-3.10307259930939));
#5231=CARTESIAN_POINT('Ctrl Pts',(3.24875340770089,2.23048114994645,-3.24875340770089));
#5232=CARTESIAN_POINT('Ctrl Pts',(3.3186718691663,2.00189128523369,-3.3186718691663));
#5233=CARTESIAN_POINT('Ctrl Pts',(3.51966142537152,1.21306259340786,-3.51966142537152));
#5234=CARTESIAN_POINT('Ctrl Pts',(3.69282774273126,1.38777878078145E-16,
-3.69282774273126));
#5235=CARTESIAN_POINT('Ctrl Pts',(3.51966142537152,-1.21306259340786,-3.51966142537152));
#5236=CARTESIAN_POINT('Ctrl Pts',(3.3186718691663,-2.00189128523369,-3.3186718691663));
#5237=CARTESIAN_POINT('Ctrl Pts',(3.24875340770089,-2.23048114994645,-3.24875340770089));
#5238=CARTESIAN_POINT('Ctrl Pts',(3.10307259930939,-2.61895481424694,-3.10307259930939));
#5239=CARTESIAN_POINT('Ctrl Pts',(3.0273102523833,-2.77883861383466,-3.0273102523833));
#5240=CARTESIAN_POINT('Ctrl Pts',(2.94448637286709,-2.94448637286709,-2.94448637286709));
#5241=CARTESIAN_POINT('Origin',(-15.,-5.,-9.));
#5242=CARTESIAN_POINT('',(-15.,-5.,-14.));
#5243=CARTESIAN_POINT('',(-15.,5.,-14.));
#5244=CARTESIAN_POINT('',(-15.,-5.,-9.));
#5245=CARTESIAN_POINT('',(-15.,-5.,-9.));
#5246=CARTESIAN_POINT('',(-15.,6.00000012665987,-9.));
#5247=CARTESIAN_POINT('Origin',(0.,0.,-9.));
#5248=CARTESIAN_POINT('',(5.,-5.,-9.));
#5249=CARTESIAN_POINT('',(5.,-5.,-9.));
#5250=CARTESIAN_POINT('Origin',(5.,-5.,-9.));
#5251=CARTESIAN_POINT('',(5.,-5.,-14.));
#5252=CARTESIAN_POINT('Origin',(0.,0.,-14.));
#5253=CARTESIAN_POINT('Ctrl Pts',(2.94448637286709,-2.94448637286709,2.94448637286709));
#5254=CARTESIAN_POINT('Ctrl Pts',(3.0273102523833,-2.77883861383466,3.02731025238331));
#5255=CARTESIAN_POINT('Ctrl Pts',(3.10307259930939,-2.61895481424694,3.10307259930939));
#5256=CARTESIAN_POINT('Ctrl Pts',(3.24875340770089,-2.23048114994645,3.24875340770089));
#5257=CARTESIAN_POINT('Ctrl Pts',(3.3186718691663,-2.00189128523369,3.3186718691663));
#5258=CARTESIAN_POINT('Ctrl Pts',(3.51966142537152,-1.21306259340786,3.51966142537152));
#5259=CARTESIAN_POINT('Ctrl Pts',(3.69282774273126,-2.77555756156289E-16,
3.69282774273126));
#5260=CARTESIAN_POINT('Ctrl Pts',(3.51966142537152,1.21306259340786,3.51966142537152));
#5261=CARTESIAN_POINT('Ctrl Pts',(3.3186718691663,2.00189128523369,3.3186718691663));
#5262=CARTESIAN_POINT('Ctrl Pts',(3.24875340770089,2.23048114994645,3.24875340770089));
#5263=CARTESIAN_POINT('Ctrl Pts',(3.10307259930939,2.61895481424694,3.10307259930939));
#5264=CARTESIAN_POINT('Ctrl Pts',(3.0273102523833,2.77883861383467,3.02731025238331));
#5265=CARTESIAN_POINT('Ctrl Pts',(2.94448637286709,2.94448637286709,2.94448637286709));
#5266=CARTESIAN_POINT('Ctrl Pts',(3.0273102523833,-3.02731025238331,2.77883861383467));
#5267=CARTESIAN_POINT('Ctrl Pts',(3.15357375322615,-2.84133586697682,2.84133586697682));
#5268=CARTESIAN_POINT('Ctrl Pts',(3.24494089897775,-2.66909248622617,2.92008808781443));
#5269=CARTESIAN_POINT('Ctrl Pts',(3.43942962140455,-2.24508908868397,3.05063313635999));
#5270=CARTESIAN_POINT('Ctrl Pts',(3.52338721402131,-2.00189128523369,3.11395652431129));
#5271=CARTESIAN_POINT('Ctrl Pts',(3.74839154667026,-1.21306259340786,3.29093130407278));
#5272=CARTESIAN_POINT('Ctrl Pts',(3.93508015114313,-1.38777878078145E-16,
3.45057533431939));
#5273=CARTESIAN_POINT('Ctrl Pts',(3.74839154667026,1.21306259340786,3.29093130407278));
#5274=CARTESIAN_POINT('Ctrl Pts',(3.52338721402131,2.00189128523369,3.11395652431129));
#5275=CARTESIAN_POINT('Ctrl Pts',(3.43942962140455,2.24508908868397,3.05063313635999));
#5276=CARTESIAN_POINT('Ctrl Pts',(3.24494089897775,2.66909248622617,2.92008808781443));
#5277=CARTESIAN_POINT('Ctrl Pts',(3.15357375322615,2.84133586697682,2.84133586697682));
#5278=CARTESIAN_POINT('Ctrl Pts',(3.0273102523833,3.0273102523833,2.77883861383466));
#5279=CARTESIAN_POINT('Ctrl Pts',(3.10307259930939,-3.10307259930939,2.61895481424694));
#5280=CARTESIAN_POINT('Ctrl Pts',(3.24494089897775,-2.92008808781443,2.66909248622617));
#5281=CARTESIAN_POINT('Ctrl Pts',(3.37387891926235,-2.71940505399295,2.71940505399295));
#5282=CARTESIAN_POINT('Ctrl Pts',(3.6038965430442,-2.27042468658577,2.82831190094556));
#5283=CARTESIAN_POINT('Ctrl Pts',(3.70357718484753,-2.02216017291741,2.88605469075449));
#5284=CARTESIAN_POINT('Ctrl Pts',(3.95290604391318,-1.22050491646456,3.03798555871821));
#5285=CARTESIAN_POINT('Ctrl Pts',(4.15277634574911,-2.77555756156289E-16,
3.18376671210162));
#5286=CARTESIAN_POINT('Ctrl Pts',(3.95290604391318,1.22050491646456,3.03798555871821));
#5287=CARTESIAN_POINT('Ctrl Pts',(3.70357718484753,2.02216017291741,2.88605469075449));
#5288=CARTESIAN_POINT('Ctrl Pts',(3.6038965430442,2.27042468658577,2.82831190094556));
#5289=CARTESIAN_POINT('Ctrl Pts',(3.37387891926235,2.71940505399295,2.71940505399295));
#5290=CARTESIAN_POINT('Ctrl Pts',(3.24494089897775,2.92008808781443,2.66909248622617));
#5291=CARTESIAN_POINT('Ctrl Pts',(3.10307259930939,3.10307259930939,2.61895481424694));
#5292=CARTESIAN_POINT('Ctrl Pts',(3.24875340770089,-3.24875340770089,2.23048114994645));
#5293=CARTESIAN_POINT('Ctrl Pts',(3.43942962140455,-3.05063313635999,2.24508908868397));
#5294=CARTESIAN_POINT('Ctrl Pts',(3.6038965430442,-2.82831190094556,2.27042468658577));
#5295=CARTESIAN_POINT('Ctrl Pts',(3.89109456787097,-2.34121874148446,2.34121874148446));
#5296=CARTESIAN_POINT('Ctrl Pts',(4.01175552656402,-2.07865911333742,2.38294066204542));
#5297=CARTESIAN_POINT('Ctrl Pts',(4.30912814918082,-1.24283188563467,2.49577063192531));
#5298=CARTESIAN_POINT('Ctrl Pts',(4.53333097010367,-2.77555756156289E-16,
2.61331514695722));
#5299=CARTESIAN_POINT('Ctrl Pts',(4.30912814918082,1.24283188563467,2.49577063192531));
#5300=CARTESIAN_POINT('Ctrl Pts',(4.01175552656402,2.07865911333742,2.38294066204542));
#5301=CARTESIAN_POINT('Ctrl Pts',(3.89109456787097,2.34121874148446,2.34121874148446));
#5302=CARTESIAN_POINT('Ctrl Pts',(3.6038965430442,2.82831190094556,2.27042468658577));
#5303=CARTESIAN_POINT('Ctrl Pts',(3.43942962140455,3.05063313635999,2.24508908868397));
#5304=CARTESIAN_POINT('Ctrl Pts',(3.24875340770089,3.24875340770089,2.23048114994645));
#5305=CARTESIAN_POINT('Ctrl Pts',(3.3186718691663,-3.3186718691663,2.00189128523369));
#5306=CARTESIAN_POINT('Ctrl Pts',(3.52338721402131,-3.11395652431129,2.00189128523369));
#5307=CARTESIAN_POINT('Ctrl Pts',(3.70357718484753,-2.88605469075449,2.02216017291741));
#5308=CARTESIAN_POINT('Ctrl Pts',(4.01175552656402,-2.38294066204542,2.07865911333742));
#5309=CARTESIAN_POINT('Ctrl Pts',(4.1410862630546,-2.11201438756017,2.11201438756018));
#5310=CARTESIAN_POINT('Ctrl Pts',(4.46083575720556,-1.25771653174807,2.20650145048699));
#5311=CARTESIAN_POINT('Ctrl Pts',(4.69618939985226,-2.77555756156289E-16,
2.3096722040306));
#5312=CARTESIAN_POINT('Ctrl Pts',(4.46083575720556,1.25771653174807,2.20650145048699));
#5313=CARTESIAN_POINT('Ctrl Pts',(4.1410862630546,2.11201438756017,2.11201438756018));
#5314=CARTESIAN_POINT('Ctrl Pts',(4.01175552656402,2.38294066204542,2.07865911333742));
#5315=CARTESIAN_POINT('Ctrl Pts',(3.70357718484753,2.88605469075449,2.02216017291741));
#5316=CARTESIAN_POINT('Ctrl Pts',(3.52338721402131,3.11395652431129,2.00189128523369));
#5317=CARTESIAN_POINT('Ctrl Pts',(3.3186718691663,3.3186718691663,2.00189128523369));
#5318=CARTESIAN_POINT('Ctrl Pts',(3.51966142537152,-3.51966142537152,1.21306259340786));
#5319=CARTESIAN_POINT('Ctrl Pts',(3.74839154667026,-3.29093130407278,1.21306259340786));
#5320=CARTESIAN_POINT('Ctrl Pts',(3.95290604391317,-3.03798555871821,1.22050491646456));
#5321=CARTESIAN_POINT('Ctrl Pts',(4.30912814918082,-2.49577063192531,1.24283188563467));
#5322=CARTESIAN_POINT('Ctrl Pts',(4.46083575720556,-2.20650145048699,1.25771653174807));
#5323=CARTESIAN_POINT('Ctrl Pts',(4.83018478579274,-1.30237047008828,1.30237047008828));
#5324=CARTESIAN_POINT('Ctrl Pts',(5.09392003594357,0.,1.36190905454189));
#5325=CARTESIAN_POINT('Ctrl Pts',(4.83018478579274,1.30237047008828,1.30237047008828));
#5326=CARTESIAN_POINT('Ctrl Pts',(4.46083575720556,2.20650145048699,1.25771653174807));
#5327=CARTESIAN_POINT('Ctrl Pts',(4.30912814918082,2.49577063192531,1.24283188563467));
#5328=CARTESIAN_POINT('Ctrl Pts',(3.95290604391317,3.03798555871821,1.22050491646456));
#5329=CARTESIAN_POINT('Ctrl Pts',(3.74839154667026,3.29093130407278,1.21306259340786));
#5330=CARTESIAN_POINT('Ctrl Pts',(3.51966142537152,3.51966142537152,1.21306259340786));
#5331=CARTESIAN_POINT('Ctrl Pts',(3.69282774273126,-3.69282774273126,-5.55111512312578E-16));
#5332=CARTESIAN_POINT('Ctrl Pts',(3.93508015114313,-3.45057533431939,-5.55111512312578E-16));
#5333=CARTESIAN_POINT('Ctrl Pts',(4.15277634574911,-3.18376671210162,-4.16333634234434E-16));
#5334=CARTESIAN_POINT('Ctrl Pts',(4.53333097010367,-2.61331514695722,-5.55111512312578E-16));
#5335=CARTESIAN_POINT('Ctrl Pts',(4.69618939985226,-2.3096722040306,-2.77555756156289E-16));
#5336=CARTESIAN_POINT('Ctrl Pts',(5.09392003594357,-1.36190905454189,-2.77555756156289E-16));
#5337=CARTESIAN_POINT('Ctrl Pts',(5.38197514232012,0.,-1.11022302462516E-15));
#5338=CARTESIAN_POINT('Ctrl Pts',(5.09392003594357,1.36190905454189,0.));
#5339=CARTESIAN_POINT('Ctrl Pts',(4.69618939985226,2.3096722040306,0.));
#5340=CARTESIAN_POINT('Ctrl Pts',(4.53333097010367,2.61331514695722,-5.55111512312578E-16));
#5341=CARTESIAN_POINT('Ctrl Pts',(4.15277634574911,3.18376671210162,-1.38777878078145E-16));
#5342=CARTESIAN_POINT('Ctrl Pts',(3.93508015114313,3.45057533431939,-1.38777878078145E-16));
#5343=CARTESIAN_POINT('Ctrl Pts',(3.69282774273126,3.69282774273126,-1.38777878078145E-16));
#5344=CARTESIAN_POINT('Ctrl Pts',(3.51966142537152,-3.51966142537152,-1.21306259340786));
#5345=CARTESIAN_POINT('Ctrl Pts',(3.74839154667027,-3.29093130407278,-1.21306259340786));
#5346=CARTESIAN_POINT('Ctrl Pts',(3.95290604391318,-3.03798555871821,-1.22050491646456));
#5347=CARTESIAN_POINT('Ctrl Pts',(4.30912814918082,-2.49577063192531,-1.24283188563467));
#5348=CARTESIAN_POINT('Ctrl Pts',(4.46083575720556,-2.20650145048699,-1.25771653174807));
#5349=CARTESIAN_POINT('Ctrl Pts',(4.83018478579274,-1.30237047008828,-1.30237047008828));
#5350=CARTESIAN_POINT('Ctrl Pts',(5.09392003594357,-5.55111512312578E-16,
-1.36190905454189));
#5351=CARTESIAN_POINT('Ctrl Pts',(4.83018478579274,1.30237047008828,-1.30237047008828));
#5352=CARTESIAN_POINT('Ctrl Pts',(4.46083575720556,2.20650145048699,-1.25771653174807));
#5353=CARTESIAN_POINT('Ctrl Pts',(4.30912814918082,2.49577063192531,-1.24283188563467));
#5354=CARTESIAN_POINT('Ctrl Pts',(3.95290604391318,3.03798555871821,-1.22050491646456));
#5355=CARTESIAN_POINT('Ctrl Pts',(3.74839154667026,3.29093130407278,-1.21306259340786));
#5356=CARTESIAN_POINT('Ctrl Pts',(3.51966142537152,3.51966142537152,-1.21306259340786));
#5357=CARTESIAN_POINT('Ctrl Pts',(3.3186718691663,-3.3186718691663,-2.00189128523369));
#5358=CARTESIAN_POINT('Ctrl Pts',(3.52338721402131,-3.11395652431129,-2.00189128523369));
#5359=CARTESIAN_POINT('Ctrl Pts',(3.70357718484753,-2.88605469075449,-2.02216017291741));
#5360=CARTESIAN_POINT('Ctrl Pts',(4.01175552656402,-2.38294066204542,-2.07865911333742));
#5361=CARTESIAN_POINT('Ctrl Pts',(4.1410862630546,-2.11201438756017,-2.11201438756017));
#5362=CARTESIAN_POINT('Ctrl Pts',(4.46083575720556,-1.25771653174807,-2.20650145048699));
#5363=CARTESIAN_POINT('Ctrl Pts',(4.69618939985226,-2.77555756156289E-16,
-2.3096722040306));
#5364=CARTESIAN_POINT('Ctrl Pts',(4.46083575720556,1.25771653174807,-2.20650145048699));
#5365=CARTESIAN_POINT('Ctrl Pts',(4.1410862630546,2.11201438756017,-2.11201438756018));
#5366=CARTESIAN_POINT('Ctrl Pts',(4.01175552656402,2.38294066204542,-2.07865911333742));
#5367=CARTESIAN_POINT('Ctrl Pts',(3.70357718484753,2.88605469075449,-2.02216017291741));
#5368=CARTESIAN_POINT('Ctrl Pts',(3.52338721402131,3.11395652431129,-2.00189128523369));
#5369=CARTESIAN_POINT('Ctrl Pts',(3.3186718691663,3.3186718691663,-2.00189128523369));
#5370=CARTESIAN_POINT('Ctrl Pts',(3.24875340770089,-3.24875340770089,-2.23048114994645));
#5371=CARTESIAN_POINT('Ctrl Pts',(3.43942962140455,-3.05063313635999,-2.24508908868397));
#5372=CARTESIAN_POINT('Ctrl Pts',(3.6038965430442,-2.82831190094556,-2.27042468658577));
#5373=CARTESIAN_POINT('Ctrl Pts',(3.89109456787097,-2.34121874148446,-2.34121874148446));
#5374=CARTESIAN_POINT('Ctrl Pts',(4.01175552656402,-2.07865911333742,-2.38294066204542));
#5375=CARTESIAN_POINT('Ctrl Pts',(4.30912814918082,-1.24283188563467,-2.49577063192531));
#5376=CARTESIAN_POINT('Ctrl Pts',(4.53333097010367,-2.77555756156289E-16,
-2.61331514695722));
#5377=CARTESIAN_POINT('Ctrl Pts',(4.30912814918082,1.24283188563467,-2.49577063192531));
#5378=CARTESIAN_POINT('Ctrl Pts',(4.01175552656402,2.07865911333742,-2.38294066204542));
#5379=CARTESIAN_POINT('Ctrl Pts',(3.89109456787097,2.34121874148446,-2.34121874148446));
#5380=CARTESIAN_POINT('Ctrl Pts',(3.6038965430442,2.82831190094556,-2.27042468658577));
#5381=CARTESIAN_POINT('Ctrl Pts',(3.43942962140455,3.05063313635999,-2.24508908868397));
#5382=CARTESIAN_POINT('Ctrl Pts',(3.24875340770089,3.24875340770089,-2.23048114994645));
#5383=CARTESIAN_POINT('Ctrl Pts',(3.10307259930939,-3.10307259930939,-2.61895481424694));
#5384=CARTESIAN_POINT('Ctrl Pts',(3.24494089897775,-2.92008808781443,-2.66909248622617));
#5385=CARTESIAN_POINT('Ctrl Pts',(3.37387891926235,-2.71940505399295,-2.71940505399295));
#5386=CARTESIAN_POINT('Ctrl Pts',(3.6038965430442,-2.27042468658577,-2.82831190094556));
#5387=CARTESIAN_POINT('Ctrl Pts',(3.70357718484753,-2.02216017291741,-2.88605469075449));
#5388=CARTESIAN_POINT('Ctrl Pts',(3.95290604391318,-1.22050491646456,-3.03798555871821));
#5389=CARTESIAN_POINT('Ctrl Pts',(4.15277634574911,-1.38777878078145E-16,
-3.18376671210162));
#5390=CARTESIAN_POINT('Ctrl Pts',(3.95290604391318,1.22050491646456,-3.03798555871821));
#5391=CARTESIAN_POINT('Ctrl Pts',(3.70357718484753,2.02216017291741,-2.88605469075449));
#5392=CARTESIAN_POINT('Ctrl Pts',(3.6038965430442,2.27042468658577,-2.82831190094556));
#5393=CARTESIAN_POINT('Ctrl Pts',(3.37387891926235,2.71940505399295,-2.71940505399295));
#5394=CARTESIAN_POINT('Ctrl Pts',(3.24494089897775,2.92008808781443,-2.66909248622617));
#5395=CARTESIAN_POINT('Ctrl Pts',(3.10307259930939,3.10307259930939,-2.61895481424694));
#5396=CARTESIAN_POINT('Ctrl Pts',(3.0273102523833,-3.0273102523833,-2.77883861383466));
#5397=CARTESIAN_POINT('Ctrl Pts',(3.15357375322615,-2.84133586697682,-2.84133586697682));
#5398=CARTESIAN_POINT('Ctrl Pts',(3.24494089897775,-2.66909248622617,-2.92008808781443));
#5399=CARTESIAN_POINT('Ctrl Pts',(3.43942962140455,-2.24508908868397,-3.05063313635999));
#5400=CARTESIAN_POINT('Ctrl Pts',(3.52338721402131,-2.00189128523369,-3.11395652431129));
#5401=CARTESIAN_POINT('Ctrl Pts',(3.74839154667027,-1.21306259340786,-3.29093130407278));
#5402=CARTESIAN_POINT('Ctrl Pts',(3.93508015114314,2.77555756156289E-16,
-3.45057533431939));
#5403=CARTESIAN_POINT('Ctrl Pts',(3.74839154667026,1.21306259340786,-3.29093130407278));
#5404=CARTESIAN_POINT('Ctrl Pts',(3.52338721402131,2.00189128523369,-3.11395652431129));
#5405=CARTESIAN_POINT('Ctrl Pts',(3.43942962140455,2.24508908868397,-3.05063313635999));
#5406=CARTESIAN_POINT('Ctrl Pts',(3.24494089897775,2.66909248622617,-2.92008808781443));
#5407=CARTESIAN_POINT('Ctrl Pts',(3.15357375322615,2.84133586697682,-2.84133586697682));
#5408=CARTESIAN_POINT('Ctrl Pts',(3.0273102523833,3.0273102523833,-2.77883861383466));
#5409=CARTESIAN_POINT('Ctrl Pts',(2.94448637286709,-2.94448637286709,-2.94448637286709));
#5410=CARTESIAN_POINT('Ctrl Pts',(3.0273102523833,-2.77883861383466,-3.0273102523833));
#5411=CARTESIAN_POINT('Ctrl Pts',(3.10307259930939,-2.61895481424694,-3.10307259930939));
#5412=CARTESIAN_POINT('Ctrl Pts',(3.24875340770089,-2.23048114994645,-3.24875340770089));
#5413=CARTESIAN_POINT('Ctrl Pts',(3.3186718691663,-2.00189128523369,-3.3186718691663));
#5414=CARTESIAN_POINT('Ctrl Pts',(3.51966142537152,-1.21306259340786,-3.51966142537152));
#5415=CARTESIAN_POINT('Ctrl Pts',(3.69282774273126,1.38777878078145E-16,
-3.69282774273126));
#5416=CARTESIAN_POINT('Ctrl Pts',(3.51966142537152,1.21306259340786,-3.51966142537152));
#5417=CARTESIAN_POINT('Ctrl Pts',(3.3186718691663,2.00189128523369,-3.3186718691663));
#5418=CARTESIAN_POINT('Ctrl Pts',(3.24875340770089,2.23048114994645,-3.24875340770089));
#5419=CARTESIAN_POINT('Ctrl Pts',(3.10307259930939,2.61895481424694,-3.10307259930939));
#5420=CARTESIAN_POINT('Ctrl Pts',(3.0273102523833,2.77883861383466,-3.0273102523833));
#5421=CARTESIAN_POINT('Ctrl Pts',(2.94448637286709,2.94448637286709,-2.94448637286709));
#5422=CARTESIAN_POINT('',(2.94448637286709,-2.94448637286709,2.94448637286709));
#5423=CARTESIAN_POINT('Ctrl Pts',(2.94448637286709,-2.94448637286709,-2.94448637286709));
#5424=CARTESIAN_POINT('Ctrl Pts',(3.0273102523833,-3.0273102523833,-2.77883861383466));
#5425=CARTESIAN_POINT('Ctrl Pts',(3.10307259930939,-3.10307259930939,-2.61895481424694));
#5426=CARTESIAN_POINT('Ctrl Pts',(3.24875340770089,-3.24875340770089,-2.23048114994645));
#5427=CARTESIAN_POINT('Ctrl Pts',(3.3186718691663,-3.3186718691663,-2.00189128523369));
#5428=CARTESIAN_POINT('Ctrl Pts',(3.51966142537152,-3.51966142537152,-1.21306259340786));
#5429=CARTESIAN_POINT('Ctrl Pts',(3.69282774273126,-3.69282774273126,-2.77555756156289E-16));
#5430=CARTESIAN_POINT('Ctrl Pts',(3.51966142537152,-3.51966142537152,1.21306259340786));
#5431=CARTESIAN_POINT('Ctrl Pts',(3.3186718691663,-3.3186718691663,2.00189128523369));
#5432=CARTESIAN_POINT('Ctrl Pts',(3.24875340770089,-3.24875340770089,2.23048114994645));
#5433=CARTESIAN_POINT('Ctrl Pts',(3.10307259930939,-3.10307259930939,2.61895481424694));
#5434=CARTESIAN_POINT('Ctrl Pts',(3.0273102523833,-3.02731025238331,2.77883861383467));
#5435=CARTESIAN_POINT('Ctrl Pts',(2.94448637286709,-2.94448637286709,2.94448637286709));
#5436=CARTESIAN_POINT('',(2.94448637286709,2.94448637286709,2.94448637286709));
#5437=CARTESIAN_POINT('Ctrl Pts',(2.94448637286709,2.94448637286709,2.94448637286709));
#5438=CARTESIAN_POINT('Ctrl Pts',(3.0273102523833,3.0273102523833,2.77883861383466));
#5439=CARTESIAN_POINT('Ctrl Pts',(3.10307259930939,3.10307259930939,2.61895481424694));
#5440=CARTESIAN_POINT('Ctrl Pts',(3.24875340770089,3.24875340770089,2.23048114994645));
#5441=CARTESIAN_POINT('Ctrl Pts',(3.3186718691663,3.3186718691663,2.00189128523369));
#5442=CARTESIAN_POINT('Ctrl Pts',(3.51966142537152,3.51966142537152,1.21306259340786));
#5443=CARTESIAN_POINT('Ctrl Pts',(3.69282774273126,3.69282774273126,-1.38777878078145E-16));
#5444=CARTESIAN_POINT('Ctrl Pts',(3.51966142537152,3.51966142537152,-1.21306259340786));
#5445=CARTESIAN_POINT('Ctrl Pts',(3.3186718691663,3.3186718691663,-2.00189128523369));
#5446=CARTESIAN_POINT('Ctrl Pts',(3.24875340770089,3.24875340770089,-2.23048114994645));
#5447=CARTESIAN_POINT('Ctrl Pts',(3.10307259930939,3.10307259930939,-2.61895481424694));
#5448=CARTESIAN_POINT('Ctrl Pts',(3.0273102523833,3.0273102523833,-2.77883861383466));
#5449=CARTESIAN_POINT('Ctrl Pts',(2.94448637286709,2.94448637286709,-2.94448637286709));
#5450=CARTESIAN_POINT('Ctrl Pts',(2.94448637286709,-2.94448637286709,2.94448637286709));
#5451=CARTESIAN_POINT('Ctrl Pts',(3.0273102523833,-2.77883861383466,3.02731025238331));
#5452=CARTESIAN_POINT('Ctrl Pts',(3.10307259930939,-2.61895481424694,3.10307259930939));
#5453=CARTESIAN_POINT('Ctrl Pts',(3.24875340770089,-2.23048114994645,3.24875340770089));
#5454=CARTESIAN_POINT('Ctrl Pts',(3.3186718691663,-2.00189128523369,3.3186718691663));
#5455=CARTESIAN_POINT('Ctrl Pts',(3.51966142537152,-1.21306259340786,3.51966142537152));
#5456=CARTESIAN_POINT('Ctrl Pts',(3.69282774273126,-2.77555756156289E-16,
3.69282774273126));
#5457=CARTESIAN_POINT('Ctrl Pts',(3.51966142537152,1.21306259340786,3.51966142537152));
#5458=CARTESIAN_POINT('Ctrl Pts',(3.3186718691663,2.00189128523369,3.3186718691663));
#5459=CARTESIAN_POINT('Ctrl Pts',(3.24875340770089,2.23048114994645,3.24875340770089));
#5460=CARTESIAN_POINT('Ctrl Pts',(3.10307259930939,2.61895481424694,3.10307259930939));
#5461=CARTESIAN_POINT('Ctrl Pts',(3.0273102523833,2.77883861383467,3.02731025238331));
#5462=CARTESIAN_POINT('Ctrl Pts',(2.94448637286709,2.94448637286709,2.94448637286709));
#5463=CARTESIAN_POINT('Ctrl Pts',(-2.94448637286709,2.94448637286709,2.94448637286709));
#5464=CARTESIAN_POINT('Ctrl Pts',(-3.02731025238331,3.0273102523833,2.77883861383467));
#5465=CARTESIAN_POINT('Ctrl Pts',(-3.10307259930939,3.10307259930939,2.61895481424694));
#5466=CARTESIAN_POINT('Ctrl Pts',(-3.24875340770089,3.24875340770089,2.23048114994645));
#5467=CARTESIAN_POINT('Ctrl Pts',(-3.3186718691663,3.3186718691663,2.00189128523369));
#5468=CARTESIAN_POINT('Ctrl Pts',(-3.51966142537152,3.51966142537152,1.21306259340786));
#5469=CARTESIAN_POINT('Ctrl Pts',(-3.69282774273126,3.69282774273126,-4.16333634234434E-16));
#5470=CARTESIAN_POINT('Ctrl Pts',(-3.51966142537152,3.51966142537152,-1.21306259340786));
#5471=CARTESIAN_POINT('Ctrl Pts',(-3.3186718691663,3.3186718691663,-2.00189128523369));
#5472=CARTESIAN_POINT('Ctrl Pts',(-3.24875340770089,3.24875340770089,-2.23048114994645));
#5473=CARTESIAN_POINT('Ctrl Pts',(-3.10307259930939,3.10307259930939,-2.61895481424694));
#5474=CARTESIAN_POINT('Ctrl Pts',(-3.0273102523833,3.02731025238331,-2.77883861383466));
#5475=CARTESIAN_POINT('Ctrl Pts',(-2.94448637286709,2.94448637286709,-2.94448637286709));
#5476=CARTESIAN_POINT('Ctrl Pts',(-2.77883861383467,3.0273102523833,3.02731025238331));
#5477=CARTESIAN_POINT('Ctrl Pts',(-2.84133586697682,3.15357375322615,2.84133586697682));
#5478=CARTESIAN_POINT('Ctrl Pts',(-2.92008808781443,3.24494089897775,2.66909248622617));
#5479=CARTESIAN_POINT('Ctrl Pts',(-3.05063313635999,3.43942962140455,2.24508908868397));
#5480=CARTESIAN_POINT('Ctrl Pts',(-3.11395652431129,3.52338721402131,2.00189128523369));
#5481=CARTESIAN_POINT('Ctrl Pts',(-3.29093130407278,3.74839154667026,1.21306259340786));
#5482=CARTESIAN_POINT('Ctrl Pts',(-3.45057533431939,3.93508015114313,-2.77555756156289E-16));
#5483=CARTESIAN_POINT('Ctrl Pts',(-3.29093130407278,3.74839154667027,-1.21306259340786));
#5484=CARTESIAN_POINT('Ctrl Pts',(-3.11395652431129,3.52338721402131,-2.00189128523369));
#5485=CARTESIAN_POINT('Ctrl Pts',(-3.05063313635999,3.43942962140455,-2.24508908868397));
#5486=CARTESIAN_POINT('Ctrl Pts',(-2.92008808781443,3.24494089897775,-2.66909248622617));
#5487=CARTESIAN_POINT('Ctrl Pts',(-2.84133586697682,3.15357375322615,-2.84133586697682));
#5488=CARTESIAN_POINT('Ctrl Pts',(-2.77883861383466,3.0273102523833,-3.0273102523833));
#5489=CARTESIAN_POINT('Ctrl Pts',(-2.61895481424694,3.10307259930939,3.10307259930939));
#5490=CARTESIAN_POINT('Ctrl Pts',(-2.66909248622617,3.24494089897775,2.92008808781443));
#5491=CARTESIAN_POINT('Ctrl Pts',(-2.71940505399295,3.37387891926235,2.71940505399295));
#5492=CARTESIAN_POINT('Ctrl Pts',(-2.82831190094556,3.6038965430442,2.27042468658577));
#5493=CARTESIAN_POINT('Ctrl Pts',(-2.88605469075449,3.70357718484753,2.02216017291741));
#5494=CARTESIAN_POINT('Ctrl Pts',(-3.03798555871821,3.95290604391318,1.22050491646456));
#5495=CARTESIAN_POINT('Ctrl Pts',(-3.18376671210162,4.15277634574911,-4.16333634234434E-16));
#5496=CARTESIAN_POINT('Ctrl Pts',(-3.03798555871821,3.95290604391318,-1.22050491646456));
#5497=CARTESIAN_POINT('Ctrl Pts',(-2.88605469075449,3.70357718484753,-2.02216017291741));
#5498=CARTESIAN_POINT('Ctrl Pts',(-2.82831190094556,3.6038965430442,-2.27042468658577));
#5499=CARTESIAN_POINT('Ctrl Pts',(-2.71940505399295,3.37387891926235,-2.71940505399295));
#5500=CARTESIAN_POINT('Ctrl Pts',(-2.66909248622617,3.24494089897775,-2.92008808781443));
#5501=CARTESIAN_POINT('Ctrl Pts',(-2.61895481424694,3.10307259930939,-3.10307259930939));
#5502=CARTESIAN_POINT('Ctrl Pts',(-2.23048114994645,3.24875340770089,3.24875340770089));
#5503=CARTESIAN_POINT('Ctrl Pts',(-2.24508908868397,3.43942962140455,3.05063313635999));
#5504=CARTESIAN_POINT('Ctrl Pts',(-2.27042468658577,3.6038965430442,2.82831190094556));
#5505=CARTESIAN_POINT('Ctrl Pts',(-2.34121874148446,3.89109456787097,2.34121874148446));
#5506=CARTESIAN_POINT('Ctrl Pts',(-2.38294066204542,4.01175552656402,2.07865911333742));
#5507=CARTESIAN_POINT('Ctrl Pts',(-2.49577063192531,4.30912814918082,1.24283188563467));
#5508=CARTESIAN_POINT('Ctrl Pts',(-2.61331514695722,4.53333097010367,-2.77555756156289E-16));
#5509=CARTESIAN_POINT('Ctrl Pts',(-2.49577063192531,4.30912814918082,-1.24283188563467));
#5510=CARTESIAN_POINT('Ctrl Pts',(-2.38294066204542,4.01175552656402,-2.07865911333742));
#5511=CARTESIAN_POINT('Ctrl Pts',(-2.34121874148446,3.89109456787097,-2.34121874148446));
#5512=CARTESIAN_POINT('Ctrl Pts',(-2.27042468658577,3.6038965430442,-2.82831190094556));
#5513=CARTESIAN_POINT('Ctrl Pts',(-2.24508908868397,3.43942962140455,-3.05063313635999));
#5514=CARTESIAN_POINT('Ctrl Pts',(-2.23048114994645,3.24875340770089,-3.24875340770089));
#5515=CARTESIAN_POINT('Ctrl Pts',(-2.00189128523369,3.3186718691663,3.3186718691663));
#5516=CARTESIAN_POINT('Ctrl Pts',(-2.00189128523369,3.52338721402131,3.11395652431129));
#5517=CARTESIAN_POINT('Ctrl Pts',(-2.02216017291741,3.70357718484753,2.88605469075449));
#5518=CARTESIAN_POINT('Ctrl Pts',(-2.07865911333742,4.01175552656402,2.38294066204542));
#5519=CARTESIAN_POINT('Ctrl Pts',(-2.11201438756018,4.1410862630546,2.11201438756018));
#5520=CARTESIAN_POINT('Ctrl Pts',(-2.20650145048699,4.46083575720556,1.25771653174807));
#5521=CARTESIAN_POINT('Ctrl Pts',(-2.3096722040306,4.69618939985226,-5.55111512312578E-16));
#5522=CARTESIAN_POINT('Ctrl Pts',(-2.20650145048699,4.46083575720556,-1.25771653174807));
#5523=CARTESIAN_POINT('Ctrl Pts',(-2.11201438756017,4.1410862630546,-2.11201438756018));
#5524=CARTESIAN_POINT('Ctrl Pts',(-2.07865911333742,4.01175552656402,-2.38294066204542));
#5525=CARTESIAN_POINT('Ctrl Pts',(-2.02216017291741,3.70357718484753,-2.88605469075449));
#5526=CARTESIAN_POINT('Ctrl Pts',(-2.00189128523369,3.52338721402131,-3.11395652431129));
#5527=CARTESIAN_POINT('Ctrl Pts',(-2.00189128523369,3.3186718691663,-3.3186718691663));
#5528=CARTESIAN_POINT('Ctrl Pts',(-1.21306259340786,3.51966142537152,3.51966142537152));
#5529=CARTESIAN_POINT('Ctrl Pts',(-1.21306259340786,3.74839154667026,3.29093130407278));
#5530=CARTESIAN_POINT('Ctrl Pts',(-1.22050491646456,3.95290604391318,3.03798555871821));
#5531=CARTESIAN_POINT('Ctrl Pts',(-1.24283188563467,4.30912814918082,2.49577063192531));
#5532=CARTESIAN_POINT('Ctrl Pts',(-1.25771653174807,4.46083575720556,2.20650145048699));
#5533=CARTESIAN_POINT('Ctrl Pts',(-1.30237047008828,4.83018478579274,1.30237047008828));
#5534=CARTESIAN_POINT('Ctrl Pts',(-1.36190905454189,5.09392003594357,-2.77555756156289E-16));
#5535=CARTESIAN_POINT('Ctrl Pts',(-1.30237047008828,4.83018478579274,-1.30237047008828));
#5536=CARTESIAN_POINT('Ctrl Pts',(-1.25771653174807,4.46083575720556,-2.20650145048699));
#5537=CARTESIAN_POINT('Ctrl Pts',(-1.24283188563467,4.30912814918082,-2.49577063192531));
#5538=CARTESIAN_POINT('Ctrl Pts',(-1.22050491646456,3.95290604391318,-3.03798555871821));
#5539=CARTESIAN_POINT('Ctrl Pts',(-1.21306259340786,3.74839154667026,-3.29093130407278));
#5540=CARTESIAN_POINT('Ctrl Pts',(-1.21306259340786,3.51966142537152,-3.51966142537152));
#5541=CARTESIAN_POINT('Ctrl Pts',(-2.77555756156289E-16,3.69282774273126,
3.69282774273126));
#5542=CARTESIAN_POINT('Ctrl Pts',(-4.16333634234434E-16,3.93508015114313,
3.45057533431939));
#5543=CARTESIAN_POINT('Ctrl Pts',(-1.38777878078145E-16,4.15277634574911,
3.18376671210162));
#5544=CARTESIAN_POINT('Ctrl Pts',(2.77555756156289E-16,4.53333097010367,
2.61331514695722));
#5545=CARTESIAN_POINT('Ctrl Pts',(0.,4.69618939985226,2.3096722040306));
#5546=CARTESIAN_POINT('Ctrl Pts',(1.11022302462516E-15,5.09392003594357,
1.36190905454189));
#5547=CARTESIAN_POINT('Ctrl Pts',(2.77555756156289E-16,5.38197514232012,
0.));
#5548=CARTESIAN_POINT('Ctrl Pts',(8.32667268468867E-16,5.09392003594357,
-1.36190905454189));
#5549=CARTESIAN_POINT('Ctrl Pts',(8.32667268468867E-16,4.69618939985226,
-2.3096722040306));
#5550=CARTESIAN_POINT('Ctrl Pts',(8.32667268468867E-16,4.53333097010367,
-2.61331514695722));
#5551=CARTESIAN_POINT('Ctrl Pts',(6.93889390390723E-16,4.15277634574911,
-3.18376671210162));
#5552=CARTESIAN_POINT('Ctrl Pts',(4.16333634234434E-16,3.93508015114313,
-3.45057533431939));
#5553=CARTESIAN_POINT('Ctrl Pts',(4.16333634234434E-16,3.69282774273126,
-3.69282774273126));
#5554=CARTESIAN_POINT('Ctrl Pts',(1.21306259340786,3.51966142537152,3.51966142537152));
#5555=CARTESIAN_POINT('Ctrl Pts',(1.21306259340786,3.74839154667027,3.29093130407278));
#5556=CARTESIAN_POINT('Ctrl Pts',(1.22050491646456,3.95290604391318,3.03798555871821));
#5557=CARTESIAN_POINT('Ctrl Pts',(1.24283188563467,4.30912814918082,2.49577063192531));
#5558=CARTESIAN_POINT('Ctrl Pts',(1.25771653174807,4.46083575720556,2.20650145048699));
#5559=CARTESIAN_POINT('Ctrl Pts',(1.30237047008828,4.83018478579274,1.30237047008828));
#5560=CARTESIAN_POINT('Ctrl Pts',(1.36190905454189,5.09392003594357,0.));
#5561=CARTESIAN_POINT('Ctrl Pts',(1.30237047008828,4.83018478579274,-1.30237047008828));
#5562=CARTESIAN_POINT('Ctrl Pts',(1.25771653174807,4.46083575720556,-2.20650145048699));
#5563=CARTESIAN_POINT('Ctrl Pts',(1.24283188563467,4.30912814918082,-2.49577063192531));
#5564=CARTESIAN_POINT('Ctrl Pts',(1.22050491646456,3.95290604391318,-3.03798555871821));
#5565=CARTESIAN_POINT('Ctrl Pts',(1.21306259340786,3.74839154667027,-3.29093130407278));
#5566=CARTESIAN_POINT('Ctrl Pts',(1.21306259340786,3.51966142537152,-3.51966142537152));
#5567=CARTESIAN_POINT('Ctrl Pts',(2.00189128523369,3.3186718691663,3.3186718691663));
#5568=CARTESIAN_POINT('Ctrl Pts',(2.00189128523369,3.52338721402131,3.11395652431129));
#5569=CARTESIAN_POINT('Ctrl Pts',(2.02216017291741,3.70357718484753,2.88605469075449));
#5570=CARTESIAN_POINT('Ctrl Pts',(2.07865911333742,4.01175552656402,2.38294066204542));
#5571=CARTESIAN_POINT('Ctrl Pts',(2.11201438756017,4.1410862630546,2.11201438756017));
#5572=CARTESIAN_POINT('Ctrl Pts',(2.20650145048699,4.46083575720556,1.25771653174807));
#5573=CARTESIAN_POINT('Ctrl Pts',(2.3096722040306,4.69618939985226,0.));
#5574=CARTESIAN_POINT('Ctrl Pts',(2.20650145048699,4.46083575720556,-1.25771653174807));
#5575=CARTESIAN_POINT('Ctrl Pts',(2.11201438756018,4.1410862630546,-2.11201438756017));
#5576=CARTESIAN_POINT('Ctrl Pts',(2.07865911333742,4.01175552656402,-2.38294066204542));
#5577=CARTESIAN_POINT('Ctrl Pts',(2.02216017291741,3.70357718484753,-2.88605469075449));
#5578=CARTESIAN_POINT('Ctrl Pts',(2.00189128523369,3.52338721402131,-3.11395652431129));
#5579=CARTESIAN_POINT('Ctrl Pts',(2.00189128523369,3.3186718691663,-3.3186718691663));
#5580=CARTESIAN_POINT('Ctrl Pts',(2.23048114994645,3.24875340770089,3.24875340770089));
#5581=CARTESIAN_POINT('Ctrl Pts',(2.24508908868397,3.43942962140455,3.05063313635999));
#5582=CARTESIAN_POINT('Ctrl Pts',(2.27042468658577,3.6038965430442,2.82831190094556));
#5583=CARTESIAN_POINT('Ctrl Pts',(2.34121874148446,3.89109456787097,2.34121874148446));
#5584=CARTESIAN_POINT('Ctrl Pts',(2.38294066204542,4.01175552656402,2.07865911333742));
#5585=CARTESIAN_POINT('Ctrl Pts',(2.49577063192531,4.30912814918082,1.24283188563467));
#5586=CARTESIAN_POINT('Ctrl Pts',(2.61331514695722,4.53333097010367,-1.38777878078145E-16));
#5587=CARTESIAN_POINT('Ctrl Pts',(2.49577063192531,4.30912814918082,-1.24283188563467));
#5588=CARTESIAN_POINT('Ctrl Pts',(2.38294066204542,4.01175552656402,-2.07865911333742));
#5589=CARTESIAN_POINT('Ctrl Pts',(2.34121874148446,3.89109456787097,-2.34121874148446));
#5590=CARTESIAN_POINT('Ctrl Pts',(2.27042468658577,3.6038965430442,-2.82831190094556));
#5591=CARTESIAN_POINT('Ctrl Pts',(2.24508908868397,3.43942962140455,-3.05063313635999));
#5592=CARTESIAN_POINT('Ctrl Pts',(2.23048114994645,3.24875340770089,-3.24875340770089));
#5593=CARTESIAN_POINT('Ctrl Pts',(2.61895481424694,3.10307259930939,3.10307259930939));
#5594=CARTESIAN_POINT('Ctrl Pts',(2.66909248622617,3.24494089897775,2.92008808781443));
#5595=CARTESIAN_POINT('Ctrl Pts',(2.71940505399295,3.37387891926235,2.71940505399295));
#5596=CARTESIAN_POINT('Ctrl Pts',(2.82831190094556,3.6038965430442,2.27042468658577));
#5597=CARTESIAN_POINT('Ctrl Pts',(2.88605469075449,3.70357718484753,2.02216017291741));
#5598=CARTESIAN_POINT('Ctrl Pts',(3.03798555871821,3.95290604391318,1.22050491646456));
#5599=CARTESIAN_POINT('Ctrl Pts',(3.18376671210162,4.15277634574911,-4.16333634234434E-16));
#5600=CARTESIAN_POINT('Ctrl Pts',(3.03798555871821,3.95290604391318,-1.22050491646456));
#5601=CARTESIAN_POINT('Ctrl Pts',(2.88605469075449,3.70357718484753,-2.02216017291741));
#5602=CARTESIAN_POINT('Ctrl Pts',(2.82831190094556,3.6038965430442,-2.27042468658577));
#5603=CARTESIAN_POINT('Ctrl Pts',(2.71940505399295,3.37387891926235,-2.71940505399295));
#5604=CARTESIAN_POINT('Ctrl Pts',(2.66909248622617,3.24494089897775,-2.92008808781443));
#5605=CARTESIAN_POINT('Ctrl Pts',(2.61895481424694,3.10307259930939,-3.10307259930939));
#5606=CARTESIAN_POINT('Ctrl Pts',(2.77883861383466,3.0273102523833,3.0273102523833));
#5607=CARTESIAN_POINT('Ctrl Pts',(2.84133586697682,3.15357375322615,2.84133586697682));
#5608=CARTESIAN_POINT('Ctrl Pts',(2.92008808781443,3.24494089897775,2.66909248622617));
#5609=CARTESIAN_POINT('Ctrl Pts',(3.05063313635999,3.43942962140455,2.24508908868397));
#5610=CARTESIAN_POINT('Ctrl Pts',(3.11395652431129,3.52338721402131,2.00189128523369));
#5611=CARTESIAN_POINT('Ctrl Pts',(3.29093130407278,3.74839154667026,1.21306259340786));
#5612=CARTESIAN_POINT('Ctrl Pts',(3.45057533431939,3.93508015114313,-2.77555756156289E-16));
#5613=CARTESIAN_POINT('Ctrl Pts',(3.29093130407278,3.74839154667026,-1.21306259340786));
#5614=CARTESIAN_POINT('Ctrl Pts',(3.11395652431129,3.52338721402131,-2.00189128523369));
#5615=CARTESIAN_POINT('Ctrl Pts',(3.05063313635999,3.43942962140455,-2.24508908868397));
#5616=CARTESIAN_POINT('Ctrl Pts',(2.92008808781443,3.24494089897775,-2.66909248622617));
#5617=CARTESIAN_POINT('Ctrl Pts',(2.84133586697682,3.15357375322615,-2.84133586697682));
#5618=CARTESIAN_POINT('Ctrl Pts',(2.77883861383467,3.0273102523833,-3.02731025238331));
#5619=CARTESIAN_POINT('Ctrl Pts',(2.94448637286709,2.94448637286709,2.94448637286709));
#5620=CARTESIAN_POINT('Ctrl Pts',(3.0273102523833,3.0273102523833,2.77883861383466));
#5621=CARTESIAN_POINT('Ctrl Pts',(3.10307259930939,3.10307259930939,2.61895481424694));
#5622=CARTESIAN_POINT('Ctrl Pts',(3.24875340770089,3.24875340770089,2.23048114994645));
#5623=CARTESIAN_POINT('Ctrl Pts',(3.3186718691663,3.3186718691663,2.00189128523369));
#5624=CARTESIAN_POINT('Ctrl Pts',(3.51966142537152,3.51966142537152,1.21306259340786));
#5625=CARTESIAN_POINT('Ctrl Pts',(3.69282774273126,3.69282774273126,-1.38777878078145E-16));
#5626=CARTESIAN_POINT('Ctrl Pts',(3.51966142537152,3.51966142537152,-1.21306259340786));
#5627=CARTESIAN_POINT('Ctrl Pts',(3.3186718691663,3.3186718691663,-2.00189128523369));
#5628=CARTESIAN_POINT('Ctrl Pts',(3.24875340770089,3.24875340770089,-2.23048114994645));
#5629=CARTESIAN_POINT('Ctrl Pts',(3.10307259930939,3.10307259930939,-2.61895481424694));
#5630=CARTESIAN_POINT('Ctrl Pts',(3.0273102523833,3.0273102523833,-2.77883861383466));
#5631=CARTESIAN_POINT('Ctrl Pts',(2.94448637286709,2.94448637286709,-2.94448637286709));
#5632=CARTESIAN_POINT('',(-2.94448637286709,2.94448637286709,2.94448637286709));
#5633=CARTESIAN_POINT('Ctrl Pts',(2.94448637286709,2.94448637286709,2.94448637286709));
#5634=CARTESIAN_POINT('Ctrl Pts',(2.77883861383466,3.0273102523833,3.0273102523833));
#5635=CARTESIAN_POINT('Ctrl Pts',(2.61895481424694,3.10307259930939,3.10307259930939));
#5636=CARTESIAN_POINT('Ctrl Pts',(2.23048114994645,3.24875340770089,3.24875340770089));
#5637=CARTESIAN_POINT('Ctrl Pts',(2.00189128523369,3.3186718691663,3.3186718691663));
#5638=CARTESIAN_POINT('Ctrl Pts',(1.21306259340786,3.51966142537152,3.51966142537152));
#5639=CARTESIAN_POINT('Ctrl Pts',(-2.77555756156289E-16,3.69282774273126,
3.69282774273126));
#5640=CARTESIAN_POINT('Ctrl Pts',(-1.21306259340786,3.51966142537152,3.51966142537152));
#5641=CARTESIAN_POINT('Ctrl Pts',(-2.00189128523369,3.3186718691663,3.3186718691663));
#5642=CARTESIAN_POINT('Ctrl Pts',(-2.23048114994645,3.24875340770089,3.24875340770089));
#5643=CARTESIAN_POINT('Ctrl Pts',(-2.61895481424694,3.10307259930939,3.10307259930939));
#5644=CARTESIAN_POINT('Ctrl Pts',(-2.77883861383467,3.0273102523833,3.02731025238331));
#5645=CARTESIAN_POINT('Ctrl Pts',(-2.94448637286709,2.94448637286709,2.94448637286709));
#5646=CARTESIAN_POINT('Ctrl Pts',(-2.94448637286709,2.94448637286709,2.94448637286709));
#5647=CARTESIAN_POINT('Ctrl Pts',(-3.02731025238331,3.0273102523833,2.77883861383467));
#5648=CARTESIAN_POINT('Ctrl Pts',(-3.10307259930939,3.10307259930939,2.61895481424694));
#5649=CARTESIAN_POINT('Ctrl Pts',(-3.24875340770089,3.24875340770089,2.23048114994645));
#5650=CARTESIAN_POINT('Ctrl Pts',(-3.3186718691663,3.3186718691663,2.00189128523369));
#5651=CARTESIAN_POINT('Ctrl Pts',(-3.51966142537152,3.51966142537152,1.21306259340786));
#5652=CARTESIAN_POINT('Ctrl Pts',(-3.69282774273126,3.69282774273126,-2.77555756156289E-16));
#5653=CARTESIAN_POINT('Ctrl Pts',(-3.51966142537152,3.51966142537152,-1.21306259340786));
#5654=CARTESIAN_POINT('Ctrl Pts',(-3.3186718691663,3.3186718691663,-2.00189128523369));
#5655=CARTESIAN_POINT('Ctrl Pts',(-3.24875340770089,3.24875340770089,-2.23048114994645));
#5656=CARTESIAN_POINT('Ctrl Pts',(-3.10307259930939,3.10307259930939,-2.61895481424694));
#5657=CARTESIAN_POINT('Ctrl Pts',(-3.0273102523833,3.02731025238331,-2.77883861383466));
#5658=CARTESIAN_POINT('Ctrl Pts',(-2.94448637286709,2.94448637286709,-2.94448637286709));
#5659=CARTESIAN_POINT('Ctrl Pts',(-2.94448637286709,-2.94448637286709,2.94448637286709));
#5660=CARTESIAN_POINT('Ctrl Pts',(-3.02731025238331,-2.77883861383466,3.0273102523833));
#5661=CARTESIAN_POINT('Ctrl Pts',(-3.10307259930939,-2.61895481424694,3.10307259930939));
#5662=CARTESIAN_POINT('Ctrl Pts',(-3.24875340770089,-2.23048114994645,3.24875340770089));
#5663=CARTESIAN_POINT('Ctrl Pts',(-3.3186718691663,-2.00189128523369,3.3186718691663));
#5664=CARTESIAN_POINT('Ctrl Pts',(-3.51966142537152,-1.21306259340786,3.51966142537152));
#5665=CARTESIAN_POINT('Ctrl Pts',(-3.69282774273126,0.,3.69282774273126));
#5666=CARTESIAN_POINT('Ctrl Pts',(-3.51966142537152,1.21306259340786,3.51966142537152));
#5667=CARTESIAN_POINT('Ctrl Pts',(-3.3186718691663,2.00189128523369,3.3186718691663));
#5668=CARTESIAN_POINT('Ctrl Pts',(-3.24875340770089,2.23048114994645,3.24875340770089));
#5669=CARTESIAN_POINT('Ctrl Pts',(-3.10307259930939,2.61895481424694,3.10307259930939));
#5670=CARTESIAN_POINT('Ctrl Pts',(-3.0273102523833,2.77883861383466,3.0273102523833));
#5671=CARTESIAN_POINT('Ctrl Pts',(-2.94448637286709,2.94448637286709,2.94448637286709));
#5672=CARTESIAN_POINT('Ctrl Pts',(-2.77883861383467,-3.02731025238331,3.0273102523833));
#5673=CARTESIAN_POINT('Ctrl Pts',(-2.84133586697682,-2.84133586697682,3.15357375322615));
#5674=CARTESIAN_POINT('Ctrl Pts',(-2.92008808781443,-2.66909248622617,3.24494089897775));
#5675=CARTESIAN_POINT('Ctrl Pts',(-3.05063313635999,-2.24508908868397,3.43942962140455));
#5676=CARTESIAN_POINT('Ctrl Pts',(-3.11395652431129,-2.00189128523369,3.52338721402131));
#5677=CARTESIAN_POINT('Ctrl Pts',(-3.29093130407278,-1.21306259340786,3.74839154667027));
#5678=CARTESIAN_POINT('Ctrl Pts',(-3.45057533431939,0.,3.93508015114314));
#5679=CARTESIAN_POINT('Ctrl Pts',(-3.29093130407278,1.21306259340786,3.74839154667026));
#5680=CARTESIAN_POINT('Ctrl Pts',(-3.11395652431129,2.00189128523369,3.52338721402131));
#5681=CARTESIAN_POINT('Ctrl Pts',(-3.05063313635999,2.24508908868397,3.43942962140455));
#5682=CARTESIAN_POINT('Ctrl Pts',(-2.92008808781443,2.66909248622617,3.24494089897775));
#5683=CARTESIAN_POINT('Ctrl Pts',(-2.84133586697682,2.84133586697682,3.15357375322616));
#5684=CARTESIAN_POINT('Ctrl Pts',(-2.77883861383467,3.0273102523833,3.02731025238331));
#5685=CARTESIAN_POINT('Ctrl Pts',(-2.61895481424694,-3.10307259930939,3.10307259930939));
#5686=CARTESIAN_POINT('Ctrl Pts',(-2.66909248622617,-2.92008808781443,3.24494089897775));
#5687=CARTESIAN_POINT('Ctrl Pts',(-2.71940505399295,-2.71940505399295,3.37387891926235));
#5688=CARTESIAN_POINT('Ctrl Pts',(-2.82831190094556,-2.27042468658577,3.6038965430442));
#5689=CARTESIAN_POINT('Ctrl Pts',(-2.88605469075449,-2.02216017291741,3.70357718484753));
#5690=CARTESIAN_POINT('Ctrl Pts',(-3.03798555871821,-1.22050491646456,3.95290604391318));
#5691=CARTESIAN_POINT('Ctrl Pts',(-3.18376671210162,-4.16333634234434E-16,
4.15277634574911));
#5692=CARTESIAN_POINT('Ctrl Pts',(-3.03798555871821,1.22050491646456,3.95290604391318));
#5693=CARTESIAN_POINT('Ctrl Pts',(-2.88605469075449,2.02216017291741,3.70357718484753));
#5694=CARTESIAN_POINT('Ctrl Pts',(-2.82831190094556,2.27042468658577,3.6038965430442));
#5695=CARTESIAN_POINT('Ctrl Pts',(-2.71940505399295,2.71940505399295,3.37387891926235));
#5696=CARTESIAN_POINT('Ctrl Pts',(-2.66909248622617,2.92008808781443,3.24494089897775));
#5697=CARTESIAN_POINT('Ctrl Pts',(-2.61895481424694,3.10307259930939,3.10307259930939));
#5698=CARTESIAN_POINT('Ctrl Pts',(-2.23048114994645,-3.24875340770089,3.24875340770089));
#5699=CARTESIAN_POINT('Ctrl Pts',(-2.24508908868397,-3.05063313635999,3.43942962140455));
#5700=CARTESIAN_POINT('Ctrl Pts',(-2.27042468658577,-2.82831190094556,3.6038965430442));
#5701=CARTESIAN_POINT('Ctrl Pts',(-2.34121874148446,-2.34121874148446,3.89109456787097));
#5702=CARTESIAN_POINT('Ctrl Pts',(-2.38294066204542,-2.07865911333742,4.01175552656402));
#5703=CARTESIAN_POINT('Ctrl Pts',(-2.49577063192531,-1.24283188563467,4.30912814918082));
#5704=CARTESIAN_POINT('Ctrl Pts',(-2.61331514695722,-5.55111512312578E-16,
4.53333097010367));
#5705=CARTESIAN_POINT('Ctrl Pts',(-2.49577063192531,1.24283188563467,4.30912814918082));
#5706=CARTESIAN_POINT('Ctrl Pts',(-2.38294066204542,2.07865911333742,4.01175552656402));
#5707=CARTESIAN_POINT('Ctrl Pts',(-2.34121874148446,2.34121874148446,3.89109456787097));
#5708=CARTESIAN_POINT('Ctrl Pts',(-2.27042468658577,2.82831190094556,3.6038965430442));
#5709=CARTESIAN_POINT('Ctrl Pts',(-2.24508908868397,3.05063313635999,3.43942962140455));
#5710=CARTESIAN_POINT('Ctrl Pts',(-2.23048114994645,3.24875340770089,3.24875340770089));
#5711=CARTESIAN_POINT('Ctrl Pts',(-2.00189128523369,-3.3186718691663,3.3186718691663));
#5712=CARTESIAN_POINT('Ctrl Pts',(-2.00189128523369,-3.11395652431129,3.52338721402131));
#5713=CARTESIAN_POINT('Ctrl Pts',(-2.02216017291741,-2.88605469075449,3.70357718484753));
#5714=CARTESIAN_POINT('Ctrl Pts',(-2.07865911333742,-2.38294066204542,4.01175552656402));
#5715=CARTESIAN_POINT('Ctrl Pts',(-2.11201438756018,-2.11201438756018,4.1410862630546));
#5716=CARTESIAN_POINT('Ctrl Pts',(-2.20650145048699,-1.25771653174807,4.46083575720556));
#5717=CARTESIAN_POINT('Ctrl Pts',(-2.3096722040306,0.,4.69618939985225));
#5718=CARTESIAN_POINT('Ctrl Pts',(-2.20650145048699,1.25771653174807,4.46083575720556));
#5719=CARTESIAN_POINT('Ctrl Pts',(-2.11201438756017,2.11201438756017,4.1410862630546));
#5720=CARTESIAN_POINT('Ctrl Pts',(-2.07865911333742,2.38294066204542,4.01175552656402));
#5721=CARTESIAN_POINT('Ctrl Pts',(-2.02216017291741,2.88605469075449,3.70357718484753));
#5722=CARTESIAN_POINT('Ctrl Pts',(-2.00189128523369,3.11395652431129,3.52338721402131));
#5723=CARTESIAN_POINT('Ctrl Pts',(-2.00189128523369,3.3186718691663,3.3186718691663));
#5724=CARTESIAN_POINT('Ctrl Pts',(-1.21306259340786,-3.51966142537152,3.51966142537152));
#5725=CARTESIAN_POINT('Ctrl Pts',(-1.21306259340786,-3.29093130407278,3.74839154667027));
#5726=CARTESIAN_POINT('Ctrl Pts',(-1.22050491646456,-3.03798555871821,3.95290604391318));
#5727=CARTESIAN_POINT('Ctrl Pts',(-1.24283188563467,-2.49577063192531,4.30912814918082));
#5728=CARTESIAN_POINT('Ctrl Pts',(-1.25771653174807,-2.20650145048699,4.46083575720556));
#5729=CARTESIAN_POINT('Ctrl Pts',(-1.30237047008828,-1.30237047008828,4.83018478579274));
#5730=CARTESIAN_POINT('Ctrl Pts',(-1.36190905454189,-2.77555756156289E-16,
5.09392003594357));
#5731=CARTESIAN_POINT('Ctrl Pts',(-1.30237047008828,1.30237047008828,4.83018478579274));
#5732=CARTESIAN_POINT('Ctrl Pts',(-1.25771653174807,2.20650145048699,4.46083575720556));
#5733=CARTESIAN_POINT('Ctrl Pts',(-1.24283188563467,2.49577063192531,4.30912814918082));
#5734=CARTESIAN_POINT('Ctrl Pts',(-1.22050491646456,3.03798555871821,3.95290604391318));
#5735=CARTESIAN_POINT('Ctrl Pts',(-1.21306259340786,3.29093130407278,3.74839154667027));
#5736=CARTESIAN_POINT('Ctrl Pts',(-1.21306259340786,3.51966142537152,3.51966142537152));
#5737=CARTESIAN_POINT('Ctrl Pts',(-1.38777878078145E-16,-3.69282774273126,
3.69282774273126));
#5738=CARTESIAN_POINT('Ctrl Pts',(-2.77555756156289E-16,-3.45057533431939,
3.93508015114313));
#5739=CARTESIAN_POINT('Ctrl Pts',(0.,-3.18376671210162,4.15277634574911));
#5740=CARTESIAN_POINT('Ctrl Pts',(-2.77555756156289E-16,-2.61331514695722,
4.53333097010367));
#5741=CARTESIAN_POINT('Ctrl Pts',(-5.55111512312578E-16,-2.3096722040306,
4.69618939985226));
#5742=CARTESIAN_POINT('Ctrl Pts',(-8.32667268468867E-16,-1.36190905454189,
5.09392003594357));
#5743=CARTESIAN_POINT('Ctrl Pts',(-8.32667268468867E-16,-5.55111512312578E-16,
5.38197514232012));
#5744=CARTESIAN_POINT('Ctrl Pts',(-8.32667268468867E-16,1.36190905454189,
5.09392003594357));
#5745=CARTESIAN_POINT('Ctrl Pts',(-2.77555756156289E-16,2.3096722040306,
4.69618939985226));
#5746=CARTESIAN_POINT('Ctrl Pts',(-2.77555756156289E-16,2.61331514695722,
4.53333097010367));
#5747=CARTESIAN_POINT('Ctrl Pts',(-5.55111512312578E-16,3.18376671210162,
4.15277634574911));
#5748=CARTESIAN_POINT('Ctrl Pts',(-4.16333634234434E-16,3.45057533431939,
3.93508015114314));
#5749=CARTESIAN_POINT('Ctrl Pts',(-2.77555756156289E-16,3.69282774273126,
3.69282774273126));
#5750=CARTESIAN_POINT('Ctrl Pts',(1.21306259340786,-3.51966142537152,3.51966142537152));
#5751=CARTESIAN_POINT('Ctrl Pts',(1.21306259340786,-3.29093130407278,3.74839154667027));
#5752=CARTESIAN_POINT('Ctrl Pts',(1.22050491646456,-3.03798555871821,3.95290604391318));
#5753=CARTESIAN_POINT('Ctrl Pts',(1.24283188563467,-2.49577063192531,4.30912814918082));
#5754=CARTESIAN_POINT('Ctrl Pts',(1.25771653174807,-2.20650145048699,4.46083575720556));
#5755=CARTESIAN_POINT('Ctrl Pts',(1.30237047008828,-1.30237047008828,4.83018478579274));
#5756=CARTESIAN_POINT('Ctrl Pts',(1.36190905454189,0.,5.09392003594357));
#5757=CARTESIAN_POINT('Ctrl Pts',(1.30237047008828,1.30237047008828,4.83018478579274));
#5758=CARTESIAN_POINT('Ctrl Pts',(1.25771653174807,2.20650145048699,4.46083575720556));
#5759=CARTESIAN_POINT('Ctrl Pts',(1.24283188563467,2.49577063192531,4.30912814918082));
#5760=CARTESIAN_POINT('Ctrl Pts',(1.22050491646456,3.03798555871821,3.95290604391318));
#5761=CARTESIAN_POINT('Ctrl Pts',(1.21306259340786,3.29093130407278,3.74839154667026));
#5762=CARTESIAN_POINT('Ctrl Pts',(1.21306259340786,3.51966142537152,3.51966142537152));
#5763=CARTESIAN_POINT('Ctrl Pts',(2.00189128523369,-3.3186718691663,3.3186718691663));
#5764=CARTESIAN_POINT('Ctrl Pts',(2.00189128523369,-3.11395652431129,3.52338721402131));
#5765=CARTESIAN_POINT('Ctrl Pts',(2.02216017291741,-2.88605469075449,3.70357718484753));
#5766=CARTESIAN_POINT('Ctrl Pts',(2.07865911333742,-2.38294066204542,4.01175552656402));
#5767=CARTESIAN_POINT('Ctrl Pts',(2.11201438756017,-2.11201438756018,4.1410862630546));
#5768=CARTESIAN_POINT('Ctrl Pts',(2.20650145048699,-1.25771653174807,4.46083575720556));
#5769=CARTESIAN_POINT('Ctrl Pts',(2.3096722040306,-2.77555756156289E-16,
4.69618939985226));
#5770=CARTESIAN_POINT('Ctrl Pts',(2.20650145048699,1.25771653174807,4.46083575720556));
#5771=CARTESIAN_POINT('Ctrl Pts',(2.11201438756017,2.11201438756017,4.1410862630546));
#5772=CARTESIAN_POINT('Ctrl Pts',(2.07865911333742,2.38294066204542,4.01175552656402));
#5773=CARTESIAN_POINT('Ctrl Pts',(2.02216017291741,2.88605469075449,3.70357718484753));
#5774=CARTESIAN_POINT('Ctrl Pts',(2.00189128523369,3.11395652431129,3.52338721402131));
#5775=CARTESIAN_POINT('Ctrl Pts',(2.00189128523369,3.3186718691663,3.3186718691663));
#5776=CARTESIAN_POINT('Ctrl Pts',(2.23048114994645,-3.24875340770089,3.24875340770089));
#5777=CARTESIAN_POINT('Ctrl Pts',(2.24508908868397,-3.05063313635999,3.43942962140455));
#5778=CARTESIAN_POINT('Ctrl Pts',(2.27042468658577,-2.82831190094556,3.6038965430442));
#5779=CARTESIAN_POINT('Ctrl Pts',(2.34121874148446,-2.34121874148446,3.89109456787097));
#5780=CARTESIAN_POINT('Ctrl Pts',(2.38294066204542,-2.07865911333742,4.01175552656402));
#5781=CARTESIAN_POINT('Ctrl Pts',(2.49577063192531,-1.24283188563467,4.30912814918082));
#5782=CARTESIAN_POINT('Ctrl Pts',(2.61331514695722,-8.32667268468867E-16,
4.53333097010367));
#5783=CARTESIAN_POINT('Ctrl Pts',(2.49577063192531,1.24283188563467,4.30912814918082));
#5784=CARTESIAN_POINT('Ctrl Pts',(2.38294066204542,2.07865911333742,4.01175552656402));
#5785=CARTESIAN_POINT('Ctrl Pts',(2.34121874148446,2.34121874148446,3.89109456787097));
#5786=CARTESIAN_POINT('Ctrl Pts',(2.27042468658577,2.82831190094556,3.6038965430442));
#5787=CARTESIAN_POINT('Ctrl Pts',(2.24508908868397,3.05063313635999,3.43942962140455));
#5788=CARTESIAN_POINT('Ctrl Pts',(2.23048114994645,3.24875340770089,3.24875340770089));
#5789=CARTESIAN_POINT('Ctrl Pts',(2.61895481424694,-3.10307259930939,3.10307259930939));
#5790=CARTESIAN_POINT('Ctrl Pts',(2.66909248622617,-2.92008808781443,3.24494089897775));
#5791=CARTESIAN_POINT('Ctrl Pts',(2.71940505399295,-2.71940505399295,3.37387891926235));
#5792=CARTESIAN_POINT('Ctrl Pts',(2.82831190094556,-2.27042468658577,3.6038965430442));
#5793=CARTESIAN_POINT('Ctrl Pts',(2.88605469075449,-2.02216017291741,3.70357718484753));
#5794=CARTESIAN_POINT('Ctrl Pts',(3.03798555871821,-1.22050491646456,3.95290604391318));
#5795=CARTESIAN_POINT('Ctrl Pts',(3.18376671210162,-5.55111512312578E-16,
4.15277634574911));
#5796=CARTESIAN_POINT('Ctrl Pts',(3.03798555871821,1.22050491646456,3.95290604391318));
#5797=CARTESIAN_POINT('Ctrl Pts',(2.88605469075449,2.02216017291741,3.70357718484753));
#5798=CARTESIAN_POINT('Ctrl Pts',(2.82831190094556,2.27042468658577,3.6038965430442));
#5799=CARTESIAN_POINT('Ctrl Pts',(2.71940505399295,2.71940505399295,3.37387891926235));
#5800=CARTESIAN_POINT('Ctrl Pts',(2.66909248622617,2.92008808781443,3.24494089897775));
#5801=CARTESIAN_POINT('Ctrl Pts',(2.61895481424694,3.10307259930939,3.10307259930939));
#5802=CARTESIAN_POINT('Ctrl Pts',(2.77883861383466,-3.0273102523833,3.0273102523833));
#5803=CARTESIAN_POINT('Ctrl Pts',(2.84133586697682,-2.84133586697682,3.15357375322615));
#5804=CARTESIAN_POINT('Ctrl Pts',(2.92008808781443,-2.66909248622617,3.24494089897775));
#5805=CARTESIAN_POINT('Ctrl Pts',(3.05063313635999,-2.24508908868397,3.43942962140456));
#5806=CARTESIAN_POINT('Ctrl Pts',(3.11395652431129,-2.00189128523369,3.52338721402131));
#5807=CARTESIAN_POINT('Ctrl Pts',(3.29093130407278,-1.21306259340786,3.74839154667027));
#5808=CARTESIAN_POINT('Ctrl Pts',(3.45057533431939,-1.38777878078145E-16,
3.93508015114314));
#5809=CARTESIAN_POINT('Ctrl Pts',(3.29093130407278,1.21306259340786,3.74839154667026));
#5810=CARTESIAN_POINT('Ctrl Pts',(3.11395652431129,2.00189128523369,3.52338721402131));
#5811=CARTESIAN_POINT('Ctrl Pts',(3.05063313635999,2.24508908868397,3.43942962140455));
#5812=CARTESIAN_POINT('Ctrl Pts',(2.92008808781443,2.66909248622617,3.24494089897775));
#5813=CARTESIAN_POINT('Ctrl Pts',(2.84133586697682,2.84133586697682,3.15357375322615));
#5814=CARTESIAN_POINT('Ctrl Pts',(2.77883861383466,3.0273102523833,3.0273102523833));
#5815=CARTESIAN_POINT('Ctrl Pts',(2.94448637286709,-2.94448637286709,2.94448637286709));
#5816=CARTESIAN_POINT('Ctrl Pts',(3.0273102523833,-2.77883861383466,3.02731025238331));
#5817=CARTESIAN_POINT('Ctrl Pts',(3.10307259930939,-2.61895481424694,3.10307259930939));
#5818=CARTESIAN_POINT('Ctrl Pts',(3.24875340770089,-2.23048114994645,3.24875340770089));
#5819=CARTESIAN_POINT('Ctrl Pts',(3.3186718691663,-2.00189128523369,3.3186718691663));
#5820=CARTESIAN_POINT('Ctrl Pts',(3.51966142537152,-1.21306259340786,3.51966142537152));
#5821=CARTESIAN_POINT('Ctrl Pts',(3.69282774273126,-2.77555756156289E-16,
3.69282774273126));
#5822=CARTESIAN_POINT('Ctrl Pts',(3.51966142537152,1.21306259340786,3.51966142537152));
#5823=CARTESIAN_POINT('Ctrl Pts',(3.3186718691663,2.00189128523369,3.3186718691663));
#5824=CARTESIAN_POINT('Ctrl Pts',(3.24875340770089,2.23048114994645,3.24875340770089));
#5825=CARTESIAN_POINT('Ctrl Pts',(3.10307259930939,2.61895481424694,3.10307259930939));
#5826=CARTESIAN_POINT('Ctrl Pts',(3.0273102523833,2.77883861383467,3.02731025238331));
#5827=CARTESIAN_POINT('Ctrl Pts',(2.94448637286709,2.94448637286709,2.94448637286709));
#5828=CARTESIAN_POINT('',(-2.94448637286709,-2.94448637286709,2.94448637286709));
#5829=CARTESIAN_POINT('Ctrl Pts',(2.94448637286709,-2.94448637286709,2.94448637286709));
#5830=CARTESIAN_POINT('Ctrl Pts',(2.77883861383466,-3.0273102523833,3.0273102523833));
#5831=CARTESIAN_POINT('Ctrl Pts',(2.61895481424694,-3.10307259930939,3.10307259930939));
#5832=CARTESIAN_POINT('Ctrl Pts',(2.23048114994645,-3.24875340770089,3.24875340770089));
#5833=CARTESIAN_POINT('Ctrl Pts',(2.00189128523369,-3.3186718691663,3.3186718691663));
#5834=CARTESIAN_POINT('Ctrl Pts',(1.21306259340786,-3.51966142537152,3.51966142537152));
#5835=CARTESIAN_POINT('Ctrl Pts',(-1.38777878078145E-16,-3.69282774273126,
3.69282774273126));
#5836=CARTESIAN_POINT('Ctrl Pts',(-1.21306259340786,-3.51966142537152,3.51966142537152));
#5837=CARTESIAN_POINT('Ctrl Pts',(-2.00189128523369,-3.3186718691663,3.3186718691663));
#5838=CARTESIAN_POINT('Ctrl Pts',(-2.23048114994645,-3.24875340770089,3.24875340770089));
#5839=CARTESIAN_POINT('Ctrl Pts',(-2.61895481424694,-3.10307259930939,3.10307259930939));
#5840=CARTESIAN_POINT('Ctrl Pts',(-2.77883861383467,-3.02731025238331,3.0273102523833));
#5841=CARTESIAN_POINT('Ctrl Pts',(-2.94448637286709,-2.94448637286709,2.94448637286709));
#5842=CARTESIAN_POINT('Ctrl Pts',(-2.94448637286709,-2.94448637286709,2.94448637286709));
#5843=CARTESIAN_POINT('Ctrl Pts',(-3.02731025238331,-2.77883861383466,3.0273102523833));
#5844=CARTESIAN_POINT('Ctrl Pts',(-3.10307259930939,-2.61895481424694,3.10307259930939));
#5845=CARTESIAN_POINT('Ctrl Pts',(-3.24875340770089,-2.23048114994645,3.24875340770089));
#5846=CARTESIAN_POINT('Ctrl Pts',(-3.3186718691663,-2.00189128523369,3.3186718691663));
#5847=CARTESIAN_POINT('Ctrl Pts',(-3.51966142537152,-1.21306259340786,3.51966142537152));
#5848=CARTESIAN_POINT('Ctrl Pts',(-3.69282774273126,0.,3.69282774273126));
#5849=CARTESIAN_POINT('Ctrl Pts',(-3.51966142537152,1.21306259340786,3.51966142537152));
#5850=CARTESIAN_POINT('Ctrl Pts',(-3.3186718691663,2.00189128523369,3.3186718691663));
#5851=CARTESIAN_POINT('Ctrl Pts',(-3.24875340770089,2.23048114994645,3.24875340770089));
#5852=CARTESIAN_POINT('Ctrl Pts',(-3.10307259930939,2.61895481424694,3.10307259930939));
#5853=CARTESIAN_POINT('Ctrl Pts',(-3.0273102523833,2.77883861383466,3.0273102523833));
#5854=CARTESIAN_POINT('Ctrl Pts',(-2.94448637286709,2.94448637286709,2.94448637286709));
#5855=CARTESIAN_POINT('Ctrl Pts',(-2.94448637286709,-2.94448637286709,-2.94448637286709));
#5856=CARTESIAN_POINT('Ctrl Pts',(-3.02731025238331,-2.77883861383466,-3.0273102523833));
#5857=CARTESIAN_POINT('Ctrl Pts',(-3.10307259930939,-2.61895481424694,-3.10307259930939));
#5858=CARTESIAN_POINT('Ctrl Pts',(-3.24875340770089,-2.23048114994645,-3.24875340770089));
#5859=CARTESIAN_POINT('Ctrl Pts',(-3.3186718691663,-2.00189128523369,-3.3186718691663));
#5860=CARTESIAN_POINT('Ctrl Pts',(-3.51966142537152,-1.21306259340786,-3.51966142537152));
#5861=CARTESIAN_POINT('Ctrl Pts',(-3.69282774273126,5.55111512312578E-16,
-3.69282774273126));
#5862=CARTESIAN_POINT('Ctrl Pts',(-3.51966142537152,1.21306259340786,-3.51966142537152));
#5863=CARTESIAN_POINT('Ctrl Pts',(-3.3186718691663,2.00189128523369,-3.3186718691663));
#5864=CARTESIAN_POINT('Ctrl Pts',(-3.24875340770089,2.23048114994645,-3.24875340770089));
#5865=CARTESIAN_POINT('Ctrl Pts',(-3.10307259930939,2.61895481424694,-3.10307259930939));
#5866=CARTESIAN_POINT('Ctrl Pts',(-3.0273102523833,2.77883861383467,-3.02731025238331));
#5867=CARTESIAN_POINT('Ctrl Pts',(-2.94448637286709,2.94448637286709,-2.94448637286709));
#5868=CARTESIAN_POINT('Ctrl Pts',(-3.02731025238331,-3.02731025238331,-2.77883861383467));
#5869=CARTESIAN_POINT('Ctrl Pts',(-3.15357375322615,-2.84133586697682,-2.84133586697682));
#5870=CARTESIAN_POINT('Ctrl Pts',(-3.24494089897775,-2.66909248622617,-2.92008808781443));
#5871=CARTESIAN_POINT('Ctrl Pts',(-3.43942962140455,-2.24508908868397,-3.05063313635999));
#5872=CARTESIAN_POINT('Ctrl Pts',(-3.52338721402131,-2.00189128523369,-3.11395652431129));
#5873=CARTESIAN_POINT('Ctrl Pts',(-3.74839154667026,-1.21306259340786,-3.29093130407278));
#5874=CARTESIAN_POINT('Ctrl Pts',(-3.93508015114313,5.55111512312578E-16,
-3.45057533431939));
#5875=CARTESIAN_POINT('Ctrl Pts',(-3.74839154667027,1.21306259340786,-3.29093130407278));
#5876=CARTESIAN_POINT('Ctrl Pts',(-3.52338721402131,2.00189128523369,-3.11395652431129));
#5877=CARTESIAN_POINT('Ctrl Pts',(-3.43942962140455,2.24508908868397,-3.05063313635999));
#5878=CARTESIAN_POINT('Ctrl Pts',(-3.24494089897775,2.66909248622617,-2.92008808781443));
#5879=CARTESIAN_POINT('Ctrl Pts',(-3.15357375322615,2.84133586697682,-2.84133586697682));
#5880=CARTESIAN_POINT('Ctrl Pts',(-3.0273102523833,3.02731025238331,-2.77883861383466));
#5881=CARTESIAN_POINT('Ctrl Pts',(-3.10307259930939,-3.10307259930939,-2.61895481424694));
#5882=CARTESIAN_POINT('Ctrl Pts',(-3.24494089897775,-2.92008808781443,-2.66909248622617));
#5883=CARTESIAN_POINT('Ctrl Pts',(-3.37387891926235,-2.71940505399295,-2.71940505399295));
#5884=CARTESIAN_POINT('Ctrl Pts',(-3.6038965430442,-2.27042468658577,-2.82831190094556));
#5885=CARTESIAN_POINT('Ctrl Pts',(-3.70357718484753,-2.02216017291741,-2.88605469075449));
#5886=CARTESIAN_POINT('Ctrl Pts',(-3.95290604391318,-1.22050491646456,-3.03798555871821));
#5887=CARTESIAN_POINT('Ctrl Pts',(-4.15277634574911,2.77555756156289E-16,
-3.18376671210162));
#5888=CARTESIAN_POINT('Ctrl Pts',(-3.95290604391318,1.22050491646456,-3.03798555871821));
#5889=CARTESIAN_POINT('Ctrl Pts',(-3.70357718484753,2.02216017291741,-2.88605469075449));
#5890=CARTESIAN_POINT('Ctrl Pts',(-3.6038965430442,2.27042468658577,-2.82831190094556));
#5891=CARTESIAN_POINT('Ctrl Pts',(-3.37387891926235,2.71940505399295,-2.71940505399295));
#5892=CARTESIAN_POINT('Ctrl Pts',(-3.24494089897775,2.92008808781443,-2.66909248622617));
#5893=CARTESIAN_POINT('Ctrl Pts',(-3.10307259930939,3.10307259930939,-2.61895481424694));
#5894=CARTESIAN_POINT('Ctrl Pts',(-3.24875340770089,-3.24875340770089,-2.23048114994645));
#5895=CARTESIAN_POINT('Ctrl Pts',(-3.43942962140455,-3.05063313635999,-2.24508908868397));
#5896=CARTESIAN_POINT('Ctrl Pts',(-3.6038965430442,-2.82831190094556,-2.27042468658577));
#5897=CARTESIAN_POINT('Ctrl Pts',(-3.89109456787097,-2.34121874148446,-2.34121874148446));
#5898=CARTESIAN_POINT('Ctrl Pts',(-4.01175552656402,-2.07865911333742,-2.38294066204542));
#5899=CARTESIAN_POINT('Ctrl Pts',(-4.30912814918082,-1.24283188563467,-2.49577063192531));
#5900=CARTESIAN_POINT('Ctrl Pts',(-4.53333097010367,2.77555756156289E-16,
-2.61331514695722));
#5901=CARTESIAN_POINT('Ctrl Pts',(-4.30912814918082,1.24283188563467,-2.49577063192531));
#5902=CARTESIAN_POINT('Ctrl Pts',(-4.01175552656402,2.07865911333742,-2.38294066204542));
#5903=CARTESIAN_POINT('Ctrl Pts',(-3.89109456787097,2.34121874148446,-2.34121874148446));
#5904=CARTESIAN_POINT('Ctrl Pts',(-3.6038965430442,2.82831190094556,-2.27042468658577));
#5905=CARTESIAN_POINT('Ctrl Pts',(-3.43942962140455,3.05063313635999,-2.24508908868397));
#5906=CARTESIAN_POINT('Ctrl Pts',(-3.24875340770089,3.24875340770089,-2.23048114994645));
#5907=CARTESIAN_POINT('Ctrl Pts',(-3.3186718691663,-3.3186718691663,-2.00189128523369));
#5908=CARTESIAN_POINT('Ctrl Pts',(-3.52338721402131,-3.11395652431129,-2.00189128523369));
#5909=CARTESIAN_POINT('Ctrl Pts',(-3.70357718484753,-2.88605469075449,-2.02216017291741));
#5910=CARTESIAN_POINT('Ctrl Pts',(-4.01175552656402,-2.38294066204542,-2.07865911333742));
#5911=CARTESIAN_POINT('Ctrl Pts',(-4.1410862630546,-2.11201438756017,-2.11201438756017));
#5912=CARTESIAN_POINT('Ctrl Pts',(-4.46083575720556,-1.25771653174807,-2.20650145048699));
#5913=CARTESIAN_POINT('Ctrl Pts',(-4.69618939985226,5.55111512312578E-16,
-2.3096722040306));
#5914=CARTESIAN_POINT('Ctrl Pts',(-4.46083575720556,1.25771653174807,-2.20650145048699));
#5915=CARTESIAN_POINT('Ctrl Pts',(-4.1410862630546,2.11201438756018,-2.11201438756017));
#5916=CARTESIAN_POINT('Ctrl Pts',(-4.01175552656402,2.38294066204542,-2.07865911333742));
#5917=CARTESIAN_POINT('Ctrl Pts',(-3.70357718484753,2.88605469075449,-2.02216017291741));
#5918=CARTESIAN_POINT('Ctrl Pts',(-3.52338721402131,3.11395652431129,-2.00189128523369));
#5919=CARTESIAN_POINT('Ctrl Pts',(-3.3186718691663,3.3186718691663,-2.00189128523369));
#5920=CARTESIAN_POINT('Ctrl Pts',(-3.51966142537152,-3.51966142537152,-1.21306259340786));
#5921=CARTESIAN_POINT('Ctrl Pts',(-3.74839154667027,-3.29093130407278,-1.21306259340786));
#5922=CARTESIAN_POINT('Ctrl Pts',(-3.95290604391318,-3.03798555871821,-1.22050491646456));
#5923=CARTESIAN_POINT('Ctrl Pts',(-4.30912814918082,-2.49577063192531,-1.24283188563467));
#5924=CARTESIAN_POINT('Ctrl Pts',(-4.46083575720556,-2.20650145048699,-1.25771653174807));
#5925=CARTESIAN_POINT('Ctrl Pts',(-4.83018478579274,-1.30237047008828,-1.30237047008828));
#5926=CARTESIAN_POINT('Ctrl Pts',(-5.09392003594357,2.77555756156289E-16,
-1.36190905454189));
#5927=CARTESIAN_POINT('Ctrl Pts',(-4.83018478579274,1.30237047008828,-1.30237047008828));
#5928=CARTESIAN_POINT('Ctrl Pts',(-4.46083575720556,2.20650145048699,-1.25771653174807));
#5929=CARTESIAN_POINT('Ctrl Pts',(-4.30912814918082,2.49577063192531,-1.24283188563467));
#5930=CARTESIAN_POINT('Ctrl Pts',(-3.95290604391318,3.03798555871821,-1.22050491646456));
#5931=CARTESIAN_POINT('Ctrl Pts',(-3.74839154667027,3.29093130407278,-1.21306259340786));
#5932=CARTESIAN_POINT('Ctrl Pts',(-3.51966142537152,3.51966142537152,-1.21306259340786));
#5933=CARTESIAN_POINT('Ctrl Pts',(-3.69282774273126,-3.69282774273126,-1.38777878078145E-16));
#5934=CARTESIAN_POINT('Ctrl Pts',(-3.93508015114313,-3.45057533431939,-4.16333634234434E-16));
#5935=CARTESIAN_POINT('Ctrl Pts',(-4.15277634574911,-3.18376671210162,-4.16333634234434E-16));
#5936=CARTESIAN_POINT('Ctrl Pts',(-4.53333097010367,-2.61331514695722,-5.55111512312578E-16));
#5937=CARTESIAN_POINT('Ctrl Pts',(-4.69618939985226,-2.3096722040306,-5.55111512312578E-16));
#5938=CARTESIAN_POINT('Ctrl Pts',(-5.09392003594357,-1.36190905454189,0.));
#5939=CARTESIAN_POINT('Ctrl Pts',(-5.38197514232012,5.55111512312578E-16,
-8.32667268468867E-16));
#5940=CARTESIAN_POINT('Ctrl Pts',(-5.09392003594357,1.36190905454189,2.77555756156289E-16));
#5941=CARTESIAN_POINT('Ctrl Pts',(-4.69618939985226,2.3096722040306,2.77555756156289E-16));
#5942=CARTESIAN_POINT('Ctrl Pts',(-4.53333097010367,2.61331514695722,-1.38777878078145E-16));
#5943=CARTESIAN_POINT('Ctrl Pts',(-4.15277634574911,3.18376671210162,-2.77555756156289E-16));
#5944=CARTESIAN_POINT('Ctrl Pts',(-3.93508015114313,3.45057533431939,-2.77555756156289E-16));
#5945=CARTESIAN_POINT('Ctrl Pts',(-3.69282774273126,3.69282774273126,-2.77555756156289E-16));
#5946=CARTESIAN_POINT('Ctrl Pts',(-3.51966142537152,-3.51966142537152,1.21306259340786));
#5947=CARTESIAN_POINT('Ctrl Pts',(-3.74839154667027,-3.29093130407278,1.21306259340786));
#5948=CARTESIAN_POINT('Ctrl Pts',(-3.95290604391318,-3.03798555871821,1.22050491646456));
#5949=CARTESIAN_POINT('Ctrl Pts',(-4.30912814918082,-2.49577063192531,1.24283188563467));
#5950=CARTESIAN_POINT('Ctrl Pts',(-4.46083575720556,-2.20650145048699,1.25771653174807));
#5951=CARTESIAN_POINT('Ctrl Pts',(-4.83018478579274,-1.30237047008828,1.30237047008828));
#5952=CARTESIAN_POINT('Ctrl Pts',(-5.09392003594357,0.,1.36190905454189));
#5953=CARTESIAN_POINT('Ctrl Pts',(-4.83018478579274,1.30237047008828,1.30237047008828));
#5954=CARTESIAN_POINT('Ctrl Pts',(-4.46083575720556,2.20650145048699,1.25771653174807));
#5955=CARTESIAN_POINT('Ctrl Pts',(-4.30912814918082,2.49577063192531,1.24283188563467));
#5956=CARTESIAN_POINT('Ctrl Pts',(-3.95290604391318,3.03798555871821,1.22050491646456));
#5957=CARTESIAN_POINT('Ctrl Pts',(-3.74839154667027,3.29093130407278,1.21306259340786));
#5958=CARTESIAN_POINT('Ctrl Pts',(-3.51966142537152,3.51966142537152,1.21306259340786));
#5959=CARTESIAN_POINT('Ctrl Pts',(-3.3186718691663,-3.3186718691663,2.00189128523369));
#5960=CARTESIAN_POINT('Ctrl Pts',(-3.52338721402131,-3.11395652431129,2.00189128523369));
#5961=CARTESIAN_POINT('Ctrl Pts',(-3.70357718484753,-2.88605469075449,2.02216017291741));
#5962=CARTESIAN_POINT('Ctrl Pts',(-4.01175552656402,-2.38294066204542,2.07865911333742));
#5963=CARTESIAN_POINT('Ctrl Pts',(-4.1410862630546,-2.11201438756018,2.11201438756017));
#5964=CARTESIAN_POINT('Ctrl Pts',(-4.46083575720556,-1.25771653174807,2.20650145048699));
#5965=CARTESIAN_POINT('Ctrl Pts',(-4.69618939985226,0.,2.3096722040306));
#5966=CARTESIAN_POINT('Ctrl Pts',(-4.46083575720556,1.25771653174807,2.20650145048699));
#5967=CARTESIAN_POINT('Ctrl Pts',(-4.1410862630546,2.11201438756017,2.11201438756018));
#5968=CARTESIAN_POINT('Ctrl Pts',(-4.01175552656402,2.38294066204542,2.07865911333742));
#5969=CARTESIAN_POINT('Ctrl Pts',(-3.70357718484753,2.88605469075449,2.02216017291741));
#5970=CARTESIAN_POINT('Ctrl Pts',(-3.52338721402131,3.11395652431129,2.00189128523369));
#5971=CARTESIAN_POINT('Ctrl Pts',(-3.3186718691663,3.3186718691663,2.00189128523369));
#5972=CARTESIAN_POINT('Ctrl Pts',(-3.24875340770089,-3.24875340770089,2.23048114994645));
#5973=CARTESIAN_POINT('Ctrl Pts',(-3.43942962140455,-3.05063313635999,2.24508908868397));
#5974=CARTESIAN_POINT('Ctrl Pts',(-3.6038965430442,-2.82831190094556,2.27042468658577));
#5975=CARTESIAN_POINT('Ctrl Pts',(-3.89109456787097,-2.34121874148446,2.34121874148446));
#5976=CARTESIAN_POINT('Ctrl Pts',(-4.01175552656402,-2.07865911333742,2.38294066204542));
#5977=CARTESIAN_POINT('Ctrl Pts',(-4.30912814918082,-1.24283188563467,2.49577063192531));
#5978=CARTESIAN_POINT('Ctrl Pts',(-4.53333097010367,2.77555756156289E-16,
2.61331514695722));
#5979=CARTESIAN_POINT('Ctrl Pts',(-4.30912814918082,1.24283188563467,2.49577063192531));
#5980=CARTESIAN_POINT('Ctrl Pts',(-4.01175552656402,2.07865911333742,2.38294066204542));
#5981=CARTESIAN_POINT('Ctrl Pts',(-3.89109456787097,2.34121874148446,2.34121874148446));
#5982=CARTESIAN_POINT('Ctrl Pts',(-3.6038965430442,2.82831190094556,2.27042468658577));
#5983=CARTESIAN_POINT('Ctrl Pts',(-3.43942962140456,3.05063313635999,2.24508908868397));
#5984=CARTESIAN_POINT('Ctrl Pts',(-3.24875340770089,3.24875340770089,2.23048114994645));
#5985=CARTESIAN_POINT('Ctrl Pts',(-3.10307259930939,-3.10307259930939,2.61895481424694));
#5986=CARTESIAN_POINT('Ctrl Pts',(-3.24494089897775,-2.92008808781443,2.66909248622617));
#5987=CARTESIAN_POINT('Ctrl Pts',(-3.37387891926235,-2.71940505399295,2.71940505399295));
#5988=CARTESIAN_POINT('Ctrl Pts',(-3.6038965430442,-2.27042468658577,2.82831190094556));
#5989=CARTESIAN_POINT('Ctrl Pts',(-3.70357718484753,-2.02216017291741,2.88605469075449));
#5990=CARTESIAN_POINT('Ctrl Pts',(-3.95290604391318,-1.22050491646456,3.03798555871821));
#5991=CARTESIAN_POINT('Ctrl Pts',(-4.15277634574911,1.38777878078145E-16,
3.18376671210162));
#5992=CARTESIAN_POINT('Ctrl Pts',(-3.95290604391318,1.22050491646456,3.03798555871821));
#5993=CARTESIAN_POINT('Ctrl Pts',(-3.70357718484753,2.02216017291741,2.88605469075449));
#5994=CARTESIAN_POINT('Ctrl Pts',(-3.6038965430442,2.27042468658577,2.82831190094556));
#5995=CARTESIAN_POINT('Ctrl Pts',(-3.37387891926235,2.71940505399295,2.71940505399295));
#5996=CARTESIAN_POINT('Ctrl Pts',(-3.24494089897775,2.92008808781443,2.66909248622617));
#5997=CARTESIAN_POINT('Ctrl Pts',(-3.10307259930939,3.10307259930939,2.61895481424694));
#5998=CARTESIAN_POINT('Ctrl Pts',(-3.0273102523833,-3.0273102523833,2.77883861383466));
#5999=CARTESIAN_POINT('Ctrl Pts',(-3.15357375322615,-2.84133586697682,2.84133586697682));
#6000=CARTESIAN_POINT('Ctrl Pts',(-3.24494089897775,-2.66909248622617,2.92008808781443));
#6001=CARTESIAN_POINT('Ctrl Pts',(-3.43942962140456,-2.24508908868397,3.05063313635999));
#6002=CARTESIAN_POINT('Ctrl Pts',(-3.52338721402131,-2.00189128523369,3.11395652431129));
#6003=CARTESIAN_POINT('Ctrl Pts',(-3.74839154667026,-1.21306259340786,3.29093130407278));
#6004=CARTESIAN_POINT('Ctrl Pts',(-3.93508015114313,-1.38777878078145E-16,
3.45057533431939));
#6005=CARTESIAN_POINT('Ctrl Pts',(-3.74839154667026,1.21306259340786,3.29093130407278));
#6006=CARTESIAN_POINT('Ctrl Pts',(-3.52338721402131,2.00189128523369,3.11395652431129));
#6007=CARTESIAN_POINT('Ctrl Pts',(-3.43942962140455,2.24508908868397,3.05063313635999));
#6008=CARTESIAN_POINT('Ctrl Pts',(-3.24494089897775,2.66909248622617,2.92008808781443));
#6009=CARTESIAN_POINT('Ctrl Pts',(-3.15357375322615,2.84133586697682,2.84133586697682));
#6010=CARTESIAN_POINT('Ctrl Pts',(-3.02731025238331,3.0273102523833,2.77883861383467));
#6011=CARTESIAN_POINT('Ctrl Pts',(-2.94448637286709,-2.94448637286709,2.94448637286709));
#6012=CARTESIAN_POINT('Ctrl Pts',(-3.02731025238331,-2.77883861383466,3.0273102523833));
#6013=CARTESIAN_POINT('Ctrl Pts',(-3.10307259930939,-2.61895481424694,3.10307259930939));
#6014=CARTESIAN_POINT('Ctrl Pts',(-3.24875340770089,-2.23048114994645,3.24875340770089));
#6015=CARTESIAN_POINT('Ctrl Pts',(-3.3186718691663,-2.00189128523369,3.3186718691663));
#6016=CARTESIAN_POINT('Ctrl Pts',(-3.51966142537152,-1.21306259340786,3.51966142537152));
#6017=CARTESIAN_POINT('Ctrl Pts',(-3.69282774273126,0.,3.69282774273126));
#6018=CARTESIAN_POINT('Ctrl Pts',(-3.51966142537152,1.21306259340786,3.51966142537152));
#6019=CARTESIAN_POINT('Ctrl Pts',(-3.3186718691663,2.00189128523369,3.3186718691663));
#6020=CARTESIAN_POINT('Ctrl Pts',(-3.24875340770089,2.23048114994645,3.24875340770089));
#6021=CARTESIAN_POINT('Ctrl Pts',(-3.10307259930939,2.61895481424694,3.10307259930939));
#6022=CARTESIAN_POINT('Ctrl Pts',(-3.0273102523833,2.77883861383466,3.0273102523833));
#6023=CARTESIAN_POINT('Ctrl Pts',(-2.94448637286709,2.94448637286709,2.94448637286709));
#6024=CARTESIAN_POINT('Ctrl Pts',(-2.94448637286709,-2.94448637286709,2.94448637286709));
#6025=CARTESIAN_POINT('Ctrl Pts',(-3.0273102523833,-3.0273102523833,2.77883861383466));
#6026=CARTESIAN_POINT('Ctrl Pts',(-3.10307259930939,-3.10307259930939,2.61895481424694));
#6027=CARTESIAN_POINT('Ctrl Pts',(-3.24875340770089,-3.24875340770089,2.23048114994645));
#6028=CARTESIAN_POINT('Ctrl Pts',(-3.3186718691663,-3.3186718691663,2.00189128523369));
#6029=CARTESIAN_POINT('Ctrl Pts',(-3.51966142537152,-3.51966142537152,1.21306259340786));
#6030=CARTESIAN_POINT('Ctrl Pts',(-3.69282774273126,-3.69282774273126,-1.38777878078145E-16));
#6031=CARTESIAN_POINT('Ctrl Pts',(-3.51966142537152,-3.51966142537152,-1.21306259340786));
#6032=CARTESIAN_POINT('Ctrl Pts',(-3.3186718691663,-3.3186718691663,-2.00189128523369));
#6033=CARTESIAN_POINT('Ctrl Pts',(-3.24875340770089,-3.24875340770089,-2.23048114994645));
#6034=CARTESIAN_POINT('Ctrl Pts',(-3.10307259930939,-3.10307259930939,-2.61895481424694));
#6035=CARTESIAN_POINT('Ctrl Pts',(-3.02731025238331,-3.02731025238331,-2.77883861383467));
#6036=CARTESIAN_POINT('Ctrl Pts',(-2.94448637286709,-2.94448637286709,-2.94448637286709));
#6037=CARTESIAN_POINT('Ctrl Pts',(-2.94448637286709,-2.94448637286709,-2.94448637286709));
#6038=CARTESIAN_POINT('Ctrl Pts',(-3.02731025238331,-3.02731025238331,-2.77883861383467));
#6039=CARTESIAN_POINT('Ctrl Pts',(-3.10307259930939,-3.10307259930939,-2.61895481424694));
#6040=CARTESIAN_POINT('Ctrl Pts',(-3.24875340770089,-3.24875340770089,-2.23048114994645));
#6041=CARTESIAN_POINT('Ctrl Pts',(-3.3186718691663,-3.3186718691663,-2.00189128523369));
#6042=CARTESIAN_POINT('Ctrl Pts',(-3.51966142537152,-3.51966142537152,-1.21306259340786));
#6043=CARTESIAN_POINT('Ctrl Pts',(-3.69282774273126,-3.69282774273126,-1.38777878078145E-16));
#6044=CARTESIAN_POINT('Ctrl Pts',(-3.51966142537152,-3.51966142537152,1.21306259340786));
#6045=CARTESIAN_POINT('Ctrl Pts',(-3.3186718691663,-3.3186718691663,2.00189128523369));
#6046=CARTESIAN_POINT('Ctrl Pts',(-3.24875340770089,-3.24875340770089,2.23048114994645));
#6047=CARTESIAN_POINT('Ctrl Pts',(-3.10307259930939,-3.10307259930939,2.61895481424694));
#6048=CARTESIAN_POINT('Ctrl Pts',(-3.0273102523833,-3.0273102523833,2.77883861383466));
#6049=CARTESIAN_POINT('Ctrl Pts',(-2.94448637286709,-2.94448637286709,2.94448637286709));
#6050=CARTESIAN_POINT('Ctrl Pts',(-2.77883861383466,-3.0273102523833,-3.0273102523833));
#6051=CARTESIAN_POINT('Ctrl Pts',(-2.84133586697682,-3.15357375322615,-2.84133586697682));
#6052=CARTESIAN_POINT('Ctrl Pts',(-2.92008808781443,-3.24494089897775,-2.66909248622617));
#6053=CARTESIAN_POINT('Ctrl Pts',(-3.05063313635999,-3.43942962140455,-2.24508908868397));
#6054=CARTESIAN_POINT('Ctrl Pts',(-3.11395652431129,-3.52338721402131,-2.00189128523369));
#6055=CARTESIAN_POINT('Ctrl Pts',(-3.29093130407278,-3.74839154667026,-1.21306259340786));
#6056=CARTESIAN_POINT('Ctrl Pts',(-3.45057533431939,-3.93508015114313,-1.38777878078145E-16));
#6057=CARTESIAN_POINT('Ctrl Pts',(-3.29093130407278,-3.74839154667027,1.21306259340786));
#6058=CARTESIAN_POINT('Ctrl Pts',(-3.11395652431129,-3.52338721402131,2.00189128523369));
#6059=CARTESIAN_POINT('Ctrl Pts',(-3.05063313635999,-3.43942962140455,2.24508908868397));
#6060=CARTESIAN_POINT('Ctrl Pts',(-2.92008808781443,-3.24494089897775,2.66909248622617));
#6061=CARTESIAN_POINT('Ctrl Pts',(-2.84133586697682,-3.15357375322615,2.84133586697682));
#6062=CARTESIAN_POINT('Ctrl Pts',(-2.77883861383467,-3.02731025238331,3.0273102523833));
#6063=CARTESIAN_POINT('Ctrl Pts',(-2.61895481424694,-3.10307259930939,-3.10307259930939));
#6064=CARTESIAN_POINT('Ctrl Pts',(-2.66909248622617,-3.24494089897775,-2.92008808781443));
#6065=CARTESIAN_POINT('Ctrl Pts',(-2.71940505399295,-3.37387891926235,-2.71940505399295));
#6066=CARTESIAN_POINT('Ctrl Pts',(-2.82831190094556,-3.6038965430442,-2.27042468658577));
#6067=CARTESIAN_POINT('Ctrl Pts',(-2.88605469075449,-3.70357718484753,-2.02216017291741));
#6068=CARTESIAN_POINT('Ctrl Pts',(-3.03798555871821,-3.95290604391318,-1.22050491646456));
#6069=CARTESIAN_POINT('Ctrl Pts',(-3.18376671210162,-4.15277634574911,-6.93889390390723E-16));
#6070=CARTESIAN_POINT('Ctrl Pts',(-3.03798555871821,-3.95290604391318,1.22050491646456));
#6071=CARTESIAN_POINT('Ctrl Pts',(-2.88605469075449,-3.70357718484753,2.02216017291741));
#6072=CARTESIAN_POINT('Ctrl Pts',(-2.82831190094556,-3.6038965430442,2.27042468658577));
#6073=CARTESIAN_POINT('Ctrl Pts',(-2.71940505399295,-3.37387891926235,2.71940505399295));
#6074=CARTESIAN_POINT('Ctrl Pts',(-2.66909248622617,-3.24494089897775,2.92008808781443));
#6075=CARTESIAN_POINT('Ctrl Pts',(-2.61895481424694,-3.10307259930939,3.10307259930939));
#6076=CARTESIAN_POINT('Ctrl Pts',(-2.23048114994645,-3.24875340770089,-3.24875340770089));
#6077=CARTESIAN_POINT('Ctrl Pts',(-2.24508908868397,-3.43942962140455,-3.05063313635999));
#6078=CARTESIAN_POINT('Ctrl Pts',(-2.27042468658577,-3.6038965430442,-2.82831190094556));
#6079=CARTESIAN_POINT('Ctrl Pts',(-2.34121874148446,-3.89109456787097,-2.34121874148446));
#6080=CARTESIAN_POINT('Ctrl Pts',(-2.38294066204542,-4.01175552656402,-2.07865911333742));
#6081=CARTESIAN_POINT('Ctrl Pts',(-2.49577063192531,-4.30912814918082,-1.24283188563467));
#6082=CARTESIAN_POINT('Ctrl Pts',(-2.61331514695722,-4.53333097010367,-5.55111512312578E-16));
#6083=CARTESIAN_POINT('Ctrl Pts',(-2.49577063192531,-4.30912814918082,1.24283188563467));
#6084=CARTESIAN_POINT('Ctrl Pts',(-2.38294066204542,-4.01175552656402,2.07865911333742));
#6085=CARTESIAN_POINT('Ctrl Pts',(-2.34121874148446,-3.89109456787097,2.34121874148446));
#6086=CARTESIAN_POINT('Ctrl Pts',(-2.27042468658577,-3.6038965430442,2.82831190094556));
#6087=CARTESIAN_POINT('Ctrl Pts',(-2.24508908868397,-3.43942962140455,3.05063313635999));
#6088=CARTESIAN_POINT('Ctrl Pts',(-2.23048114994645,-3.24875340770089,3.24875340770089));
#6089=CARTESIAN_POINT('Ctrl Pts',(-2.00189128523369,-3.3186718691663,-3.3186718691663));
#6090=CARTESIAN_POINT('Ctrl Pts',(-2.00189128523369,-3.52338721402131,-3.11395652431129));
#6091=CARTESIAN_POINT('Ctrl Pts',(-2.02216017291741,-3.70357718484753,-2.88605469075449));
#6092=CARTESIAN_POINT('Ctrl Pts',(-2.07865911333742,-4.01175552656402,-2.38294066204542));
#6093=CARTESIAN_POINT('Ctrl Pts',(-2.11201438756017,-4.1410862630546,-2.11201438756018));
#6094=CARTESIAN_POINT('Ctrl Pts',(-2.20650145048699,-4.46083575720556,-1.25771653174807));
#6095=CARTESIAN_POINT('Ctrl Pts',(-2.3096722040306,-4.69618939985226,-8.32667268468867E-16));
#6096=CARTESIAN_POINT('Ctrl Pts',(-2.20650145048699,-4.46083575720556,1.25771653174807));
#6097=CARTESIAN_POINT('Ctrl Pts',(-2.11201438756018,-4.1410862630546,2.11201438756017));
#6098=CARTESIAN_POINT('Ctrl Pts',(-2.07865911333742,-4.01175552656402,2.38294066204542));
#6099=CARTESIAN_POINT('Ctrl Pts',(-2.02216017291741,-3.70357718484753,2.88605469075449));
#6100=CARTESIAN_POINT('Ctrl Pts',(-2.00189128523369,-3.52338721402131,3.11395652431129));
#6101=CARTESIAN_POINT('Ctrl Pts',(-2.00189128523369,-3.3186718691663,3.3186718691663));
#6102=CARTESIAN_POINT('Ctrl Pts',(-1.21306259340786,-3.51966142537152,-3.51966142537152));
#6103=CARTESIAN_POINT('Ctrl Pts',(-1.21306259340786,-3.74839154667027,-3.29093130407278));
#6104=CARTESIAN_POINT('Ctrl Pts',(-1.22050491646456,-3.95290604391318,-3.03798555871821));
#6105=CARTESIAN_POINT('Ctrl Pts',(-1.24283188563467,-4.30912814918082,-2.49577063192531));
#6106=CARTESIAN_POINT('Ctrl Pts',(-1.25771653174807,-4.46083575720556,-2.20650145048699));
#6107=CARTESIAN_POINT('Ctrl Pts',(-1.30237047008828,-4.83018478579274,-1.30237047008828));
#6108=CARTESIAN_POINT('Ctrl Pts',(-1.36190905454189,-5.09392003594357,0.));
#6109=CARTESIAN_POINT('Ctrl Pts',(-1.30237047008828,-4.83018478579274,1.30237047008828));
#6110=CARTESIAN_POINT('Ctrl Pts',(-1.25771653174807,-4.46083575720556,2.20650145048699));
#6111=CARTESIAN_POINT('Ctrl Pts',(-1.24283188563467,-4.30912814918082,2.49577063192531));
#6112=CARTESIAN_POINT('Ctrl Pts',(-1.22050491646456,-3.95290604391318,3.03798555871821));
#6113=CARTESIAN_POINT('Ctrl Pts',(-1.21306259340786,-3.74839154667026,3.29093130407278));
#6114=CARTESIAN_POINT('Ctrl Pts',(-1.21306259340786,-3.51966142537152,3.51966142537152));
#6115=CARTESIAN_POINT('Ctrl Pts',(-2.77555756156289E-16,-3.69282774273126,
-3.69282774273126));
#6116=CARTESIAN_POINT('Ctrl Pts',(-2.77555756156289E-16,-3.93508015114314,
-3.45057533431939));
#6117=CARTESIAN_POINT('Ctrl Pts',(-6.93889390390723E-16,-4.15277634574911,
-3.18376671210162));
#6118=CARTESIAN_POINT('Ctrl Pts',(-5.55111512312578E-16,-4.53333097010367,
-2.61331514695722));
#6119=CARTESIAN_POINT('Ctrl Pts',(-5.55111512312578E-16,-4.69618939985226,
-2.3096722040306));
#6120=CARTESIAN_POINT('Ctrl Pts',(-8.32667268468867E-16,-5.09392003594357,
-1.36190905454189));
#6121=CARTESIAN_POINT('Ctrl Pts',(-5.55111512312578E-16,-5.38197514232012,
-1.38777878078145E-15));
#6122=CARTESIAN_POINT('Ctrl Pts',(-5.55111512312578E-16,-5.09392003594357,
1.36190905454189));
#6123=CARTESIAN_POINT('Ctrl Pts',(-5.55111512312578E-16,-4.69618939985226,
2.3096722040306));
#6124=CARTESIAN_POINT('Ctrl Pts',(-5.55111512312578E-16,-4.53333097010367,
2.61331514695722));
#6125=CARTESIAN_POINT('Ctrl Pts',(-4.16333634234434E-16,-4.15277634574911,
3.18376671210162));
#6126=CARTESIAN_POINT('Ctrl Pts',(-1.38777878078145E-16,-3.93508015114313,
3.45057533431939));
#6127=CARTESIAN_POINT('Ctrl Pts',(-1.38777878078145E-16,-3.69282774273126,
3.69282774273126));
#6128=CARTESIAN_POINT('Ctrl Pts',(1.21306259340786,-3.51966142537152,-3.51966142537152));
#6129=CARTESIAN_POINT('Ctrl Pts',(1.21306259340786,-3.74839154667027,-3.29093130407278));
#6130=CARTESIAN_POINT('Ctrl Pts',(1.22050491646456,-3.95290604391318,-3.03798555871821));
#6131=CARTESIAN_POINT('Ctrl Pts',(1.24283188563467,-4.30912814918082,-2.49577063192531));
#6132=CARTESIAN_POINT('Ctrl Pts',(1.25771653174807,-4.46083575720556,-2.20650145048699));
#6133=CARTESIAN_POINT('Ctrl Pts',(1.30237047008828,-4.83018478579274,-1.30237047008828));
#6134=CARTESIAN_POINT('Ctrl Pts',(1.36190905454189,-5.09392003594357,2.77555756156289E-16));
#6135=CARTESIAN_POINT('Ctrl Pts',(1.30237047008828,-4.83018478579274,1.30237047008828));
#6136=CARTESIAN_POINT('Ctrl Pts',(1.25771653174807,-4.46083575720556,2.20650145048699));
#6137=CARTESIAN_POINT('Ctrl Pts',(1.24283188563467,-4.30912814918082,2.49577063192531));
#6138=CARTESIAN_POINT('Ctrl Pts',(1.22050491646456,-3.95290604391318,3.03798555871821));
#6139=CARTESIAN_POINT('Ctrl Pts',(1.21306259340786,-3.74839154667027,3.29093130407278));
#6140=CARTESIAN_POINT('Ctrl Pts',(1.21306259340786,-3.51966142537152,3.51966142537152));
#6141=CARTESIAN_POINT('Ctrl Pts',(2.00189128523369,-3.3186718691663,-3.3186718691663));
#6142=CARTESIAN_POINT('Ctrl Pts',(2.00189128523369,-3.52338721402131,-3.11395652431129));
#6143=CARTESIAN_POINT('Ctrl Pts',(2.02216017291741,-3.70357718484753,-2.88605469075449));
#6144=CARTESIAN_POINT('Ctrl Pts',(2.07865911333742,-4.01175552656402,-2.38294066204542));
#6145=CARTESIAN_POINT('Ctrl Pts',(2.11201438756017,-4.1410862630546,-2.11201438756017));
#6146=CARTESIAN_POINT('Ctrl Pts',(2.20650145048699,-4.46083575720556,-1.25771653174807));
#6147=CARTESIAN_POINT('Ctrl Pts',(2.3096722040306,-4.69618939985226,-8.32667268468867E-16));
#6148=CARTESIAN_POINT('Ctrl Pts',(2.20650145048699,-4.46083575720556,1.25771653174807));
#6149=CARTESIAN_POINT('Ctrl Pts',(2.11201438756017,-4.1410862630546,2.11201438756017));
#6150=CARTESIAN_POINT('Ctrl Pts',(2.07865911333742,-4.01175552656402,2.38294066204542));
#6151=CARTESIAN_POINT('Ctrl Pts',(2.02216017291741,-3.70357718484753,2.88605469075449));
#6152=CARTESIAN_POINT('Ctrl Pts',(2.00189128523369,-3.52338721402131,3.11395652431129));
#6153=CARTESIAN_POINT('Ctrl Pts',(2.00189128523369,-3.3186718691663,3.3186718691663));
#6154=CARTESIAN_POINT('Ctrl Pts',(2.23048114994645,-3.24875340770089,-3.24875340770089));
#6155=CARTESIAN_POINT('Ctrl Pts',(2.24508908868397,-3.43942962140455,-3.05063313635999));
#6156=CARTESIAN_POINT('Ctrl Pts',(2.27042468658577,-3.6038965430442,-2.82831190094556));
#6157=CARTESIAN_POINT('Ctrl Pts',(2.34121874148446,-3.89109456787097,-2.34121874148446));
#6158=CARTESIAN_POINT('Ctrl Pts',(2.38294066204542,-4.01175552656402,-2.07865911333742));
#6159=CARTESIAN_POINT('Ctrl Pts',(2.49577063192531,-4.30912814918082,-1.24283188563467));
#6160=CARTESIAN_POINT('Ctrl Pts',(2.61331514695722,-4.53333097010367,-2.77555756156289E-16));
#6161=CARTESIAN_POINT('Ctrl Pts',(2.49577063192531,-4.30912814918082,1.24283188563467));
#6162=CARTESIAN_POINT('Ctrl Pts',(2.38294066204542,-4.01175552656402,2.07865911333742));
#6163=CARTESIAN_POINT('Ctrl Pts',(2.34121874148446,-3.89109456787097,2.34121874148446));
#6164=CARTESIAN_POINT('Ctrl Pts',(2.27042468658577,-3.6038965430442,2.82831190094556));
#6165=CARTESIAN_POINT('Ctrl Pts',(2.24508908868397,-3.43942962140455,3.05063313635999));
#6166=CARTESIAN_POINT('Ctrl Pts',(2.23048114994645,-3.24875340770089,3.24875340770089));
#6167=CARTESIAN_POINT('Ctrl Pts',(2.61895481424694,-3.10307259930939,-3.10307259930939));
#6168=CARTESIAN_POINT('Ctrl Pts',(2.66909248622617,-3.24494089897775,-2.92008808781443));
#6169=CARTESIAN_POINT('Ctrl Pts',(2.71940505399295,-3.37387891926235,-2.71940505399295));
#6170=CARTESIAN_POINT('Ctrl Pts',(2.82831190094556,-3.6038965430442,-2.27042468658577));
#6171=CARTESIAN_POINT('Ctrl Pts',(2.88605469075449,-3.70357718484753,-2.02216017291741));
#6172=CARTESIAN_POINT('Ctrl Pts',(3.03798555871821,-3.95290604391318,-1.22050491646456));
#6173=CARTESIAN_POINT('Ctrl Pts',(3.18376671210162,-4.15277634574911,-5.55111512312578E-16));
#6174=CARTESIAN_POINT('Ctrl Pts',(3.03798555871821,-3.95290604391318,1.22050491646456));
#6175=CARTESIAN_POINT('Ctrl Pts',(2.88605469075449,-3.70357718484753,2.02216017291741));
#6176=CARTESIAN_POINT('Ctrl Pts',(2.82831190094556,-3.6038965430442,2.27042468658576));
#6177=CARTESIAN_POINT('Ctrl Pts',(2.71940505399295,-3.37387891926235,2.71940505399295));
#6178=CARTESIAN_POINT('Ctrl Pts',(2.66909248622617,-3.24494089897775,2.92008808781443));
#6179=CARTESIAN_POINT('Ctrl Pts',(2.61895481424694,-3.10307259930939,3.10307259930939));
#6180=CARTESIAN_POINT('Ctrl Pts',(2.77883861383467,-3.02731025238331,-3.0273102523833));
#6181=CARTESIAN_POINT('Ctrl Pts',(2.84133586697682,-3.15357375322615,-2.84133586697682));
#6182=CARTESIAN_POINT('Ctrl Pts',(2.92008808781443,-3.24494089897775,-2.66909248622617));
#6183=CARTESIAN_POINT('Ctrl Pts',(3.05063313635999,-3.43942962140455,-2.24508908868397));
#6184=CARTESIAN_POINT('Ctrl Pts',(3.11395652431129,-3.52338721402131,-2.00189128523369));
#6185=CARTESIAN_POINT('Ctrl Pts',(3.29093130407278,-3.74839154667027,-1.21306259340786));
#6186=CARTESIAN_POINT('Ctrl Pts',(3.45057533431939,-3.93508015114313,2.77555756156289E-16));
#6187=CARTESIAN_POINT('Ctrl Pts',(3.29093130407278,-3.74839154667026,1.21306259340786));
#6188=CARTESIAN_POINT('Ctrl Pts',(3.11395652431129,-3.52338721402131,2.00189128523369));
#6189=CARTESIAN_POINT('Ctrl Pts',(3.05063313635999,-3.43942962140455,2.24508908868397));
#6190=CARTESIAN_POINT('Ctrl Pts',(2.92008808781443,-3.24494089897775,2.66909248622617));
#6191=CARTESIAN_POINT('Ctrl Pts',(2.84133586697682,-3.15357375322616,2.84133586697682));
#6192=CARTESIAN_POINT('Ctrl Pts',(2.77883861383466,-3.0273102523833,3.0273102523833));
#6193=CARTESIAN_POINT('Ctrl Pts',(2.94448637286709,-2.94448637286709,-2.94448637286709));
#6194=CARTESIAN_POINT('Ctrl Pts',(3.0273102523833,-3.0273102523833,-2.77883861383466));
#6195=CARTESIAN_POINT('Ctrl Pts',(3.10307259930939,-3.10307259930939,-2.61895481424694));
#6196=CARTESIAN_POINT('Ctrl Pts',(3.24875340770089,-3.24875340770089,-2.23048114994645));
#6197=CARTESIAN_POINT('Ctrl Pts',(3.3186718691663,-3.3186718691663,-2.00189128523369));
#6198=CARTESIAN_POINT('Ctrl Pts',(3.51966142537152,-3.51966142537152,-1.21306259340786));
#6199=CARTESIAN_POINT('Ctrl Pts',(3.69282774273126,-3.69282774273126,-2.77555756156289E-16));
#6200=CARTESIAN_POINT('Ctrl Pts',(3.51966142537152,-3.51966142537152,1.21306259340786));
#6201=CARTESIAN_POINT('Ctrl Pts',(3.3186718691663,-3.3186718691663,2.00189128523369));
#6202=CARTESIAN_POINT('Ctrl Pts',(3.24875340770089,-3.24875340770089,2.23048114994645));
#6203=CARTESIAN_POINT('Ctrl Pts',(3.10307259930939,-3.10307259930939,2.61895481424694));
#6204=CARTESIAN_POINT('Ctrl Pts',(3.0273102523833,-3.02731025238331,2.77883861383467));
#6205=CARTESIAN_POINT('Ctrl Pts',(2.94448637286709,-2.94448637286709,2.94448637286709));
#6206=CARTESIAN_POINT('Origin',(120.2,23.,16.0000002384186));
#6207=CARTESIAN_POINT('',(120.2,27.,-9.00000013411045));
#6208=CARTESIAN_POINT('',(120.2,27.,16.0000002384186));
#6209=CARTESIAN_POINT('',(120.2,27.,9.75000014528633));
#6210=CARTESIAN_POINT('',(120.2,25.,-9.00000013411045));
#6211=CARTESIAN_POINT('',(120.2,25.,-9.00000013411045));
#6212=CARTESIAN_POINT('',(120.2,25.,16.0000002384186));
#6213=CARTESIAN_POINT('',(120.2,25.,9.75000014528633));
#6214=CARTESIAN_POINT('',(120.2,25.,16.0000002384186));
#6215=CARTESIAN_POINT('Origin',(15.0000002235174,27.,16.0000002384186));
#6216=CARTESIAN_POINT('',(350.000000223517,25.,16.0000002384186));
#6217=CARTESIAN_POINT('',(15.0000002235174,25.,16.0000002384186));
#6218=CARTESIAN_POINT('',(350.000000223517,27.,16.0000002384186));
#6219=CARTESIAN_POINT('',(350.000000223517,27.,16.0000002384186));
#6220=CARTESIAN_POINT('',(15.0000002235174,27.,16.0000002384186));
#6221=CARTESIAN_POINT('Origin',(0.,25.,3.50000005215406));
#6222=CARTESIAN_POINT('',(350.000000223517,25.,-9.00000013411045));
#6223=CARTESIAN_POINT('',(-15.,25.,-9.00000013411045));
#6224=CARTESIAN_POINT('',(360.000000223517,25.,0.999999865889549));
#6225=CARTESIAN_POINT('Origin',(350.000000223517,25.,0.999999865889549));
#6226=CARTESIAN_POINT('',(360.000000223517,25.,6.00000023841858));
#6227=CARTESIAN_POINT('',(360.000000223517,25.,-9.00000013411045));
#6228=CARTESIAN_POINT('Origin',(350.000000223517,25.,6.00000023841858));
#6229=CARTESIAN_POINT('',(132.5,25.,3.50000005215406));
#6230=CARTESIAN_POINT('Origin',(135.,25.,3.50000005215406));
#6231=CARTESIAN_POINT('',(203.000005085128,25.,0.198105183567747));
#6232=CARTESIAN_POINT('',(205.00000511493,25.,0.198108137334485));
#6233=CARTESIAN_POINT('Origin',(204.000000223517,25.,3.50000005215407));
#6234=CARTESIAN_POINT('',(205.00000511493,25.,-0.449999970194214));
#6235=CARTESIAN_POINT('',(205.00000511493,25.,1.84905409474427));
#6236=CARTESIAN_POINT('',(203.000005085128,25.,-0.449999970194228));
#6237=CARTESIAN_POINT('Origin',(204.000005085128,25.,-0.449999970194271));
#6238=CARTESIAN_POINT('',(203.000005085128,25.,1.52500004097992));
#6239=CARTESIAN_POINT('',(214.000005085128,25.,0.198105183567747));
#6240=CARTESIAN_POINT('',(216.00000511493,25.,0.198108137334485));
#6241=CARTESIAN_POINT('Origin',(215.000000223517,25.,3.50000005215407));
#6242=CARTESIAN_POINT('',(216.00000511493,25.,-0.449999970194214));
#6243=CARTESIAN_POINT('',(216.00000511493,25.,1.84905409474427));
#6244=CARTESIAN_POINT('',(214.000005085128,25.,-0.449999970194228));
#6245=CARTESIAN_POINT('Origin',(215.000005085128,25.,-0.449999970194271));
#6246=CARTESIAN_POINT('',(214.000005085128,25.,1.52500004097992));
#6247=CARTESIAN_POINT('',(192.000005085128,25.,0.198105183567747));
#6248=CARTESIAN_POINT('',(194.00000511493,25.,0.198108137334485));
#6249=CARTESIAN_POINT('Origin',(193.000000223517,25.,3.50000005215407));
#6250=CARTESIAN_POINT('',(194.00000511493,25.,-0.449999970194214));
#6251=CARTESIAN_POINT('',(194.00000511493,25.,1.84905409474427));
#6252=CARTESIAN_POINT('',(192.000005085128,25.,-0.449999970194228));
#6253=CARTESIAN_POINT('Origin',(193.000005085128,25.,-0.449999970194271));
#6254=CARTESIAN_POINT('',(192.000005085128,25.,1.52500004097992));
#6255=CARTESIAN_POINT('',(225.000005085128,25.,0.198105183567747));
#6256=CARTESIAN_POINT('',(227.00000511493,25.,0.198108137334485));
#6257=CARTESIAN_POINT('Origin',(226.000000223517,25.,3.50000005215407));
#6258=CARTESIAN_POINT('',(227.00000511493,25.,-0.449999970194214));
#6259=CARTESIAN_POINT('',(227.00000511493,25.,1.84905409474427));
#6260=CARTESIAN_POINT('',(225.000005085128,25.,-0.449999970194228));
#6261=CARTESIAN_POINT('Origin',(226.000005085128,25.,-0.449999970194271));
#6262=CARTESIAN_POINT('',(225.000005085128,25.,1.52500004097992));
#6263=CARTESIAN_POINT('',(181.000005085128,25.,0.198105183567747));
#6264=CARTESIAN_POINT('',(183.00000511493,25.,0.198108137334485));
#6265=CARTESIAN_POINT('Origin',(182.000000223517,25.,3.50000005215407));
#6266=CARTESIAN_POINT('',(183.00000511493,25.,-0.449999970194214));
#6267=CARTESIAN_POINT('',(183.00000511493,25.,1.84905409474427));
#6268=CARTESIAN_POINT('',(181.000005085128,25.,-0.449999970194228));
#6269=CARTESIAN_POINT('Origin',(182.000005085128,25.,-0.449999970194271));
#6270=CARTESIAN_POINT('',(181.000005085128,25.,1.52500004097992));
#6271=CARTESIAN_POINT('',(348.00000511493,25.,0.198108137334485));
#6272=CARTESIAN_POINT('',(348.00000511493,25.,-0.449999970194214));
#6273=CARTESIAN_POINT('',(348.00000511493,25.,1.84905409474427));
#6274=CARTESIAN_POINT('',(346.000005085128,25.,-0.449999970194228));
#6275=CARTESIAN_POINT('Origin',(347.00000511493,25.,-0.449999970194266));
#6276=CARTESIAN_POINT('',(346.000005085128,25.,0.198105183567758));
#6277=CARTESIAN_POINT('',(346.000005085128,25.,1.52500004097992));
#6278=CARTESIAN_POINT('Origin',(347.000000223517,25.,3.50000005215407));
#6279=CARTESIAN_POINT('',(302.000005085128,25.,-0.449999970194228));
#6280=CARTESIAN_POINT('',(302.000005085128,25.,0.198105183567747));
#6281=CARTESIAN_POINT('',(302.000005085128,25.,1.52500004097992));
#6282=CARTESIAN_POINT('',(304.00000511493,25.,0.198108137334485));
#6283=CARTESIAN_POINT('Origin',(303.000000223517,25.,3.50000005215407));
#6284=CARTESIAN_POINT('',(304.00000511493,25.,-0.449999970194214));
#6285=CARTESIAN_POINT('',(304.00000511493,25.,1.84905409474427));
#6286=CARTESIAN_POINT('Origin',(303.000005085128,25.,-0.449999970194271));
#6287=CARTESIAN_POINT('',(258.000005085128,25.,-0.449999970194228));
#6288=CARTESIAN_POINT('',(258.000005085128,25.,0.198105183567747));
#6289=CARTESIAN_POINT('',(258.000005085128,25.,1.52500004097992));
#6290=CARTESIAN_POINT('',(260.00000511493,25.,0.198108137334485));
#6291=CARTESIAN_POINT('Origin',(259.000000223517,25.,3.50000005215407));
#6292=CARTESIAN_POINT('',(260.00000511493,25.,-0.449999970194214));
#6293=CARTESIAN_POINT('',(260.00000511493,25.,1.84905409474427));
#6294=CARTESIAN_POINT('Origin',(259.000005085128,25.,-0.449999970194271));
#6295=CARTESIAN_POINT('',(247.000005085128,25.,-0.449999970194228));
#6296=CARTESIAN_POINT('',(247.000005085128,25.,0.198105183567747));
#6297=CARTESIAN_POINT('',(247.000005085128,25.,1.52500004097992));
#6298=CARTESIAN_POINT('',(249.00000511493,25.,0.198108137334485));
#6299=CARTESIAN_POINT('Origin',(248.000000223517,25.,3.50000005215407));
#6300=CARTESIAN_POINT('',(249.00000511493,25.,-0.449999970194214));
#6301=CARTESIAN_POINT('',(249.00000511493,25.,1.84905409474427));
#6302=CARTESIAN_POINT('Origin',(248.000005085128,25.,-0.449999970194271));
#6303=CARTESIAN_POINT('',(291.000005085128,25.,-0.449999970194228));
#6304=CARTESIAN_POINT('',(291.000005085128,25.,0.198105183567747));
#6305=CARTESIAN_POINT('',(291.000005085128,25.,1.52500004097992));
#6306=CARTESIAN_POINT('',(293.00000511493,25.,0.198108137334485));
#6307=CARTESIAN_POINT('Origin',(292.000000223517,25.,3.50000005215407));
#6308=CARTESIAN_POINT('',(293.00000511493,25.,-0.449999970194214));
#6309=CARTESIAN_POINT('',(293.00000511493,25.,1.84905409474427));
#6310=CARTESIAN_POINT('Origin',(292.000005085128,25.,-0.449999970194271));
#6311=CARTESIAN_POINT('',(335.000005085128,25.,-0.449999970194228));
#6312=CARTESIAN_POINT('',(335.000005085128,25.,0.198105183567758));
#6313=CARTESIAN_POINT('',(335.000005085128,25.,1.52500004097992));
#6314=CARTESIAN_POINT('',(337.00000511493,25.,0.198108137334485));
#6315=CARTESIAN_POINT('Origin',(336.000000223517,25.,3.50000005215407));
#6316=CARTESIAN_POINT('',(337.00000511493,25.,-0.449999970194214));
#6317=CARTESIAN_POINT('',(337.00000511493,25.,1.84905409474427));
#6318=CARTESIAN_POINT('Origin',(336.000005085128,25.,-0.449999970194271));
#6319=CARTESIAN_POINT('',(313.000005085128,25.,-0.449999970194228));
#6320=CARTESIAN_POINT('',(313.000005085128,25.,0.198105183567747));
#6321=CARTESIAN_POINT('',(313.000005085128,25.,1.52500004097992));
#6322=CARTESIAN_POINT('',(315.00000511493,25.,0.198108137334485));
#6323=CARTESIAN_POINT('Origin',(314.000000223517,25.,3.50000005215407));
#6324=CARTESIAN_POINT('',(315.00000511493,25.,-0.449999970194214));
#6325=CARTESIAN_POINT('',(315.00000511493,25.,1.84905409474427));
#6326=CARTESIAN_POINT('Origin',(314.000005085128,25.,-0.449999970194271));
#6327=CARTESIAN_POINT('',(269.000005085128,25.,-0.449999970194228));
#6328=CARTESIAN_POINT('',(269.000005085128,25.,0.198105183567747));
#6329=CARTESIAN_POINT('',(269.000005085128,25.,1.52500004097992));
#6330=CARTESIAN_POINT('',(271.00000511493,25.,0.198108137334485));
#6331=CARTESIAN_POINT('Origin',(270.000000223517,25.,3.50000005215407));
#6332=CARTESIAN_POINT('',(271.00000511493,25.,-0.449999970194214));
#6333=CARTESIAN_POINT('',(271.00000511493,25.,1.84905409474427));
#6334=CARTESIAN_POINT('Origin',(270.000005085128,25.,-0.449999970194271));
#6335=CARTESIAN_POINT('',(236.000005085128,25.,-0.449999970194228));
#6336=CARTESIAN_POINT('',(236.000005085128,25.,0.198105183567747));
#6337=CARTESIAN_POINT('',(236.000005085128,25.,1.52500004097992));
#6338=CARTESIAN_POINT('',(238.00000511493,25.,0.198108137334485));
#6339=CARTESIAN_POINT('Origin',(237.000000223517,25.,3.50000005215407));
#6340=CARTESIAN_POINT('',(238.00000511493,25.,-0.449999970194214));
#6341=CARTESIAN_POINT('',(238.00000511493,25.,1.84905409474427));
#6342=CARTESIAN_POINT('Origin',(237.000005085128,25.,-0.449999970194271));
#6343=CARTESIAN_POINT('',(280.000005085128,25.,-0.449999970194228));
#6344=CARTESIAN_POINT('',(280.000005085128,25.,0.198105183567747));
#6345=CARTESIAN_POINT('',(280.000005085128,25.,1.52500004097992));
#6346=CARTESIAN_POINT('',(282.00000511493,25.,0.198108137334485));
#6347=CARTESIAN_POINT('Origin',(281.000000223517,25.,3.50000005215407));
#6348=CARTESIAN_POINT('',(282.00000511493,25.,-0.449999970194214));
#6349=CARTESIAN_POINT('',(282.00000511493,25.,1.84905409474427));
#6350=CARTESIAN_POINT('Origin',(281.000005085128,25.,-0.449999970194271));
#6351=CARTESIAN_POINT('',(324.000005085128,25.,-0.449999970194228));
#6352=CARTESIAN_POINT('',(324.000005085128,25.,0.198105183567758));
#6353=CARTESIAN_POINT('',(324.000005085128,25.,1.52500004097992));
#6354=CARTESIAN_POINT('',(326.00000511493,25.,0.198108137334485));
#6355=CARTESIAN_POINT('Origin',(325.000000223517,25.,3.50000005215407));
#6356=CARTESIAN_POINT('',(326.00000511493,25.,-0.449999970194214));
#6357=CARTESIAN_POINT('',(326.00000511493,25.,1.84905409474427));
#6358=CARTESIAN_POINT('Origin',(325.000005085128,25.,-0.449999970194271));
#6359=CARTESIAN_POINT('Origin',(135.,25.,3.50000005215406));
#6360=CARTESIAN_POINT('',(132.5,23.,3.50000005215406));
#6361=CARTESIAN_POINT('Origin',(135.,23.,3.50000005215406));
#6362=CARTESIAN_POINT('',(132.5,25.,3.50000005215406));
#6363=CARTESIAN_POINT('Origin',(135.,23.,3.50000005215406));
#6364=CARTESIAN_POINT('Origin',(0.,27.,3.50000005215406));
#6365=CARTESIAN_POINT('',(360.000000223517,27.,6.00000023841858));
#6366=CARTESIAN_POINT('Origin',(350.000000223517,27.,6.00000023841858));
#6367=CARTESIAN_POINT('',(360.000000223517,27.,0.999999865889549));
#6368=CARTESIAN_POINT('',(360.000000223517,27.,-9.00000013411045));
#6369=CARTESIAN_POINT('',(350.000000223517,27.,-9.00000013411045));
#6370=CARTESIAN_POINT('Origin',(350.000000223517,27.,0.999999865889549));
#6371=CARTESIAN_POINT('',(-15.,27.,-9.00000013411045));
#6372=CARTESIAN_POINT('',(324.000005085128,27.,0.198105183567758));
#6373=CARTESIAN_POINT('',(324.000005085128,27.,-0.449999970194228));
#6374=CARTESIAN_POINT('',(324.000005085128,27.,1.52500004097992));
#6375=CARTESIAN_POINT('',(326.00000511493,27.,-0.449999970194214));
#6376=CARTESIAN_POINT('Origin',(325.000005085128,27.,-0.449999970194271));
#6377=CARTESIAN_POINT('',(326.00000511493,27.,0.198108137334485));
#6378=CARTESIAN_POINT('',(326.00000511493,27.,1.84905409474427));
#6379=CARTESIAN_POINT('Origin',(325.000000223517,27.,3.50000005215407));
#6380=CARTESIAN_POINT('',(280.000005085128,27.,0.198105183567747));
#6381=CARTESIAN_POINT('',(280.000005085128,27.,-0.449999970194228));
#6382=CARTESIAN_POINT('',(280.000005085128,27.,1.52500004097992));
#6383=CARTESIAN_POINT('',(282.00000511493,27.,-0.449999970194214));
#6384=CARTESIAN_POINT('Origin',(281.000005085128,27.,-0.449999970194271));
#6385=CARTESIAN_POINT('',(282.00000511493,27.,0.198108137334485));
#6386=CARTESIAN_POINT('',(282.00000511493,27.,1.84905409474427));
#6387=CARTESIAN_POINT('Origin',(281.000000223517,27.,3.50000005215407));
#6388=CARTESIAN_POINT('',(236.000005085128,27.,0.198105183567747));
#6389=CARTESIAN_POINT('',(236.000005085128,27.,-0.449999970194228));
#6390=CARTESIAN_POINT('',(236.000005085128,27.,1.52500004097992));
#6391=CARTESIAN_POINT('',(238.00000511493,27.,-0.449999970194214));
#6392=CARTESIAN_POINT('Origin',(237.000005085128,27.,-0.449999970194271));
#6393=CARTESIAN_POINT('',(238.00000511493,27.,0.198108137334485));
#6394=CARTESIAN_POINT('',(238.00000511493,27.,1.84905409474427));
#6395=CARTESIAN_POINT('Origin',(237.000000223517,27.,3.50000005215407));
#6396=CARTESIAN_POINT('',(269.000005085128,27.,0.198105183567747));
#6397=CARTESIAN_POINT('',(269.000005085128,27.,-0.449999970194228));
#6398=CARTESIAN_POINT('',(269.000005085128,27.,1.52500004097992));
#6399=CARTESIAN_POINT('',(271.00000511493,27.,-0.449999970194214));
#6400=CARTESIAN_POINT('Origin',(270.000005085128,27.,-0.449999970194271));
#6401=CARTESIAN_POINT('',(271.00000511493,27.,0.198108137334485));
#6402=CARTESIAN_POINT('',(271.00000511493,27.,1.84905409474427));
#6403=CARTESIAN_POINT('Origin',(270.000000223517,27.,3.50000005215407));
#6404=CARTESIAN_POINT('',(313.000005085128,27.,0.198105183567747));
#6405=CARTESIAN_POINT('',(313.000005085128,27.,-0.449999970194228));
#6406=CARTESIAN_POINT('',(313.000005085128,27.,1.52500004097992));
#6407=CARTESIAN_POINT('',(315.00000511493,27.,-0.449999970194214));
#6408=CARTESIAN_POINT('Origin',(314.000005085128,27.,-0.449999970194271));
#6409=CARTESIAN_POINT('',(315.00000511493,27.,0.198108137334485));
#6410=CARTESIAN_POINT('',(315.00000511493,27.,1.84905409474427));
#6411=CARTESIAN_POINT('Origin',(314.000000223517,27.,3.50000005215407));
#6412=CARTESIAN_POINT('',(335.000005085128,27.,0.198105183567758));
#6413=CARTESIAN_POINT('',(335.000005085128,27.,-0.449999970194228));
#6414=CARTESIAN_POINT('',(335.000005085128,27.,1.52500004097992));
#6415=CARTESIAN_POINT('',(337.00000511493,27.,-0.449999970194214));
#6416=CARTESIAN_POINT('Origin',(336.000005085128,27.,-0.449999970194271));
#6417=CARTESIAN_POINT('',(337.00000511493,27.,0.198108137334485));
#6418=CARTESIAN_POINT('',(337.00000511493,27.,1.84905409474427));
#6419=CARTESIAN_POINT('Origin',(336.000000223517,27.,3.50000005215407));
#6420=CARTESIAN_POINT('',(291.000005085128,27.,0.198105183567747));
#6421=CARTESIAN_POINT('',(291.000005085128,27.,-0.449999970194228));
#6422=CARTESIAN_POINT('',(291.000005085128,27.,1.52500004097992));
#6423=CARTESIAN_POINT('',(293.00000511493,27.,-0.449999970194214));
#6424=CARTESIAN_POINT('Origin',(292.000005085128,27.,-0.449999970194271));
#6425=CARTESIAN_POINT('',(293.00000511493,27.,0.198108137334485));
#6426=CARTESIAN_POINT('',(293.00000511493,27.,1.84905409474427));
#6427=CARTESIAN_POINT('Origin',(292.000000223517,27.,3.50000005215407));
#6428=CARTESIAN_POINT('',(247.000005085128,27.,0.198105183567747));
#6429=CARTESIAN_POINT('',(247.000005085128,27.,-0.449999970194228));
#6430=CARTESIAN_POINT('',(247.000005085128,27.,1.52500004097992));
#6431=CARTESIAN_POINT('',(249.00000511493,27.,-0.449999970194214));
#6432=CARTESIAN_POINT('Origin',(248.000005085128,27.,-0.449999970194271));
#6433=CARTESIAN_POINT('',(249.00000511493,27.,0.198108137334485));
#6434=CARTESIAN_POINT('',(249.00000511493,27.,1.84905409474427));
#6435=CARTESIAN_POINT('Origin',(248.000000223517,27.,3.50000005215407));
#6436=CARTESIAN_POINT('',(258.000005085128,27.,0.198105183567747));
#6437=CARTESIAN_POINT('',(258.000005085128,27.,-0.449999970194228));
#6438=CARTESIAN_POINT('',(258.000005085128,27.,1.52500004097992));
#6439=CARTESIAN_POINT('',(260.00000511493,27.,-0.449999970194214));
#6440=CARTESIAN_POINT('Origin',(259.000005085128,27.,-0.449999970194271));
#6441=CARTESIAN_POINT('',(260.00000511493,27.,0.198108137334485));
#6442=CARTESIAN_POINT('',(260.00000511493,27.,1.84905409474427));
#6443=CARTESIAN_POINT('Origin',(259.000000223517,27.,3.50000005215407));
#6444=CARTESIAN_POINT('',(302.000005085128,27.,0.198105183567747));
#6445=CARTESIAN_POINT('',(302.000005085128,27.,-0.449999970194228));
#6446=CARTESIAN_POINT('',(302.000005085128,27.,1.52500004097992));
#6447=CARTESIAN_POINT('',(304.00000511493,27.,-0.449999970194214));
#6448=CARTESIAN_POINT('Origin',(303.000005085128,27.,-0.449999970194271));
#6449=CARTESIAN_POINT('',(304.00000511493,27.,0.198108137334485));
#6450=CARTESIAN_POINT('',(304.00000511493,27.,1.84905409474427));
#6451=CARTESIAN_POINT('Origin',(303.000000223517,27.,3.50000005215407));
#6452=CARTESIAN_POINT('',(348.00000511493,27.,-0.449999970194214));
#6453=CARTESIAN_POINT('',(348.00000511493,27.,0.198108137334485));
#6454=CARTESIAN_POINT('',(348.00000511493,27.,1.84905409474427));
#6455=CARTESIAN_POINT('',(346.000005085128,27.,0.198105183567758));
#6456=CARTESIAN_POINT('Origin',(347.000000223517,27.,3.50000005215407));
#6457=CARTESIAN_POINT('',(346.000005085128,27.,-0.449999970194228));
#6458=CARTESIAN_POINT('',(346.000005085128,27.,1.52500004097992));
#6459=CARTESIAN_POINT('Origin',(347.00000511493,27.,-0.449999970194266));
#6460=CARTESIAN_POINT('',(183.00000511493,27.,0.198108137334485));
#6461=CARTESIAN_POINT('',(181.000005085128,27.,0.198105183567747));
#6462=CARTESIAN_POINT('Origin',(182.000000223517,27.,3.50000005215407));
#6463=CARTESIAN_POINT('',(181.000005085128,27.,-0.449999970194228));
#6464=CARTESIAN_POINT('',(181.000005085128,27.,1.52500004097992));
#6465=CARTESIAN_POINT('',(183.00000511493,27.,-0.449999970194214));
#6466=CARTESIAN_POINT('Origin',(182.000005085128,27.,-0.449999970194271));
#6467=CARTESIAN_POINT('',(183.00000511493,27.,1.84905409474427));
#6468=CARTESIAN_POINT('',(227.00000511493,27.,0.198108137334485));
#6469=CARTESIAN_POINT('',(225.000005085128,27.,0.198105183567747));
#6470=CARTESIAN_POINT('Origin',(226.000000223517,27.,3.50000005215407));
#6471=CARTESIAN_POINT('',(225.000005085128,27.,-0.449999970194228));
#6472=CARTESIAN_POINT('',(225.000005085128,27.,1.52500004097992));
#6473=CARTESIAN_POINT('',(227.00000511493,27.,-0.449999970194214));
#6474=CARTESIAN_POINT('Origin',(226.000005085128,27.,-0.449999970194271));
#6475=CARTESIAN_POINT('',(227.00000511493,27.,1.84905409474427));
#6476=CARTESIAN_POINT('',(194.00000511493,27.,0.198108137334485));
#6477=CARTESIAN_POINT('',(192.000005085128,27.,0.198105183567747));
#6478=CARTESIAN_POINT('Origin',(193.000000223517,27.,3.50000005215407));
#6479=CARTESIAN_POINT('',(192.000005085128,27.,-0.449999970194228));
#6480=CARTESIAN_POINT('',(192.000005085128,27.,1.52500004097992));
#6481=CARTESIAN_POINT('',(194.00000511493,27.,-0.449999970194214));
#6482=CARTESIAN_POINT('Origin',(193.000005085128,27.,-0.449999970194271));
#6483=CARTESIAN_POINT('',(194.00000511493,27.,1.84905409474427));
#6484=CARTESIAN_POINT('',(216.00000511493,27.,0.198108137334485));
#6485=CARTESIAN_POINT('',(214.000005085128,27.,0.198105183567747));
#6486=CARTESIAN_POINT('Origin',(215.000000223517,27.,3.50000005215407));
#6487=CARTESIAN_POINT('',(214.000005085128,27.,-0.449999970194228));
#6488=CARTESIAN_POINT('',(214.000005085128,27.,1.52500004097992));
#6489=CARTESIAN_POINT('',(216.00000511493,27.,-0.449999970194214));
#6490=CARTESIAN_POINT('Origin',(215.000005085128,27.,-0.449999970194271));
#6491=CARTESIAN_POINT('',(216.00000511493,27.,1.84905409474427));
#6492=CARTESIAN_POINT('',(205.00000511493,27.,0.198108137334485));
#6493=CARTESIAN_POINT('',(203.000005085128,27.,0.198105183567747));
#6494=CARTESIAN_POINT('Origin',(204.000000223517,27.,3.50000005215407));
#6495=CARTESIAN_POINT('',(203.000005085128,27.,-0.449999970194228));
#6496=CARTESIAN_POINT('',(203.000005085128,27.,1.52500004097992));
#6497=CARTESIAN_POINT('',(205.00000511493,27.,-0.449999970194214));
#6498=CARTESIAN_POINT('Origin',(204.000005085128,27.,-0.449999970194271));
#6499=CARTESIAN_POINT('',(205.00000511493,27.,1.84905409474427));
#6500=CARTESIAN_POINT('Origin',(204.000005085128,25.,-0.449999970194271));
#6501=CARTESIAN_POINT('',(203.000005085128,25.,-0.449999970194228));
#6502=CARTESIAN_POINT('',(205.00000511493,25.,-0.449999970194214));
#6503=CARTESIAN_POINT('Origin',(205.00000511493,25.,0.198108137334485));
#6504=CARTESIAN_POINT('',(205.00000511493,25.,0.198108137334485));
#6505=CARTESIAN_POINT('Origin',(204.000000223517,25.,3.50000005215407));
#6506=CARTESIAN_POINT('',(203.000005085128,25.,0.198105183567747));
#6507=CARTESIAN_POINT('Origin',(203.000005085128,25.,-0.449999970194228));
#6508=CARTESIAN_POINT('Origin',(215.000005085128,25.,-0.449999970194271));
#6509=CARTESIAN_POINT('',(214.000005085128,25.,-0.449999970194228));
#6510=CARTESIAN_POINT('',(216.00000511493,25.,-0.449999970194214));
#6511=CARTESIAN_POINT('Origin',(216.00000511493,25.,0.198108137334485));
#6512=CARTESIAN_POINT('',(216.00000511493,25.,0.198108137334485));
#6513=CARTESIAN_POINT('Origin',(215.000000223517,25.,3.50000005215407));
#6514=CARTESIAN_POINT('',(214.000005085128,25.,0.198105183567747));
#6515=CARTESIAN_POINT('Origin',(214.000005085128,25.,-0.449999970194228));
#6516=CARTESIAN_POINT('Origin',(193.000005085128,25.,-0.449999970194271));
#6517=CARTESIAN_POINT('',(192.000005085128,25.,-0.449999970194228));
#6518=CARTESIAN_POINT('',(194.00000511493,25.,-0.449999970194214));
#6519=CARTESIAN_POINT('Origin',(194.00000511493,25.,0.198108137334485));
#6520=CARTESIAN_POINT('',(194.00000511493,25.,0.198108137334485));
#6521=CARTESIAN_POINT('Origin',(193.000000223517,25.,3.50000005215407));
#6522=CARTESIAN_POINT('',(192.000005085128,25.,0.198105183567747));
#6523=CARTESIAN_POINT('Origin',(192.000005085128,25.,-0.449999970194228));
#6524=CARTESIAN_POINT('Origin',(226.000005085128,25.,-0.449999970194271));
#6525=CARTESIAN_POINT('',(225.000005085128,25.,-0.449999970194228));
#6526=CARTESIAN_POINT('',(227.00000511493,25.,-0.449999970194214));
#6527=CARTESIAN_POINT('Origin',(227.00000511493,25.,0.198108137334485));
#6528=CARTESIAN_POINT('',(227.00000511493,25.,0.198108137334485));
#6529=CARTESIAN_POINT('Origin',(226.000000223517,25.,3.50000005215407));
#6530=CARTESIAN_POINT('',(225.000005085128,25.,0.198105183567747));
#6531=CARTESIAN_POINT('Origin',(225.000005085128,25.,-0.449999970194228));
#6532=CARTESIAN_POINT('Origin',(182.000005085128,25.,-0.449999970194271));
#6533=CARTESIAN_POINT('',(181.000005085128,25.,-0.449999970194228));
#6534=CARTESIAN_POINT('',(183.00000511493,25.,-0.449999970194214));
#6535=CARTESIAN_POINT('Origin',(183.00000511493,25.,0.198108137334485));
#6536=CARTESIAN_POINT('',(183.00000511493,25.,0.198108137334485));
#6537=CARTESIAN_POINT('Origin',(182.000000223517,25.,3.50000005215407));
#6538=CARTESIAN_POINT('',(181.000005085128,25.,0.198105183567747));
#6539=CARTESIAN_POINT('Origin',(181.000005085128,25.,-0.449999970194228));
#6540=CARTESIAN_POINT('Origin',(326.00000511493,25.,0.198108137334485));
#6541=CARTESIAN_POINT('',(326.00000511493,25.,-0.449999970194214));
#6542=CARTESIAN_POINT('',(326.00000511493,25.,0.198108137334485));
#6543=CARTESIAN_POINT('Origin',(325.000000223517,25.,3.50000005215407));
#6544=CARTESIAN_POINT('',(324.000005085128,25.,0.198105183567758));
#6545=CARTESIAN_POINT('Origin',(324.000005085128,25.,-0.449999970194228));
#6546=CARTESIAN_POINT('',(324.000005085128,25.,-0.449999970194228));
#6547=CARTESIAN_POINT('Origin',(325.000005085128,25.,-0.449999970194271));
#6548=CARTESIAN_POINT('Origin',(282.00000511493,25.,0.198108137334485));
#6549=CARTESIAN_POINT('',(282.00000511493,25.,-0.449999970194214));
#6550=CARTESIAN_POINT('',(282.00000511493,25.,0.198108137334485));
#6551=CARTESIAN_POINT('Origin',(281.000000223517,25.,3.50000005215407));
#6552=CARTESIAN_POINT('',(280.000005085128,25.,0.198105183567747));
#6553=CARTESIAN_POINT('Origin',(280.000005085128,25.,-0.449999970194228));
#6554=CARTESIAN_POINT('',(280.000005085128,25.,-0.449999970194228));
#6555=CARTESIAN_POINT('Origin',(281.000005085128,25.,-0.449999970194271));
#6556=CARTESIAN_POINT('Origin',(238.00000511493,25.,0.198108137334485));
#6557=CARTESIAN_POINT('',(238.00000511493,25.,-0.449999970194214));
#6558=CARTESIAN_POINT('',(238.00000511493,25.,0.198108137334485));
#6559=CARTESIAN_POINT('Origin',(237.000000223517,25.,3.50000005215407));
#6560=CARTESIAN_POINT('',(236.000005085128,25.,0.198105183567747));
#6561=CARTESIAN_POINT('Origin',(236.000005085128,25.,-0.449999970194228));
#6562=CARTESIAN_POINT('',(236.000005085128,25.,-0.449999970194228));
#6563=CARTESIAN_POINT('Origin',(237.000005085128,25.,-0.449999970194271));
#6564=CARTESIAN_POINT('Origin',(271.00000511493,25.,0.198108137334485));
#6565=CARTESIAN_POINT('',(271.00000511493,25.,-0.449999970194214));
#6566=CARTESIAN_POINT('',(271.00000511493,25.,0.198108137334485));
#6567=CARTESIAN_POINT('Origin',(270.000000223517,25.,3.50000005215407));
#6568=CARTESIAN_POINT('',(269.000005085128,25.,0.198105183567747));
#6569=CARTESIAN_POINT('Origin',(269.000005085128,25.,-0.449999970194228));
#6570=CARTESIAN_POINT('',(269.000005085128,25.,-0.449999970194228));
#6571=CARTESIAN_POINT('Origin',(270.000005085128,25.,-0.449999970194271));
#6572=CARTESIAN_POINT('Origin',(315.00000511493,25.,0.198108137334485));
#6573=CARTESIAN_POINT('',(315.00000511493,25.,-0.449999970194214));
#6574=CARTESIAN_POINT('',(315.00000511493,25.,0.198108137334485));
#6575=CARTESIAN_POINT('Origin',(314.000000223517,25.,3.50000005215407));
#6576=CARTESIAN_POINT('',(313.000005085128,25.,0.198105183567747));
#6577=CARTESIAN_POINT('Origin',(313.000005085128,25.,-0.449999970194228));
#6578=CARTESIAN_POINT('',(313.000005085128,25.,-0.449999970194228));
#6579=CARTESIAN_POINT('Origin',(314.000005085128,25.,-0.449999970194271));
#6580=CARTESIAN_POINT('Origin',(337.00000511493,25.,0.198108137334485));
#6581=CARTESIAN_POINT('',(337.00000511493,25.,-0.449999970194214));
#6582=CARTESIAN_POINT('',(337.00000511493,25.,0.198108137334485));
#6583=CARTESIAN_POINT('Origin',(336.000000223517,25.,3.50000005215407));
#6584=CARTESIAN_POINT('',(335.000005085128,25.,0.198105183567758));
#6585=CARTESIAN_POINT('Origin',(335.000005085128,25.,-0.449999970194228));
#6586=CARTESIAN_POINT('',(335.000005085128,25.,-0.449999970194228));
#6587=CARTESIAN_POINT('Origin',(336.000005085128,25.,-0.449999970194271));
#6588=CARTESIAN_POINT('Origin',(293.00000511493,25.,0.198108137334485));
#6589=CARTESIAN_POINT('',(293.00000511493,25.,-0.449999970194214));
#6590=CARTESIAN_POINT('',(293.00000511493,25.,0.198108137334485));
#6591=CARTESIAN_POINT('Origin',(292.000000223517,25.,3.50000005215407));
#6592=CARTESIAN_POINT('',(291.000005085128,25.,0.198105183567747));
#6593=CARTESIAN_POINT('Origin',(291.000005085128,25.,-0.449999970194228));
#6594=CARTESIAN_POINT('',(291.000005085128,25.,-0.449999970194228));
#6595=CARTESIAN_POINT('Origin',(292.000005085128,25.,-0.449999970194271));
#6596=CARTESIAN_POINT('Origin',(249.00000511493,25.,0.198108137334485));
#6597=CARTESIAN_POINT('',(249.00000511493,25.,-0.449999970194214));
#6598=CARTESIAN_POINT('',(249.00000511493,25.,0.198108137334485));
#6599=CARTESIAN_POINT('Origin',(248.000000223517,25.,3.50000005215407));
#6600=CARTESIAN_POINT('',(247.000005085128,25.,0.198105183567747));
#6601=CARTESIAN_POINT('Origin',(247.000005085128,25.,-0.449999970194228));
#6602=CARTESIAN_POINT('',(247.000005085128,25.,-0.449999970194228));
#6603=CARTESIAN_POINT('Origin',(248.000005085128,25.,-0.449999970194271));
#6604=CARTESIAN_POINT('Origin',(260.00000511493,25.,0.198108137334485));
#6605=CARTESIAN_POINT('',(260.00000511493,25.,-0.449999970194214));
#6606=CARTESIAN_POINT('',(260.00000511493,25.,0.198108137334485));
#6607=CARTESIAN_POINT('Origin',(259.000000223517,25.,3.50000005215407));
#6608=CARTESIAN_POINT('',(258.000005085128,25.,0.198105183567747));
#6609=CARTESIAN_POINT('Origin',(258.000005085128,25.,-0.449999970194228));
#6610=CARTESIAN_POINT('',(258.000005085128,25.,-0.449999970194228));
#6611=CARTESIAN_POINT('Origin',(259.000005085128,25.,-0.449999970194271));
#6612=CARTESIAN_POINT('Origin',(304.00000511493,25.,0.198108137334485));
#6613=CARTESIAN_POINT('',(304.00000511493,25.,-0.449999970194214));
#6614=CARTESIAN_POINT('',(304.00000511493,25.,0.198108137334485));
#6615=CARTESIAN_POINT('Origin',(303.000000223517,25.,3.50000005215407));
#6616=CARTESIAN_POINT('',(302.000005085128,25.,0.198105183567747));
#6617=CARTESIAN_POINT('Origin',(302.000005085128,25.,-0.449999970194228));
#6618=CARTESIAN_POINT('',(302.000005085128,25.,-0.449999970194228));
#6619=CARTESIAN_POINT('Origin',(303.000005085128,25.,-0.449999970194271));
#6620=CARTESIAN_POINT('Origin',(346.000005085128,25.,-0.449999970194228));
#6621=CARTESIAN_POINT('',(346.000005085128,25.,0.198105183567758));
#6622=CARTESIAN_POINT('',(346.000005085128,25.,-0.449999970194228));
#6623=CARTESIAN_POINT('Origin',(347.00000511493,25.,-0.449999970194266));
#6624=CARTESIAN_POINT('',(348.00000511493,25.,-0.449999970194214));
#6625=CARTESIAN_POINT('Origin',(348.00000511493,25.,0.198108137334485));
#6626=CARTESIAN_POINT('',(348.00000511493,25.,0.198108137334485));
#6627=CARTESIAN_POINT('Origin',(347.000000223517,25.,3.50000005215407));
#6628=CARTESIAN_POINT('Origin',(350.000000223517,27.,6.00000023841858));
#6629=CARTESIAN_POINT('',(360.000000223517,27.,6.00000023841858));
#6630=CARTESIAN_POINT('Origin',(350.000000223517,27.,0.999999865889549));
#6631=CARTESIAN_POINT('',(360.000000223517,27.,0.999999865889549));
#6632=CARTESIAN_POINT('',(350.000000223517,27.,-9.00000013411045));
#6633=CARTESIAN_POINT('Origin',(-15.,27.,-9.00000013411045));
#6634=CARTESIAN_POINT('Origin',(360.000000223517,27.,-9.00000013411045));
#6635=CARTESIAN_POINT('Origin',(-75.000000372529,25.,6.50000005215407));
#6636=CARTESIAN_POINT('',(-72.000000372529,27.,6.50000005215407));
#6637=CARTESIAN_POINT('',(-72.000000372529,25.,6.50000005215407));
#6638=CARTESIAN_POINT('',(-72.000000372529,25.,6.50000005215407));
#6639=CARTESIAN_POINT('',(-28.000000372529,27.,6.50000005215407));
#6640=CARTESIAN_POINT('',(-37.5000001862645,27.,6.50000005215407));
#6641=CARTESIAN_POINT('',(-28.000000372529,25.,6.50000005215407));
#6642=CARTESIAN_POINT('',(-28.000000372529,25.,6.50000005215407));
#6643=CARTESIAN_POINT('',(-37.5000001862645,25.,6.50000005215407));
#6644=CARTESIAN_POINT('Origin',(-28.000000372529,25.,3.50000005215406));
#6645=CARTESIAN_POINT('',(-28.000000372529,25.,0.500000052154065));
#6646=CARTESIAN_POINT('Origin',(-28.000000372529,25.,3.50000005215406));
#6647=CARTESIAN_POINT('',(-28.000000372529,27.,0.500000052154065));
#6648=CARTESIAN_POINT('Origin',(-28.000000372529,27.,3.50000005215407));
#6649=CARTESIAN_POINT('',(-28.000000372529,25.,0.500000052154065));
#6650=CARTESIAN_POINT('Origin',(-72.000000372529,25.,3.50000005215407));
#6651=CARTESIAN_POINT('',(-72.000000372529,25.,0.500000052154065));
#6652=CARTESIAN_POINT('Origin',(-72.000000372529,25.,3.50000005215407));
#6653=CARTESIAN_POINT('',(-72.000000372529,27.,0.500000052154065));
#6654=CARTESIAN_POINT('',(-72.000000372529,25.,0.500000052154065));
#6655=CARTESIAN_POINT('Origin',(-72.000000372529,27.,3.50000005215407));
#6656=CARTESIAN_POINT('Origin',(-25.000000372529,25.,0.500000052154065));
#6657=CARTESIAN_POINT('',(-12.5000001862645,27.,0.500000052154065));
#6658=CARTESIAN_POINT('',(-12.5000001862645,25.,0.500000052154065));
#6659=CARTESIAN_POINT('Origin',(75.000000372529,25.,0.500000052154065));
#6660=CARTESIAN_POINT('',(28.000000372529,25.,0.500000052154065));
#6661=CARTESIAN_POINT('',(28.000000372529,27.,0.500000052154065));
#6662=CARTESIAN_POINT('',(28.000000372529,25.,0.500000052154065));
#6663=CARTESIAN_POINT('',(72.000000372529,25.,0.500000052154065));
#6664=CARTESIAN_POINT('',(37.5000001862645,25.,0.500000052154065));
#6665=CARTESIAN_POINT('',(72.000000372529,27.,0.500000052154065));
#6666=CARTESIAN_POINT('',(72.000000372529,25.,0.500000052154065));
#6667=CARTESIAN_POINT('',(37.5000001862645,27.,0.500000052154065));
#6668=CARTESIAN_POINT('Origin',(72.000000372529,25.,3.50000005215407));
#6669=CARTESIAN_POINT('',(72.000000372529,25.,6.50000005215407));
#6670=CARTESIAN_POINT('Origin',(72.000000372529,25.,3.50000005215406));
#6671=CARTESIAN_POINT('',(72.000000372529,27.,6.50000005215407));
#6672=CARTESIAN_POINT('',(72.000000372529,25.,6.50000005215407));
#6673=CARTESIAN_POINT('Origin',(72.000000372529,27.,3.50000005215407));
#6674=CARTESIAN_POINT('Origin',(25.000000372529,25.,6.50000005215407));
#6675=CARTESIAN_POINT('',(28.000000372529,25.,6.50000005215407));
#6676=CARTESIAN_POINT('',(12.5000001862645,25.,6.50000005215407));
#6677=CARTESIAN_POINT('',(28.000000372529,27.,6.50000005215407));
#6678=CARTESIAN_POINT('',(28.000000372529,25.,6.50000005215407));
#6679=CARTESIAN_POINT('',(12.5000001862645,27.,6.50000005215407));
#6680=CARTESIAN_POINT('Origin',(28.000000372529,25.,3.50000005215407));
#6681=CARTESIAN_POINT('Origin',(28.000000372529,25.,3.50000005215407));
#6682=CARTESIAN_POINT('Origin',(28.000000372529,27.,3.50000005215407));
#6683=CARTESIAN_POINT('Origin',(-119.8,27.,16.0000002384186));
#6684=CARTESIAN_POINT('',(-119.8,27.,-9.0000010728836));
#6685=CARTESIAN_POINT('',(-119.8,27.,16.0000002384186));
#6686=CARTESIAN_POINT('',(-119.8,27.,9.74999991059304));
#6687=CARTESIAN_POINT('',(-119.8,25.,-9.0000010728836));
#6688=CARTESIAN_POINT('',(-119.8,27.,-9.00000107109546));
#6689=CARTESIAN_POINT('',(-119.8,25.,16.0000002384186));
#6690=CARTESIAN_POINT('',(-119.8,25.,9.74999991059304));
#6691=CARTESIAN_POINT('',(-119.8,27.,16.0000002384186));
#6692=CARTESIAN_POINT('Origin',(0.,27.,3.4999995827675));
#6693=CARTESIAN_POINT('',(119.8,27.,16.0000002384186));
#6694=CARTESIAN_POINT('',(-120.,27.,16.0000002384186));
#6695=CARTESIAN_POINT('',(119.8,27.,-9.00000013411045));
#6696=CARTESIAN_POINT('',(119.8,27.,-2.75000027567148));
#6697=CARTESIAN_POINT('',(-15.,27.,-9.00000013411045));
#6698=CARTESIAN_POINT('',(-15.,27.,-9.00000013411045));
#6699=CARTESIAN_POINT('',(-350.,27.,-9.00000312924382));
#6700=CARTESIAN_POINT('',(-1.5,27.,2.50000011920929));
#6701=CARTESIAN_POINT('Origin',(0.,27.,2.50000011920929));
#6702=CARTESIAN_POINT('Origin',(120.,27.,16.0000002384186));
#6703=CARTESIAN_POINT('',(119.8,25.,16.0000002384186));
#6704=CARTESIAN_POINT('',(-120.,25.,16.0000002384186));
#6705=CARTESIAN_POINT('',(119.8,27.,16.0000002384186));
#6706=CARTESIAN_POINT('Origin',(119.8,27.,-9.00000013411045));
#6707=CARTESIAN_POINT('',(119.8,25.,-9.00000013411045));
#6708=CARTESIAN_POINT('',(119.8,25.,-2.75000027567148));
#6709=CARTESIAN_POINT('',(119.8,27.,-9.00000013411045));
#6710=CARTESIAN_POINT('Origin',(0.,25.,3.4999995827675));
#6711=CARTESIAN_POINT('',(-15.,25.,-9.00000013411045));
#6712=CARTESIAN_POINT('',(-350.,25.,-9.00000312924382));
#6713=CARTESIAN_POINT('',(-15.,25.,-9.00000013411045));
#6714=CARTESIAN_POINT('',(-1.5,25.,2.50000011920929));
#6715=CARTESIAN_POINT('Origin',(0.,25.,2.50000011920929));
#6716=CARTESIAN_POINT('',(-107.5,25.,3.4999995827675));
#6717=CARTESIAN_POINT('Origin',(-105.,25.,3.4999995827675));
#6718=CARTESIAN_POINT('',(102.5,25.,3.50000005215406));
#6719=CARTESIAN_POINT('Origin',(105.,25.,3.50000005215406));
#6720=CARTESIAN_POINT('Origin',(105.,25.,3.50000005215406));
#6721=CARTESIAN_POINT('',(102.5,23.,3.50000005215406));
#6722=CARTESIAN_POINT('Origin',(105.,23.,3.50000005215406));
#6723=CARTESIAN_POINT('',(102.5,25.,3.50000005215406));
#6724=CARTESIAN_POINT('Origin',(105.,23.,3.50000005215406));
#6725=CARTESIAN_POINT('Origin',(-105.,25.,3.4999995827675));
#6726=CARTESIAN_POINT('',(-107.5,23.,3.4999995827675));
#6727=CARTESIAN_POINT('Origin',(-105.,23.,3.4999995827675));
#6728=CARTESIAN_POINT('',(-107.5,25.,3.4999995827675));
#6729=CARTESIAN_POINT('Origin',(-105.,23.,3.4999995827675));
#6730=CARTESIAN_POINT('Origin',(0.,27.,2.50000011920929));
#6731=CARTESIAN_POINT('',(-1.5,27.,2.50000011920929));
#6732=CARTESIAN_POINT('Origin',(-15.,27.,-9.00000013411045));
#6733=CARTESIAN_POINT('',(-15.,27.,-9.00000013411045));
#6734=CARTESIAN_POINT('Origin',(-120.,27.,-9.0000010728836));
#6735=CARTESIAN_POINT('Origin',(-178.094562097202,25.,0.500000052154065));
#6736=CARTESIAN_POINT('',(-315.094562097202,25.,0.500000052154065));
#6737=CARTESIAN_POINT('',(-315.094562097202,27.,0.500000052154065));
#6738=CARTESIAN_POINT('',(-315.094562097202,25.,0.500000052154065));
#6739=CARTESIAN_POINT('',(-171.094562097202,25.,0.500000052154065));
#6740=CARTESIAN_POINT('',(-89.0472810486011,25.,0.500000052154065));
#6741=CARTESIAN_POINT('',(-171.094562097202,27.,0.500000052154065));
#6742=CARTESIAN_POINT('',(-171.094562097202,25.,0.500000052154065));
#6743=CARTESIAN_POINT('',(-89.0472810486011,27.,0.500000052154065));
#6744=CARTESIAN_POINT('Origin',(-315.094562097202,25.,3.50000005215407));
#6745=CARTESIAN_POINT('',(-315.094562097202,25.,6.50000005215407));
#6746=CARTESIAN_POINT('Origin',(-315.094562097202,25.,3.50000005215407));
#6747=CARTESIAN_POINT('',(-315.094562097202,27.,6.50000005215407));
#6748=CARTESIAN_POINT('Origin',(-315.094562097202,27.,3.50000005215407));
#6749=CARTESIAN_POINT('',(-315.094562097202,25.,6.50000005215407));
#6750=CARTESIAN_POINT('Origin',(-171.094562097202,25.,3.50000005215407));
#6751=CARTESIAN_POINT('',(-171.094562097202,27.,6.50000005215407));
#6752=CARTESIAN_POINT('Origin',(-171.094562097202,27.,3.50000005215407));
#6753=CARTESIAN_POINT('',(-171.094562097202,25.,6.50000005215407));
#6754=CARTESIAN_POINT('Origin',(-171.094562097202,25.,3.50000005215407));
#6755=CARTESIAN_POINT('',(-171.094562097202,25.,6.50000005215407));
#6756=CARTESIAN_POINT('Origin',(0.,25.,3.50000005215406));
#6757=CARTESIAN_POINT('',(-120.2,25.,-9.0000010728836));
#6758=CARTESIAN_POINT('',(-120.2,25.,16.0000002384186));
#6759=CARTESIAN_POINT('',(-120.2,25.,-2.75000051036477));
#6760=CARTESIAN_POINT('',(-350.000000223517,25.,15.9999972432852));
#6761=CARTESIAN_POINT('',(-15.0000002235174,25.,16.0000002384186));
#6762=CARTESIAN_POINT('',(-360.00000013411,25.,5.99999715387826));
#6763=CARTESIAN_POINT('Origin',(-350.00000013411,25.,5.99999724328522));
#6764=CARTESIAN_POINT('',(-360.000000089407,25.,0.999996781349224));
#6765=CARTESIAN_POINT('',(-360.000000223517,25.,15.9999971538783));
#6766=CARTESIAN_POINT('',(-350.,25.,-9.00000312924381));
#6767=CARTESIAN_POINT('Origin',(-350.000000089407,25.,0.999996870756191));
#6768=CARTESIAN_POINT('',(-15.,25.,-9.00000013411045));
#6769=CARTESIAN_POINT('',(-343.600005364418,25.,3.50000005215407));
#6770=CARTESIAN_POINT('Origin',(-341.000005364418,25.,3.50000005215407));
#6771=CARTESIAN_POINT('',(-354.600005364418,25.,3.50000005215407));
#6772=CARTESIAN_POINT('Origin',(-352.000005364418,25.,3.50000005215407));
#6773=CARTESIAN_POINT('',(-137.5,25.,3.4999995827675));
#6774=CARTESIAN_POINT('Origin',(-135.,25.,3.4999995827675));
#6775=CARTESIAN_POINT('',(-159.047281048601,25.,6.50000005215407));
#6776=CARTESIAN_POINT('Origin',(-318.094562097202,25.,6.50000005215407));
#6777=CARTESIAN_POINT('',(-159.047281048601,27.,6.50000005215407));
#6778=CARTESIAN_POINT('Origin',(-120.2,23.,-9.0000010728836));
#6779=CARTESIAN_POINT('',(-120.2,27.,16.0000002384186));
#6780=CARTESIAN_POINT('',(-120.2,27.,-9.0000010728836));
#6781=CARTESIAN_POINT('',(-120.2,27.,-2.75000051036477));
#6782=CARTESIAN_POINT('',(-120.2,24.,15.9999992978573));
#6783=CARTESIAN_POINT('',(-120.2,25.,-9.00000107467173));
#6784=CARTESIAN_POINT('Origin',(-15.0000002235174,25.,16.0000002384186));
#6785=CARTESIAN_POINT('',(-350.000000223517,27.,15.9999972432852));
#6786=CARTESIAN_POINT('',(-15.0000002235174,27.,16.0000002384186));
#6787=CARTESIAN_POINT('',(-350.000000223517,26.,15.9999972432852));
#6788=CARTESIAN_POINT('Origin',(0.,27.,3.50000005215406));
#6789=CARTESIAN_POINT('',(-350.,27.,-9.00000312924381));
#6790=CARTESIAN_POINT('',(-15.,27.,-9.00000013411045));
#6791=CARTESIAN_POINT('',(-360.000000089407,27.,0.999996781349224));
#6792=CARTESIAN_POINT('Origin',(-350.000000089407,27.,0.999996870756191));
#6793=CARTESIAN_POINT('',(-360.00000013411,27.,5.99999715387826));
#6794=CARTESIAN_POINT('',(-360.000000223517,27.,15.9999971538783));
#6795=CARTESIAN_POINT('Origin',(-350.00000013411,27.,5.99999724328522));
#6796=CARTESIAN_POINT('Origin',(-135.,25.,3.4999995827675));
#6797=CARTESIAN_POINT('',(-137.5,23.,3.4999995827675));
#6798=CARTESIAN_POINT('Origin',(-135.,23.,3.4999995827675));
#6799=CARTESIAN_POINT('',(-137.5,25.,3.4999995827675));
#6800=CARTESIAN_POINT('Origin',(-135.,23.,3.4999995827675));
#6801=CARTESIAN_POINT('Origin',(-352.000005364418,25.,3.50000005215407));
#6802=CARTESIAN_POINT('',(-354.600005364418,22.2000001788139,3.50000005215407));
#6803=CARTESIAN_POINT('Origin',(-352.000005364418,22.2000001788139,3.50000005215407));
#6804=CARTESIAN_POINT('',(-354.600005364418,25.,3.50000005215406));
#6805=CARTESIAN_POINT('Origin',(-341.000005364418,25.,3.50000005215407));
#6806=CARTESIAN_POINT('',(-343.600005364418,22.2000001788139,3.50000005215407));
#6807=CARTESIAN_POINT('Origin',(-341.000005364418,22.2000001788139,3.50000005215407));
#6808=CARTESIAN_POINT('',(-343.600005364418,25.,3.50000005215406));
#6809=CARTESIAN_POINT('Origin',(-350.00000013411,26.,5.99999724328522));
#6810=CARTESIAN_POINT('',(-360.00000013411,26.,5.99999715387826));
#6811=CARTESIAN_POINT('Origin',(-360.000000223517,27.,15.9999971538783));
#6812=CARTESIAN_POINT('',(-360.000000089407,27.,0.999996781349225));
#6813=CARTESIAN_POINT('Origin',(-350.000000089407,27.,0.999996870756191));
#6814=CARTESIAN_POINT('',(-350.,27.,-9.00000312924381));
#6815=CARTESIAN_POINT('Ctrl Pts',(-354.309406441176,19.8905989232415,1.19059897539556));
#6816=CARTESIAN_POINT('Ctrl Pts',(-354.374366346679,19.8256390177386,1.32051878640139));
#6817=CARTESIAN_POINT('Ctrl Pts',(-354.433787795249,19.7662175691691,1.44591784490156));
#6818=CARTESIAN_POINT('Ctrl Pts',(-354.548047252811,19.6519581116072,1.75060307180391));
#6819=CARTESIAN_POINT('Ctrl Pts',(-354.602885261804,19.5971201026147,1.92988924020607));
#6820=CARTESIAN_POINT('Ctrl Pts',(-354.760524129415,19.4394812350027,2.54857841026554));
#6821=CARTESIAN_POINT('Ctrl Pts',(-354.896340848913,19.3036645155049,3.50000005215407));
#6822=CARTESIAN_POINT('Ctrl Pts',(-354.760524129415,19.4394812350027,4.45142169404259));
#6823=CARTESIAN_POINT('Ctrl Pts',(-354.602885261804,19.5971201026147,5.07011086410206));
#6824=CARTESIAN_POINT('Ctrl Pts',(-354.548047252811,19.6519581116071,5.24939703250422));
#6825=CARTESIAN_POINT('Ctrl Pts',(-354.433787795249,19.7662175691691,5.55408225940656));
#6826=CARTESIAN_POINT('Ctrl Pts',(-354.374366346679,19.8256390177386,5.67948131790674));
#6827=CARTESIAN_POINT('Ctrl Pts',(-354.309406441176,19.8905989232415,5.80940112891257));
#6828=CARTESIAN_POINT('Ctrl Pts',(-354.179486630171,19.8256390177386,1.12563906989265));
#6829=CARTESIAN_POINT('Ctrl Pts',(-354.228504083616,19.7266088209991,1.27150133295656));
#6830=CARTESIAN_POINT('Ctrl Pts',(-354.290270531331,19.6549483145273,1.40659418060413));
#6831=CARTESIAN_POINT('Ctrl Pts',(-354.392658804701,19.5024081400749,1.73914586495095));
#6832=CARTESIAN_POINT('Ctrl Pts',(-354.442324207015,19.4365590478264,1.92988924020607));
#6833=CARTESIAN_POINT('Ctrl Pts',(-354.581127955848,19.2600850614351,2.54857841026555));
#6834=CARTESIAN_POINT('Ctrl Pts',(-354.706338959963,19.1136626265544,3.50000005215407));
#6835=CARTESIAN_POINT('Ctrl Pts',(-354.581127955848,19.2600850614351,4.45142169404259));
#6836=CARTESIAN_POINT('Ctrl Pts',(-354.442324207015,19.4365590478264,5.07011086410206));
#6837=CARTESIAN_POINT('Ctrl Pts',(-354.3926588047,19.5024081400749,5.26085423935718));
#6838=CARTESIAN_POINT('Ctrl Pts',(-354.290270531331,19.6549483145273,5.593405923704));
#6839=CARTESIAN_POINT('Ctrl Pts',(-354.228504083615,19.7266088209991,5.72849877135157));
#6840=CARTESIAN_POINT('Ctrl Pts',(-354.179486630171,19.8256390177386,5.87436103441548));
#6841=CARTESIAN_POINT('Ctrl Pts',(-354.05408757167,19.7662175691691,1.06621762132317));
#6842=CARTESIAN_POINT('Ctrl Pts',(-354.093411235968,19.6549483145273,1.20973488524079));
#6843=CARTESIAN_POINT('Ctrl Pts',(-354.132872073432,19.5538204554805,1.36713334313999));
#6844=CARTESIAN_POINT('Ctrl Pts',(-354.218289208297,19.3734144760438,1.71927480777307));
#6845=CARTESIAN_POINT('Ctrl Pts',(-354.263577670892,19.2952335805117,1.91399207339531));
#6846=CARTESIAN_POINT('Ctrl Pts',(-354.382739135962,19.0996815341857,2.54274129414264));
#6847=CARTESIAN_POINT('Ctrl Pts',(-354.497077295478,18.942920513138,3.50000005215406));
#6848=CARTESIAN_POINT('Ctrl Pts',(-354.382739135962,19.0996815341857,4.45725881016549));
#6849=CARTESIAN_POINT('Ctrl Pts',(-354.263577670892,19.2952335805117,5.08600803091282));
#6850=CARTESIAN_POINT('Ctrl Pts',(-354.218289208297,19.3734144760438,5.28072529653506));
#6851=CARTESIAN_POINT('Ctrl Pts',(-354.132872073432,19.5538204554805,5.63286676116814));
#6852=CARTESIAN_POINT('Ctrl Pts',(-354.093411235968,19.6549483145273,5.79026521906734));
#6853=CARTESIAN_POINT('Ctrl Pts',(-354.05408757167,19.7662175691691,5.93378248298496));
#6854=CARTESIAN_POINT('Ctrl Pts',(-353.749402344768,19.6519581116072,0.951958163761216));
#6855=CARTESIAN_POINT('Ctrl Pts',(-353.760859551621,19.5024081400749,1.10734661187172));
#6856=CARTESIAN_POINT('Ctrl Pts',(-353.780730608799,19.3734144760438,1.2817162082752));
#6857=CARTESIAN_POINT('Ctrl Pts',(-353.836255357739,19.1481611232385,1.66375005883292));
#6858=CARTESIAN_POINT('Ctrl Pts',(-353.868978432689,19.0535250772047,1.86967917894825));
#6859=CARTESIAN_POINT('Ctrl Pts',(-353.957472526712,18.8202916477013,2.52522994577393));
#6860=CARTESIAN_POINT('Ctrl Pts',(-354.049664303208,18.6444462979579,3.50000005215407));
#6861=CARTESIAN_POINT('Ctrl Pts',(-353.957472526712,18.8202916477013,4.4747701585342));
#6862=CARTESIAN_POINT('Ctrl Pts',(-353.868978432689,19.0535250772047,5.13032092535988));
#6863=CARTESIAN_POINT('Ctrl Pts',(-353.836255357739,19.1481611232385,5.33625004547521));
#6864=CARTESIAN_POINT('Ctrl Pts',(-353.780730608799,19.3734144760438,5.71828389603294));
#6865=CARTESIAN_POINT('Ctrl Pts',(-353.760859551621,19.5024081400749,5.89265349243641));
#6866=CARTESIAN_POINT('Ctrl Pts',(-353.749402344768,19.6519581116072,6.04804194054692));
#6867=CARTESIAN_POINT('Ctrl Pts',(-353.570116176366,19.5971201026147,0.897120154768736));
#6868=CARTESIAN_POINT('Ctrl Pts',(-353.570116176366,19.4365590478264,1.05768120955698));
#6869=CARTESIAN_POINT('Ctrl Pts',(-353.586013343177,19.2952335805117,1.23642774567996));
#6870=CARTESIAN_POINT('Ctrl Pts',(-353.630326237624,19.0535250772047,1.63102698388315));
#6871=CARTESIAN_POINT('Ctrl Pts',(-353.656487237014,18.9520892054474,1.84351817955785));
#6872=CARTESIAN_POINT('Ctrl Pts',(-353.730594737349,18.7013052884662,2.51355571352813));
#6873=CARTESIAN_POINT('Ctrl Pts',(-353.811512975423,18.5167141961943,3.50000005215407));
#6874=CARTESIAN_POINT('Ctrl Pts',(-353.730594737349,18.7013052884662,4.48644439078));
#6875=CARTESIAN_POINT('Ctrl Pts',(-353.656487237014,18.9520892054474,5.15648192475028));
#6876=CARTESIAN_POINT('Ctrl Pts',(-353.630326237624,19.0535250772047,5.36897312042498));
#6877=CARTESIAN_POINT('Ctrl Pts',(-353.586013343177,19.2952335805117,5.76357235862817));
#6878=CARTESIAN_POINT('Ctrl Pts',(-353.570116176366,19.4365590478264,5.94231889475115));
#6879=CARTESIAN_POINT('Ctrl Pts',(-353.570116176366,19.5971201026147,6.10287994953939));
#6880=CARTESIAN_POINT('Ctrl Pts',(-352.951427006307,19.4394812350027,0.739481287156796));
#6881=CARTESIAN_POINT('Ctrl Pts',(-352.951427006307,19.2600850614351,0.918877460724437));
#6882=CARTESIAN_POINT('Ctrl Pts',(-352.957264122429,19.0996815341857,1.11726628061038));
#6883=CARTESIAN_POINT('Ctrl Pts',(-352.974775470798,18.8202916477013,1.54253288985971));
#6884=CARTESIAN_POINT('Ctrl Pts',(-352.986449703044,18.7013052884662,1.7694106792231));
#6885=CARTESIAN_POINT('Ctrl Pts',(-353.021472399781,18.4116197758488,2.47853301679071));
#6886=CARTESIAN_POINT('Ctrl Pts',(-353.068169328764,18.2047685992599,3.50000005215407));
#6887=CARTESIAN_POINT('Ctrl Pts',(-353.021472399781,18.4116197758488,4.52146708751742));
#6888=CARTESIAN_POINT('Ctrl Pts',(-352.986449703044,18.7013052884662,5.23058942508503));
#6889=CARTESIAN_POINT('Ctrl Pts',(-352.974775470798,18.8202916477013,5.45746721444842));
#6890=CARTESIAN_POINT('Ctrl Pts',(-352.957264122429,19.0996815341857,5.88273382369775));
#6891=CARTESIAN_POINT('Ctrl Pts',(-352.951427006307,19.2600850614351,6.08112264358369));
#6892=CARTESIAN_POINT('Ctrl Pts',(-352.951427006307,19.4394812350027,6.26051881715133));
#6893=CARTESIAN_POINT('Ctrl Pts',(-352.000005364418,19.3036645155049,0.603664567658964));
#6894=CARTESIAN_POINT('Ctrl Pts',(-352.000005364418,19.1136626265544,0.793666456609452));
#6895=CARTESIAN_POINT('Ctrl Pts',(-352.000005364418,18.942920513138,1.00292812109398));
#6896=CARTESIAN_POINT('Ctrl Pts',(-352.000005364418,18.6444462979579,1.45034111336409));
#6897=CARTESIAN_POINT('Ctrl Pts',(-352.000005364418,18.5167141961943,1.68849244114968));
#6898=CARTESIAN_POINT('Ctrl Pts',(-352.000005364418,18.20476859926,2.43183608780749));
#6899=CARTESIAN_POINT('Ctrl Pts',(-352.000005364418,17.9788430256313,3.50000005215407));
#6900=CARTESIAN_POINT('Ctrl Pts',(-352.000005364418,18.20476859926,4.56816401650064));
#6901=CARTESIAN_POINT('Ctrl Pts',(-352.000005364418,18.5167141961943,5.31150766315846));
#6902=CARTESIAN_POINT('Ctrl Pts',(-352.000005364418,18.6444462979579,5.54965899094404));
#6903=CARTESIAN_POINT('Ctrl Pts',(-352.000005364418,18.942920513138,5.99707198321415));
#6904=CARTESIAN_POINT('Ctrl Pts',(-352.000005364418,19.1136626265544,6.20633364769868));
#6905=CARTESIAN_POINT('Ctrl Pts',(-352.000005364418,19.3036645155049,6.39633553664917));
#6906=CARTESIAN_POINT('Ctrl Pts',(-351.048583722529,19.4394812350027,0.739481287156796));
#6907=CARTESIAN_POINT('Ctrl Pts',(-351.048583722529,19.2600850614351,0.918877460724437));
#6908=CARTESIAN_POINT('Ctrl Pts',(-351.042746606407,19.0996815341858,1.11726628061038));
#6909=CARTESIAN_POINT('Ctrl Pts',(-351.025235258038,18.8202916477013,1.54253288985971));
#6910=CARTESIAN_POINT('Ctrl Pts',(-351.013561025792,18.7013052884662,1.7694106792231));
#6911=CARTESIAN_POINT('Ctrl Pts',(-350.978538329055,18.4116197758488,2.47853301679071));
#6912=CARTESIAN_POINT('Ctrl Pts',(-350.931841400072,18.2047685992599,3.50000005215407));
#6913=CARTESIAN_POINT('Ctrl Pts',(-350.978538329055,18.4116197758488,4.52146708751742));
#6914=CARTESIAN_POINT('Ctrl Pts',(-351.013561025792,18.7013052884662,5.23058942508503));
#6915=CARTESIAN_POINT('Ctrl Pts',(-351.025235258038,18.8202916477013,5.45746721444842));
#6916=CARTESIAN_POINT('Ctrl Pts',(-351.042746606407,19.0996815341858,5.88273382369775));
#6917=CARTESIAN_POINT('Ctrl Pts',(-351.048583722529,19.2600850614351,6.08112264358369));
#6918=CARTESIAN_POINT('Ctrl Pts',(-351.048583722529,19.4394812350027,6.26051881715133));
#6919=CARTESIAN_POINT('Ctrl Pts',(-350.42989455247,19.5971201026147,0.897120154768736));
#6920=CARTESIAN_POINT('Ctrl Pts',(-350.42989455247,19.4365590478264,1.05768120955698));
#6921=CARTESIAN_POINT('Ctrl Pts',(-350.413997385659,19.2952335805117,1.23642774567996));
#6922=CARTESIAN_POINT('Ctrl Pts',(-350.369684491212,19.0535250772047,1.63102698388315));
#6923=CARTESIAN_POINT('Ctrl Pts',(-350.343523491822,18.9520892054474,1.84351817955785));
#6924=CARTESIAN_POINT('Ctrl Pts',(-350.269415991487,18.7013052884662,2.51355571352813));
#6925=CARTESIAN_POINT('Ctrl Pts',(-350.188497753414,18.5167141961943,3.50000005215407));
#6926=CARTESIAN_POINT('Ctrl Pts',(-350.269415991487,18.7013052884662,4.48644439078));
#6927=CARTESIAN_POINT('Ctrl Pts',(-350.343523491822,18.9520892054474,5.15648192475028));
#6928=CARTESIAN_POINT('Ctrl Pts',(-350.369684491212,19.0535250772047,5.36897312042498));
#6929=CARTESIAN_POINT('Ctrl Pts',(-350.413997385659,19.2952335805117,5.76357235862817));
#6930=CARTESIAN_POINT('Ctrl Pts',(-350.42989455247,19.4365590478264,5.94231889475115));
#6931=CARTESIAN_POINT('Ctrl Pts',(-350.42989455247,19.5971201026147,6.10287994953939));
#6932=CARTESIAN_POINT('Ctrl Pts',(-350.250608384068,19.6519581116072,0.951958163761215));
#6933=CARTESIAN_POINT('Ctrl Pts',(-350.239151177215,19.5024081400749,1.10734661187172));
#6934=CARTESIAN_POINT('Ctrl Pts',(-350.219280120037,19.3734144760438,1.2817162082752));
#6935=CARTESIAN_POINT('Ctrl Pts',(-350.163755371097,19.1481611232385,1.66375005883292));
#6936=CARTESIAN_POINT('Ctrl Pts',(-350.131032296147,19.0535250772047,1.86967917894825));
#6937=CARTESIAN_POINT('Ctrl Pts',(-350.042538202124,18.8202916477013,2.52522994577393));
#6938=CARTESIAN_POINT('Ctrl Pts',(-349.950346425628,18.6444462979579,3.50000005215407));
#6939=CARTESIAN_POINT('Ctrl Pts',(-350.042538202124,18.8202916477013,4.4747701585342));
#6940=CARTESIAN_POINT('Ctrl Pts',(-350.131032296147,19.0535250772047,5.13032092535988));
#6941=CARTESIAN_POINT('Ctrl Pts',(-350.163755371097,19.1481611232385,5.33625004547521));
#6942=CARTESIAN_POINT('Ctrl Pts',(-350.219280120037,19.3734144760438,5.71828389603294));
#6943=CARTESIAN_POINT('Ctrl Pts',(-350.239151177215,19.5024081400749,5.89265349243641));
#6944=CARTESIAN_POINT('Ctrl Pts',(-350.250608384068,19.6519581116072,6.04804194054691));
#6945=CARTESIAN_POINT('Ctrl Pts',(-349.945923157165,19.7662175691691,1.06621762132317));
#6946=CARTESIAN_POINT('Ctrl Pts',(-349.906599492868,19.6549483145273,1.20973488524079));
#6947=CARTESIAN_POINT('Ctrl Pts',(-349.867138655404,19.5538204554805,1.36713334313999));
#6948=CARTESIAN_POINT('Ctrl Pts',(-349.781721520539,19.3734144760438,1.71927480777307));
#6949=CARTESIAN_POINT('Ctrl Pts',(-349.736433057944,19.2952335805117,1.91399207339531));
#6950=CARTESIAN_POINT('Ctrl Pts',(-349.617271592874,19.0996815341857,2.54274129414264));
#6951=CARTESIAN_POINT('Ctrl Pts',(-349.502933433358,18.942920513138,3.50000005215407));
#6952=CARTESIAN_POINT('Ctrl Pts',(-349.617271592874,19.0996815341857,4.45725881016549));
#6953=CARTESIAN_POINT('Ctrl Pts',(-349.736433057944,19.2952335805117,5.08600803091282));
#6954=CARTESIAN_POINT('Ctrl Pts',(-349.781721520539,19.3734144760438,5.28072529653506));
#6955=CARTESIAN_POINT('Ctrl Pts',(-349.867138655404,19.5538204554805,5.63286676116814));
#6956=CARTESIAN_POINT('Ctrl Pts',(-349.906599492868,19.6549483145273,5.79026521906734));
#6957=CARTESIAN_POINT('Ctrl Pts',(-349.945923157165,19.7662175691691,5.93378248298496));
#6958=CARTESIAN_POINT('Ctrl Pts',(-349.820524098665,19.8256390177386,1.12563906989265));
#6959=CARTESIAN_POINT('Ctrl Pts',(-349.77150664522,19.7266088209991,1.27150133295656));
#6960=CARTESIAN_POINT('Ctrl Pts',(-349.709740197505,19.6549483145273,1.40659418060413));
#6961=CARTESIAN_POINT('Ctrl Pts',(-349.607351924136,19.5024081400749,1.73914586495095));
#6962=CARTESIAN_POINT('Ctrl Pts',(-349.557686521821,19.4365590478264,1.92988924020607));
#6963=CARTESIAN_POINT('Ctrl Pts',(-349.418882772988,19.2600850614351,2.54857841026555));
#6964=CARTESIAN_POINT('Ctrl Pts',(-349.293671768874,19.1136626265544,3.50000005215407));
#6965=CARTESIAN_POINT('Ctrl Pts',(-349.418882772988,19.2600850614351,4.45142169404259));
#6966=CARTESIAN_POINT('Ctrl Pts',(-349.557686521821,19.4365590478264,5.07011086410206));
#6967=CARTESIAN_POINT('Ctrl Pts',(-349.607351924136,19.5024081400749,5.26085423935718));
#6968=CARTESIAN_POINT('Ctrl Pts',(-349.709740197505,19.6549483145273,5.593405923704));
#6969=CARTESIAN_POINT('Ctrl Pts',(-349.77150664522,19.7266088209991,5.72849877135157));
#6970=CARTESIAN_POINT('Ctrl Pts',(-349.820524098665,19.8256390177386,5.87436103441548));
#6971=CARTESIAN_POINT('Ctrl Pts',(-349.690604287659,19.8905989232415,1.19059897539556));
#6972=CARTESIAN_POINT('Ctrl Pts',(-349.625644382157,19.8256390177386,1.32051878640139));
#6973=CARTESIAN_POINT('Ctrl Pts',(-349.566222933587,19.7662175691691,1.44591784490156));
#6974=CARTESIAN_POINT('Ctrl Pts',(-349.451963476025,19.6519581116072,1.75060307180391));
#6975=CARTESIAN_POINT('Ctrl Pts',(-349.397125467033,19.5971201026147,1.92988924020607));
#6976=CARTESIAN_POINT('Ctrl Pts',(-349.239486599421,19.4394812350027,2.54857841026555));
#6977=CARTESIAN_POINT('Ctrl Pts',(-349.103669879923,19.3036645155049,3.50000005215407));
#6978=CARTESIAN_POINT('Ctrl Pts',(-349.239486599421,19.4394812350027,4.45142169404259));
#6979=CARTESIAN_POINT('Ctrl Pts',(-349.397125467033,19.5971201026147,5.07011086410206));
#6980=CARTESIAN_POINT('Ctrl Pts',(-349.451963476025,19.6519581116072,5.24939703250422));
#6981=CARTESIAN_POINT('Ctrl Pts',(-349.566222933587,19.7662175691691,5.55408225940656));
#6982=CARTESIAN_POINT('Ctrl Pts',(-349.625644382157,19.8256390177386,5.67948131790674));
#6983=CARTESIAN_POINT('Ctrl Pts',(-349.690604287659,19.8905989232415,5.80940112891257));
#6984=CARTESIAN_POINT('',(-349.69060428766,19.8905989232415,1.19059897539556));
#6985=CARTESIAN_POINT('',(-354.309406441177,19.8905989232415,1.19059897539556));
#6986=CARTESIAN_POINT('Ctrl Pts',(-349.690604287659,19.8905989232415,1.19059897539556));
#6987=CARTESIAN_POINT('Ctrl Pts',(-349.820524098665,19.8256390177386,1.12563906989265));
#6988=CARTESIAN_POINT('Ctrl Pts',(-349.945923157165,19.7662175691691,1.06621762132317));
#6989=CARTESIAN_POINT('Ctrl Pts',(-350.250608384068,19.6519581116072,0.951958163761215));
#6990=CARTESIAN_POINT('Ctrl Pts',(-350.42989455247,19.5971201026147,0.897120154768736));
#6991=CARTESIAN_POINT('Ctrl Pts',(-351.048583722529,19.4394812350027,0.739481287156796));
#6992=CARTESIAN_POINT('Ctrl Pts',(-352.000005364418,19.3036645155049,0.603664567658964));
#6993=CARTESIAN_POINT('Ctrl Pts',(-352.951427006307,19.4394812350027,0.739481287156796));
#6994=CARTESIAN_POINT('Ctrl Pts',(-353.570116176366,19.5971201026147,0.897120154768736));
#6995=CARTESIAN_POINT('Ctrl Pts',(-353.749402344768,19.6519581116072,0.951958163761216));
#6996=CARTESIAN_POINT('Ctrl Pts',(-354.05408757167,19.7662175691691,1.06621762132317));
#6997=CARTESIAN_POINT('Ctrl Pts',(-354.179486630171,19.8256390177386,1.12563906989265));
#6998=CARTESIAN_POINT('Ctrl Pts',(-354.309406441176,19.8905989232415,1.19059897539556));
#6999=CARTESIAN_POINT('',(-349.69060428766,19.8905989232415,5.80940112891257));
#7000=CARTESIAN_POINT('Ctrl Pts',(-349.690604287659,19.8905989232415,1.19059897539556));
#7001=CARTESIAN_POINT('Ctrl Pts',(-349.625644382157,19.8256390177386,1.32051878640139));
#7002=CARTESIAN_POINT('Ctrl Pts',(-349.566222933587,19.7662175691691,1.44591784490156));
#7003=CARTESIAN_POINT('Ctrl Pts',(-349.451963476025,19.6519581116072,1.75060307180391));
#7004=CARTESIAN_POINT('Ctrl Pts',(-349.397125467033,19.5971201026147,1.92988924020607));
#7005=CARTESIAN_POINT('Ctrl Pts',(-349.239486599421,19.4394812350027,2.54857841026555));
#7006=CARTESIAN_POINT('Ctrl Pts',(-349.103669879923,19.3036645155049,3.50000005215407));
#7007=CARTESIAN_POINT('Ctrl Pts',(-349.239486599421,19.4394812350027,4.45142169404259));
#7008=CARTESIAN_POINT('Ctrl Pts',(-349.397125467033,19.5971201026147,5.07011086410206));
#7009=CARTESIAN_POINT('Ctrl Pts',(-349.451963476025,19.6519581116072,5.24939703250422));
#7010=CARTESIAN_POINT('Ctrl Pts',(-349.566222933587,19.7662175691691,5.55408225940656));
#7011=CARTESIAN_POINT('Ctrl Pts',(-349.625644382157,19.8256390177386,5.67948131790674));
#7012=CARTESIAN_POINT('Ctrl Pts',(-349.690604287659,19.8905989232415,5.80940112891257));
#7013=CARTESIAN_POINT('',(-354.309406441177,19.8905989232415,5.80940112891257));
#7014=CARTESIAN_POINT('Ctrl Pts',(-349.690604287659,19.8905989232415,5.80940112891257));
#7015=CARTESIAN_POINT('Ctrl Pts',(-349.820524098665,19.8256390177386,5.87436103441548));
#7016=CARTESIAN_POINT('Ctrl Pts',(-349.945923157165,19.7662175691691,5.93378248298496));
#7017=CARTESIAN_POINT('Ctrl Pts',(-350.250608384068,19.6519581116072,6.04804194054691));
#7018=CARTESIAN_POINT('Ctrl Pts',(-350.42989455247,19.5971201026147,6.10287994953939));
#7019=CARTESIAN_POINT('Ctrl Pts',(-351.048583722529,19.4394812350027,6.26051881715133));
#7020=CARTESIAN_POINT('Ctrl Pts',(-352.000005364418,19.3036645155049,6.39633553664917));
#7021=CARTESIAN_POINT('Ctrl Pts',(-352.951427006307,19.4394812350027,6.26051881715133));
#7022=CARTESIAN_POINT('Ctrl Pts',(-353.570116176366,19.5971201026147,6.10287994953939));
#7023=CARTESIAN_POINT('Ctrl Pts',(-353.749402344768,19.6519581116072,6.04804194054692));
#7024=CARTESIAN_POINT('Ctrl Pts',(-354.05408757167,19.7662175691691,5.93378248298496));
#7025=CARTESIAN_POINT('Ctrl Pts',(-354.179486630171,19.8256390177386,5.87436103441548));
#7026=CARTESIAN_POINT('Ctrl Pts',(-354.309406441176,19.8905989232415,5.80940112891257));
#7027=CARTESIAN_POINT('Ctrl Pts',(-354.309406441176,19.8905989232415,1.19059897539556));
#7028=CARTESIAN_POINT('Ctrl Pts',(-354.374366346679,19.8256390177386,1.32051878640139));
#7029=CARTESIAN_POINT('Ctrl Pts',(-354.433787795249,19.7662175691691,1.44591784490156));
#7030=CARTESIAN_POINT('Ctrl Pts',(-354.548047252811,19.6519581116072,1.75060307180391));
#7031=CARTESIAN_POINT('Ctrl Pts',(-354.602885261804,19.5971201026147,1.92988924020607));
#7032=CARTESIAN_POINT('Ctrl Pts',(-354.760524129415,19.4394812350027,2.54857841026554));
#7033=CARTESIAN_POINT('Ctrl Pts',(-354.896340848913,19.3036645155049,3.50000005215407));
#7034=CARTESIAN_POINT('Ctrl Pts',(-354.760524129415,19.4394812350027,4.45142169404259));
#7035=CARTESIAN_POINT('Ctrl Pts',(-354.602885261804,19.5971201026147,5.07011086410206));
#7036=CARTESIAN_POINT('Ctrl Pts',(-354.548047252811,19.6519581116071,5.24939703250422));
#7037=CARTESIAN_POINT('Ctrl Pts',(-354.433787795249,19.7662175691691,5.55408225940656));
#7038=CARTESIAN_POINT('Ctrl Pts',(-354.374366346679,19.8256390177386,5.67948131790674));
#7039=CARTESIAN_POINT('Ctrl Pts',(-354.309406441176,19.8905989232415,5.80940112891257));
#7040=CARTESIAN_POINT('Ctrl Pts',(-349.690604287659,19.8905989232415,1.19059897539556));
#7041=CARTESIAN_POINT('Ctrl Pts',(-349.625644382157,19.8256390177386,1.32051878640139));
#7042=CARTESIAN_POINT('Ctrl Pts',(-349.566222933587,19.7662175691691,1.44591784490156));
#7043=CARTESIAN_POINT('Ctrl Pts',(-349.451963476025,19.6519581116072,1.75060307180391));
#7044=CARTESIAN_POINT('Ctrl Pts',(-349.397125467033,19.5971201026147,1.92988924020607));
#7045=CARTESIAN_POINT('Ctrl Pts',(-349.239486599421,19.4394812350027,2.54857841026555));
#7046=CARTESIAN_POINT('Ctrl Pts',(-349.103669879923,19.3036645155049,3.50000005215407));
#7047=CARTESIAN_POINT('Ctrl Pts',(-349.239486599421,19.4394812350027,4.45142169404259));
#7048=CARTESIAN_POINT('Ctrl Pts',(-349.397125467033,19.5971201026147,5.07011086410206));
#7049=CARTESIAN_POINT('Ctrl Pts',(-349.451963476025,19.6519581116072,5.24939703250422));
#7050=CARTESIAN_POINT('Ctrl Pts',(-349.566222933587,19.7662175691691,5.55408225940656));
#7051=CARTESIAN_POINT('Ctrl Pts',(-349.625644382157,19.8256390177386,5.67948131790674));
#7052=CARTESIAN_POINT('Ctrl Pts',(-349.690604287659,19.8905989232415,5.80940112891257));
#7053=CARTESIAN_POINT('Ctrl Pts',(-349.625644382157,20.0205187342473,1.12563906989265));
#7054=CARTESIAN_POINT('Ctrl Pts',(-349.526614185417,19.9715012808025,1.27150133295656));
#7055=CARTESIAN_POINT('Ctrl Pts',(-349.454953678945,19.9097348330867,1.40659418060413));
#7056=CARTESIAN_POINT('Ctrl Pts',(-349.302413504493,19.8073465597177,1.73914586495095));
#7057=CARTESIAN_POINT('Ctrl Pts',(-349.236564412245,19.7576811574029,1.92988924020607));
#7058=CARTESIAN_POINT('Ctrl Pts',(-349.060090425853,19.6188774085704,2.54857841026554));
#7059=CARTESIAN_POINT('Ctrl Pts',(-348.913667990973,19.4936664044554,3.50000005215407));
#7060=CARTESIAN_POINT('Ctrl Pts',(-349.060090425853,19.6188774085704,4.45142169404259));
#7061=CARTESIAN_POINT('Ctrl Pts',(-349.236564412245,19.7576811574029,5.07011086410206));
#7062=CARTESIAN_POINT('Ctrl Pts',(-349.302413504493,19.8073465597177,5.26085423935718));
#7063=CARTESIAN_POINT('Ctrl Pts',(-349.454953678945,19.9097348330867,5.593405923704));
#7064=CARTESIAN_POINT('Ctrl Pts',(-349.526614185417,19.9715012808025,5.72849877135157));
#7065=CARTESIAN_POINT('Ctrl Pts',(-349.625644382156,20.0205187342473,5.87436103441548));
#7066=CARTESIAN_POINT('Ctrl Pts',(-349.566222933587,20.1459177927475,1.06621762132317));
#7067=CARTESIAN_POINT('Ctrl Pts',(-349.454953678945,20.1065941284501,1.20973488524078));
#7068=CARTESIAN_POINT('Ctrl Pts',(-349.353825819899,20.0671332909859,1.36713334313998));
#7069=CARTESIAN_POINT('Ctrl Pts',(-349.173419840462,19.9817161561211,1.71927480777307));
#7070=CARTESIAN_POINT('Ctrl Pts',(-349.09523894493,19.9364276935259,1.91399207339531));
#7071=CARTESIAN_POINT('Ctrl Pts',(-348.899686898604,19.8172662284563,2.54274129414264));
#7072=CARTESIAN_POINT('Ctrl Pts',(-348.742925877556,19.7029280689399,3.50000005215407));
#7073=CARTESIAN_POINT('Ctrl Pts',(-348.899686898604,19.8172662284563,4.45725881016549));
#7074=CARTESIAN_POINT('Ctrl Pts',(-349.09523894493,19.9364276935259,5.08600803091282));
#7075=CARTESIAN_POINT('Ctrl Pts',(-349.173419840462,19.9817161561211,5.28072529653506));
#7076=CARTESIAN_POINT('Ctrl Pts',(-349.353825819899,20.0671332909859,5.63286676116815));
#7077=CARTESIAN_POINT('Ctrl Pts',(-349.454953678945,20.1065941284501,5.79026521906735));
#7078=CARTESIAN_POINT('Ctrl Pts',(-349.566222933587,20.1459177927475,5.93378248298496));
#7079=CARTESIAN_POINT('Ctrl Pts',(-349.451963476025,20.4506030196498,0.951958163761213));
#7080=CARTESIAN_POINT('Ctrl Pts',(-349.302413504493,20.4391458127969,1.10734661187172));
#7081=CARTESIAN_POINT('Ctrl Pts',(-349.173419840462,20.419274755619,1.28171620827519));
#7082=CARTESIAN_POINT('Ctrl Pts',(-348.948166487656,20.3637500066789,1.66375005883292));
#7083=CARTESIAN_POINT('Ctrl Pts',(-348.853530441623,20.3310269317291,1.86967917894825));
#7084=CARTESIAN_POINT('Ctrl Pts',(-348.620297012119,20.2425328377056,2.52522994577393));
#7085=CARTESIAN_POINT('Ctrl Pts',(-348.444451662376,20.15034106121,3.50000005215407));
#7086=CARTESIAN_POINT('Ctrl Pts',(-348.620297012119,20.2425328377056,4.4747701585342));
#7087=CARTESIAN_POINT('Ctrl Pts',(-348.853530441623,20.3310269317291,5.13032092535988));
#7088=CARTESIAN_POINT('Ctrl Pts',(-348.948166487657,20.3637500066789,5.33625004547521));
#7089=CARTESIAN_POINT('Ctrl Pts',(-349.173419840462,20.419274755619,5.71828389603294));
#7090=CARTESIAN_POINT('Ctrl Pts',(-349.302413504493,20.4391458127969,5.89265349243641));
#7091=CARTESIAN_POINT('Ctrl Pts',(-349.451963476025,20.4506030196498,6.04804194054692));
#7092=CARTESIAN_POINT('Ctrl Pts',(-349.397125467033,20.629889188052,0.897120154768733));
#7093=CARTESIAN_POINT('Ctrl Pts',(-349.236564412244,20.629889188052,1.05768120955697));
#7094=CARTESIAN_POINT('Ctrl Pts',(-349.09523894493,20.6139920212412,1.23642774567995));
#7095=CARTESIAN_POINT('Ctrl Pts',(-348.853530441623,20.5696791267942,1.63102698388315));
#7096=CARTESIAN_POINT('Ctrl Pts',(-348.752094569865,20.5435181274038,1.84351817955785));
#7097=CARTESIAN_POINT('Ctrl Pts',(-348.501310652884,20.469410627069,2.51355571352813));
#7098=CARTESIAN_POINT('Ctrl Pts',(-348.316719560612,20.3884923889956,3.50000005215407));
#7099=CARTESIAN_POINT('Ctrl Pts',(-348.501310652884,20.469410627069,4.48644439078));
#7100=CARTESIAN_POINT('Ctrl Pts',(-348.752094569865,20.5435181274038,5.15648192475028));
#7101=CARTESIAN_POINT('Ctrl Pts',(-348.853530441623,20.5696791267942,5.36897312042498));
#7102=CARTESIAN_POINT('Ctrl Pts',(-349.09523894493,20.6139920212412,5.76357235862818));
#7103=CARTESIAN_POINT('Ctrl Pts',(-349.236564412245,20.629889188052,5.94231889475116));
#7104=CARTESIAN_POINT('Ctrl Pts',(-349.397125467033,20.629889188052,6.1028799495394));
#7105=CARTESIAN_POINT('Ctrl Pts',(-349.239486599421,21.2485783581115,0.73948128715679));
#7106=CARTESIAN_POINT('Ctrl Pts',(-349.060090425853,21.2485783581115,0.918877460724431));
#7107=CARTESIAN_POINT('Ctrl Pts',(-348.899686898604,21.2427412419886,1.11726628061037));
#7108=CARTESIAN_POINT('Ctrl Pts',(-348.620297012119,21.2252298936199,1.5425328898597));
#7109=CARTESIAN_POINT('Ctrl Pts',(-348.501310652884,21.2135556613741,1.76941067922309));
#7110=CARTESIAN_POINT('Ctrl Pts',(-348.211625140267,21.1785329646366,2.47853301679071));
#7111=CARTESIAN_POINT('Ctrl Pts',(-348.004773963678,21.1318360356534,3.50000005215407));
#7112=CARTESIAN_POINT('Ctrl Pts',(-348.211625140267,21.1785329646366,4.52146708751742));
#7113=CARTESIAN_POINT('Ctrl Pts',(-348.501310652884,21.2135556613741,5.23058942508504));
#7114=CARTESIAN_POINT('Ctrl Pts',(-348.620297012119,21.2252298936199,5.45746721444843));
#7115=CARTESIAN_POINT('Ctrl Pts',(-348.899686898604,21.2427412419886,5.88273382369776));
#7116=CARTESIAN_POINT('Ctrl Pts',(-349.060090425853,21.2485783581115,6.0811226435837));
#7117=CARTESIAN_POINT('Ctrl Pts',(-349.239486599421,21.2485783581115,6.26051881715134));
#7118=CARTESIAN_POINT('Ctrl Pts',(-349.103669879923,22.2,0.603664567658956));
#7119=CARTESIAN_POINT('Ctrl Pts',(-348.913667990972,22.2,0.793666456609444));
#7120=CARTESIAN_POINT('Ctrl Pts',(-348.742925877556,22.2,1.00292812109397));
#7121=CARTESIAN_POINT('Ctrl Pts',(-348.444451662376,22.2,1.45034111336408));
#7122=CARTESIAN_POINT('Ctrl Pts',(-348.316719560612,22.2,1.68849244114967));
#7123=CARTESIAN_POINT('Ctrl Pts',(-348.004773963678,22.2,2.43183608780749));
#7124=CARTESIAN_POINT('Ctrl Pts',(-347.778848390049,22.2,3.50000005215407));
#7125=CARTESIAN_POINT('Ctrl Pts',(-348.004773963678,22.2,4.56816401650064));
#7126=CARTESIAN_POINT('Ctrl Pts',(-348.316719560612,22.2,5.31150766315846));
#7127=CARTESIAN_POINT('Ctrl Pts',(-348.444451662376,22.2,5.54965899094405));
#7128=CARTESIAN_POINT('Ctrl Pts',(-348.742925877556,22.2,5.99707198321416));
#7129=CARTESIAN_POINT('Ctrl Pts',(-348.913667990973,22.2,6.20633364769868));
#7130=CARTESIAN_POINT('Ctrl Pts',(-349.103669879923,22.2,6.39633553664917));
#7131=CARTESIAN_POINT('Ctrl Pts',(-349.239486599421,23.1514216418885,0.73948128715679));
#7132=CARTESIAN_POINT('Ctrl Pts',(-349.060090425853,23.1514216418885,0.918877460724431));
#7133=CARTESIAN_POINT('Ctrl Pts',(-348.899686898604,23.1572587580114,1.11726628061037));
#7134=CARTESIAN_POINT('Ctrl Pts',(-348.620297012119,23.1747701063801,1.5425328898597));
#7135=CARTESIAN_POINT('Ctrl Pts',(-348.501310652884,23.1864443386259,1.76941067922309));
#7136=CARTESIAN_POINT('Ctrl Pts',(-348.211625140267,23.2214670353634,2.47853301679071));
#7137=CARTESIAN_POINT('Ctrl Pts',(-348.004773963678,23.2681639643466,3.50000005215407));
#7138=CARTESIAN_POINT('Ctrl Pts',(-348.211625140267,23.2214670353634,4.52146708751742));
#7139=CARTESIAN_POINT('Ctrl Pts',(-348.501310652884,23.1864443386259,5.23058942508504));
#7140=CARTESIAN_POINT('Ctrl Pts',(-348.620297012119,23.1747701063801,5.45746721444843));
#7141=CARTESIAN_POINT('Ctrl Pts',(-348.899686898604,23.1572587580114,5.88273382369776));
#7142=CARTESIAN_POINT('Ctrl Pts',(-349.060090425853,23.1514216418885,6.0811226435837));
#7143=CARTESIAN_POINT('Ctrl Pts',(-349.239486599421,23.1514216418885,6.26051881715134));
#7144=CARTESIAN_POINT('Ctrl Pts',(-349.397125467033,23.770110811948,0.897120154768732));
#7145=CARTESIAN_POINT('Ctrl Pts',(-349.236564412245,23.770110811948,1.05768120955697));
#7146=CARTESIAN_POINT('Ctrl Pts',(-349.09523894493,23.7860079787588,1.23642774567995));
#7147=CARTESIAN_POINT('Ctrl Pts',(-348.853530441623,23.8303208732058,1.63102698388315));
#7148=CARTESIAN_POINT('Ctrl Pts',(-348.752094569865,23.8564818725962,1.84351817955785));
#7149=CARTESIAN_POINT('Ctrl Pts',(-348.501310652884,23.930589372931,2.51355571352813));
#7150=CARTESIAN_POINT('Ctrl Pts',(-348.316719560612,24.0115076110044,3.50000005215407));
#7151=CARTESIAN_POINT('Ctrl Pts',(-348.501310652884,23.930589372931,4.48644439078));
#7152=CARTESIAN_POINT('Ctrl Pts',(-348.752094569865,23.8564818725962,5.15648192475028));
#7153=CARTESIAN_POINT('Ctrl Pts',(-348.853530441623,23.8303208732058,5.36897312042498));
#7154=CARTESIAN_POINT('Ctrl Pts',(-349.09523894493,23.7860079787588,5.76357235862818));
#7155=CARTESIAN_POINT('Ctrl Pts',(-349.236564412245,23.770110811948,5.94231889475116));
#7156=CARTESIAN_POINT('Ctrl Pts',(-349.397125467033,23.770110811948,6.1028799495394));
#7157=CARTESIAN_POINT('Ctrl Pts',(-349.451963476025,23.9493969803502,0.951958163761212));
#7158=CARTESIAN_POINT('Ctrl Pts',(-349.302413504493,23.9608541872031,1.10734661187172));
#7159=CARTESIAN_POINT('Ctrl Pts',(-349.173419840462,23.980725244381,1.28171620827519));
#7160=CARTESIAN_POINT('Ctrl Pts',(-348.948166487656,24.0362499933211,1.66375005883292));
#7161=CARTESIAN_POINT('Ctrl Pts',(-348.853530441623,24.0689730682709,1.86967917894824));
#7162=CARTESIAN_POINT('Ctrl Pts',(-348.620297012119,24.1574671622944,2.52522994577393));
#7163=CARTESIAN_POINT('Ctrl Pts',(-348.444451662376,24.24965893879,3.50000005215407));
#7164=CARTESIAN_POINT('Ctrl Pts',(-348.620297012119,24.1574671622944,4.4747701585342));
#7165=CARTESIAN_POINT('Ctrl Pts',(-348.853530441623,24.0689730682709,5.13032092535988));
#7166=CARTESIAN_POINT('Ctrl Pts',(-348.948166487656,24.0362499933211,5.33625004547521));
#7167=CARTESIAN_POINT('Ctrl Pts',(-349.173419840462,23.980725244381,5.71828389603294));
#7168=CARTESIAN_POINT('Ctrl Pts',(-349.302413504493,23.9608541872031,5.89265349243641));
#7169=CARTESIAN_POINT('Ctrl Pts',(-349.451963476025,23.9493969803502,6.04804194054692));
#7170=CARTESIAN_POINT('Ctrl Pts',(-349.566222933587,24.2540822072525,1.06621762132317));
#7171=CARTESIAN_POINT('Ctrl Pts',(-349.454953678945,24.2934058715499,1.20973488524078));
#7172=CARTESIAN_POINT('Ctrl Pts',(-349.353825819898,24.3328667090141,1.36713334313998));
#7173=CARTESIAN_POINT('Ctrl Pts',(-349.173419840462,24.4182838438789,1.71927480777307));
#7174=CARTESIAN_POINT('Ctrl Pts',(-349.09523894493,24.4635723064741,1.91399207339531));
#7175=CARTESIAN_POINT('Ctrl Pts',(-348.899686898604,24.5827337715437,2.54274129414264));
#7176=CARTESIAN_POINT('Ctrl Pts',(-348.742925877556,24.6970719310601,3.50000005215407));
#7177=CARTESIAN_POINT('Ctrl Pts',(-348.899686898604,24.5827337715437,4.45725881016549));
#7178=CARTESIAN_POINT('Ctrl Pts',(-349.09523894493,24.4635723064741,5.08600803091282));
#7179=CARTESIAN_POINT('Ctrl Pts',(-349.173419840462,24.4182838438789,5.28072529653506));
#7180=CARTESIAN_POINT('Ctrl Pts',(-349.353825819898,24.3328667090141,5.63286676116815));
#7181=CARTESIAN_POINT('Ctrl Pts',(-349.454953678945,24.2934058715499,5.79026521906735));
#7182=CARTESIAN_POINT('Ctrl Pts',(-349.566222933587,24.2540822072525,5.93378248298496));
#7183=CARTESIAN_POINT('Ctrl Pts',(-349.625644382156,24.3794812657527,1.12563906989265));
#7184=CARTESIAN_POINT('Ctrl Pts',(-349.526614185417,24.4284987191975,1.27150133295656));
#7185=CARTESIAN_POINT('Ctrl Pts',(-349.454953678945,24.4902651669133,1.40659418060413));
#7186=CARTESIAN_POINT('Ctrl Pts',(-349.302413504493,24.5926534402823,1.73914586495095));
#7187=CARTESIAN_POINT('Ctrl Pts',(-349.236564412245,24.6423188425971,1.92988924020607));
#7188=CARTESIAN_POINT('Ctrl Pts',(-349.060090425853,24.7811225914296,2.54857841026555));
#7189=CARTESIAN_POINT('Ctrl Pts',(-348.913667990973,24.9063335955446,3.50000005215407));
#7190=CARTESIAN_POINT('Ctrl Pts',(-349.060090425853,24.7811225914296,4.45142169404259));
#7191=CARTESIAN_POINT('Ctrl Pts',(-349.236564412245,24.6423188425971,5.07011086410206));
#7192=CARTESIAN_POINT('Ctrl Pts',(-349.302413504493,24.5926534402823,5.26085423935718));
#7193=CARTESIAN_POINT('Ctrl Pts',(-349.454953678945,24.4902651669133,5.593405923704));
#7194=CARTESIAN_POINT('Ctrl Pts',(-349.526614185417,24.4284987191975,5.72849877135157));
#7195=CARTESIAN_POINT('Ctrl Pts',(-349.625644382157,24.3794812657527,5.87436103441548));
#7196=CARTESIAN_POINT('Ctrl Pts',(-349.690604287659,24.5094010767585,1.19059897539556));
#7197=CARTESIAN_POINT('Ctrl Pts',(-349.625644382156,24.5743609822614,1.32051878640139));
#7198=CARTESIAN_POINT('Ctrl Pts',(-349.566222933587,24.6337824308309,1.44591784490156));
#7199=CARTESIAN_POINT('Ctrl Pts',(-349.451963476025,24.7480418883929,1.75060307180391));
#7200=CARTESIAN_POINT('Ctrl Pts',(-349.397125467033,24.8028798973853,1.92988924020607));
#7201=CARTESIAN_POINT('Ctrl Pts',(-349.239486599421,24.9605187649973,2.54857841026555));
#7202=CARTESIAN_POINT('Ctrl Pts',(-349.103669879923,25.0963354844951,3.50000005215407));
#7203=CARTESIAN_POINT('Ctrl Pts',(-349.239486599421,24.9605187649973,4.45142169404259));
#7204=CARTESIAN_POINT('Ctrl Pts',(-349.397125467033,24.8028798973853,5.07011086410206));
#7205=CARTESIAN_POINT('Ctrl Pts',(-349.451963476025,24.7480418883929,5.24939703250422));
#7206=CARTESIAN_POINT('Ctrl Pts',(-349.566222933587,24.6337824308309,5.55408225940656));
#7207=CARTESIAN_POINT('Ctrl Pts',(-349.625644382156,24.5743609822614,5.67948131790674));
#7208=CARTESIAN_POINT('Ctrl Pts',(-349.690604287659,24.5094010767585,5.80940112891257));
#7209=CARTESIAN_POINT('',(-348.881943420089,20.870470688755,1.38887689095077));
#7210=CARTESIAN_POINT('',(-349.336294165208,20.8690780606351,0.836288852944384));
#7211=CARTESIAN_POINT('Ctrl Pts',(-348.882058263265,20.8704543909598,1.38844716700838));
#7212=CARTESIAN_POINT('Ctrl Pts',(-349.01430553817,20.8725148669247,1.18864925200745));
#7213=CARTESIAN_POINT('Ctrl Pts',(-349.170192858655,20.8690780606351,1.00239015949784));
#7214=CARTESIAN_POINT('Ctrl Pts',(-349.336294165208,20.8690780606351,0.836288852944563));
#7215=CARTESIAN_POINT('',(-348.537068817917,20.8647342645726,2.03616625397469));
#7216=CARTESIAN_POINT('Ctrl Pts',(-348.536613066442,20.8646006515949,2.03597283392371));
#7217=CARTESIAN_POINT('Ctrl Pts',(-348.631058530909,20.865404772673,1.8128776041066));
#7218=CARTESIAN_POINT('Ctrl Pts',(-348.74313569372,20.868288637957,1.59838055588521));
#7219=CARTESIAN_POINT('Ctrl Pts',(-348.881825602296,20.8704507649236,1.38879871129167));
#7220=CARTESIAN_POINT('',(-348.537068817917,20.8647342645726,4.96383385033343));
#7221=CARTESIAN_POINT('Ctrl Pts',(-348.53736658932,20.86467110112,4.96518096352182));
#7222=CARTESIAN_POINT('Ctrl Pts',(-348.346219911242,20.8628962936783,4.51375654717975));
#7223=CARTESIAN_POINT('Ctrl Pts',(-348.123305477138,20.8653354815945,3.50080515822056));
#7224=CARTESIAN_POINT('Ctrl Pts',(-348.345537983581,20.8629747074406,2.48734589470356));
#7225=CARTESIAN_POINT('Ctrl Pts',(-348.536580619716,20.8646003754151,2.03604948023594));
#7226=CARTESIAN_POINT('',(-348.881943420089,20.8704706887548,5.6111232133574));
#7227=CARTESIAN_POINT('Ctrl Pts',(-348.881792574047,20.8704903629467,5.61122281174227));
#7228=CARTESIAN_POINT('Ctrl Pts',(-348.744389793142,20.8684637846522,5.40352070524876));
#7229=CARTESIAN_POINT('Ctrl Pts',(-348.631884086718,20.865548701293,5.18839962746365));
#7230=CARTESIAN_POINT('Ctrl Pts',(-348.537190296797,20.8646694642342,4.96476461964513));
#7231=CARTESIAN_POINT('Ctrl Pts',(-348.537014072033,20.8646678298958,4.9643482288163));
#7232=CARTESIAN_POINT('Ctrl Pts',(-348.536837915051,20.8646661981015,4.96393179107855));
#7233=CARTESIAN_POINT('',(-349.336294165209,20.8690780606349,6.16371125136368));
#7234=CARTESIAN_POINT('Ctrl Pts',(-349.336294165208,20.8690780606348,6.16371125136367));
#7235=CARTESIAN_POINT('Ctrl Pts',(-349.170328805468,20.8690780606345,5.99774589162269));
#7236=CARTESIAN_POINT('Ctrl Pts',(-349.013366555468,20.872426796333,5.80996442535588));
#7237=CARTESIAN_POINT('Ctrl Pts',(-348.882509299165,20.8705009226565,5.61230582620092));
#7238=CARTESIAN_POINT('Ctrl Pts',(-349.690604287659,19.8905989232415,5.80940112891257));
#7239=CARTESIAN_POINT('Ctrl Pts',(-349.625644382156,20.0205187342473,5.87436103441548));
#7240=CARTESIAN_POINT('Ctrl Pts',(-349.566222933587,20.1459177927475,5.93378248298496));
#7241=CARTESIAN_POINT('Ctrl Pts',(-349.451963476025,20.4506030196498,6.04804194054692));
#7242=CARTESIAN_POINT('Ctrl Pts',(-349.397125467033,20.629889188052,6.1028799495394));
#7243=CARTESIAN_POINT('Ctrl Pts',(-349.341791145342,20.8470611715929,6.15821427122977));
#7244=CARTESIAN_POINT('Ctrl Pts',(-349.339029283248,20.8580479483338,6.16097613332433));
#7245=CARTESIAN_POINT('Ctrl Pts',(-349.336294165209,20.8690780606349,6.1637112513637));
#7246=CARTESIAN_POINT('Ctrl Pts',(-349.336294165208,20.8690780606351,0.836288852944371));
#7247=CARTESIAN_POINT('Ctrl Pts',(-349.339029283248,20.8580479483339,0.839023970983771));
#7248=CARTESIAN_POINT('Ctrl Pts',(-349.341791145342,20.8470611715929,0.841785833078342));
#7249=CARTESIAN_POINT('Ctrl Pts',(-349.397125467033,20.629889188052,0.897120154768733));
#7250=CARTESIAN_POINT('Ctrl Pts',(-349.451963476025,20.4506030196498,0.951958163761213));
#7251=CARTESIAN_POINT('Ctrl Pts',(-349.566222933587,20.1459177927475,1.06621762132317));
#7252=CARTESIAN_POINT('Ctrl Pts',(-349.625644382157,20.0205187342473,1.12563906989265));
#7253=CARTESIAN_POINT('Ctrl Pts',(-349.690604287659,19.8905989232415,1.19059897539556));
#7254=CARTESIAN_POINT('Ctrl Pts',(-354.309406441176,24.5094010767585,1.19059897539556));
#7255=CARTESIAN_POINT('Ctrl Pts',(-354.374366346679,24.3794812657527,1.12563906989265));
#7256=CARTESIAN_POINT('Ctrl Pts',(-354.433787795249,24.2540822072525,1.06621762132317));
#7257=CARTESIAN_POINT('Ctrl Pts',(-354.548047252811,23.9493969803502,0.951958163761212));
#7258=CARTESIAN_POINT('Ctrl Pts',(-354.602885261803,23.770110811948,0.897120154768733));
#7259=CARTESIAN_POINT('Ctrl Pts',(-354.760524129415,23.1514216418885,0.73948128715679));
#7260=CARTESIAN_POINT('Ctrl Pts',(-354.896340848913,22.2,0.603664567658956));
#7261=CARTESIAN_POINT('Ctrl Pts',(-354.760524129415,21.2485783581115,0.73948128715679));
#7262=CARTESIAN_POINT('Ctrl Pts',(-354.602885261803,20.629889188052,0.897120154768732));
#7263=CARTESIAN_POINT('Ctrl Pts',(-354.548047252811,20.4506030196498,0.951958163761212));
#7264=CARTESIAN_POINT('Ctrl Pts',(-354.433787795249,20.1459177927475,1.06621762132317));
#7265=CARTESIAN_POINT('Ctrl Pts',(-354.374366346679,20.0205187342473,1.12563906989265));
#7266=CARTESIAN_POINT('Ctrl Pts',(-354.309406441176,19.8905989232415,1.19059897539556));
#7267=CARTESIAN_POINT('Ctrl Pts',(-354.179486630171,24.5743609822614,1.12563906989265));
#7268=CARTESIAN_POINT('Ctrl Pts',(-354.228504083616,24.4284987191975,1.02660887315316));
#7269=CARTESIAN_POINT('Ctrl Pts',(-354.290270531331,24.2934058715499,0.954948366681322));
#7270=CARTESIAN_POINT('Ctrl Pts',(-354.3926588047,23.9608541872031,0.802408192228924));
#7271=CARTESIAN_POINT('Ctrl Pts',(-354.442324207015,23.770110811948,0.736559099980491));
#7272=CARTESIAN_POINT('Ctrl Pts',(-354.581127955848,23.1514216418885,0.56008511358915));
#7273=CARTESIAN_POINT('Ctrl Pts',(-354.706338959963,22.2,0.413662678708468));
#7274=CARTESIAN_POINT('Ctrl Pts',(-354.581127955848,21.2485783581115,0.56008511358915));
#7275=CARTESIAN_POINT('Ctrl Pts',(-354.442324207015,20.629889188052,0.736559099980491));
#7276=CARTESIAN_POINT('Ctrl Pts',(-354.3926588047,20.4391458127969,0.802408192228924));
#7277=CARTESIAN_POINT('Ctrl Pts',(-354.290270531331,20.1065941284501,0.954948366681322));
#7278=CARTESIAN_POINT('Ctrl Pts',(-354.228504083615,19.9715012808025,1.02660887315316));
#7279=CARTESIAN_POINT('Ctrl Pts',(-354.179486630171,19.8256390177386,1.12563906989265));
#7280=CARTESIAN_POINT('Ctrl Pts',(-354.05408757167,24.6337824308309,1.06621762132317));
#7281=CARTESIAN_POINT('Ctrl Pts',(-354.093411235968,24.4902651669133,0.954948366681322));
#7282=CARTESIAN_POINT('Ctrl Pts',(-354.132872073432,24.3328667090141,0.853820507634578));
#7283=CARTESIAN_POINT('Ctrl Pts',(-354.218289208297,23.980725244381,0.67341452819783));
#7284=CARTESIAN_POINT('Ctrl Pts',(-354.263577670892,23.7860079787588,0.595233632665805));
#7285=CARTESIAN_POINT('Ctrl Pts',(-354.382739135962,23.1572587580114,0.399681586339809));
#7286=CARTESIAN_POINT('Ctrl Pts',(-354.497077295478,22.2,0.24292056529202));
#7287=CARTESIAN_POINT('Ctrl Pts',(-354.382739135962,21.2427412419886,0.399681586339809));
#7288=CARTESIAN_POINT('Ctrl Pts',(-354.263577670892,20.6139920212412,0.595233632665805));
#7289=CARTESIAN_POINT('Ctrl Pts',(-354.218289208297,20.419274755619,0.67341452819783));
#7290=CARTESIAN_POINT('Ctrl Pts',(-354.132872073432,20.0671332909859,0.853820507634578));
#7291=CARTESIAN_POINT('Ctrl Pts',(-354.093411235968,19.9097348330867,0.954948366681323));
#7292=CARTESIAN_POINT('Ctrl Pts',(-354.05408757167,19.7662175691691,1.06621762132317));
#7293=CARTESIAN_POINT('Ctrl Pts',(-353.749402344768,24.7480418883929,0.951958163761215));
#7294=CARTESIAN_POINT('Ctrl Pts',(-353.760859551621,24.5926534402823,0.802408192228926));
#7295=CARTESIAN_POINT('Ctrl Pts',(-353.780730608799,24.4182838438789,0.673414528197832));
#7296=CARTESIAN_POINT('Ctrl Pts',(-353.836255357739,24.0362499933211,0.448161175392519));
#7297=CARTESIAN_POINT('Ctrl Pts',(-353.868978432689,23.8303208732058,0.353525129358758));
#7298=CARTESIAN_POINT('Ctrl Pts',(-353.957472526712,23.1747701063801,0.120291699855382));
#7299=CARTESIAN_POINT('Ctrl Pts',(-354.049664303208,22.2,-0.0555536498880262));
#7300=CARTESIAN_POINT('Ctrl Pts',(-353.957472526712,21.2252298936199,0.120291699855382));
#7301=CARTESIAN_POINT('Ctrl Pts',(-353.868978432689,20.5696791267942,0.353525129358758));
#7302=CARTESIAN_POINT('Ctrl Pts',(-353.836255357739,20.3637500066789,0.448161175392519));
#7303=CARTESIAN_POINT('Ctrl Pts',(-353.780730608799,19.9817161561211,0.673414528197832));
#7304=CARTESIAN_POINT('Ctrl Pts',(-353.760859551621,19.8073465597177,0.802408192228927));
#7305=CARTESIAN_POINT('Ctrl Pts',(-353.749402344768,19.6519581116072,0.951958163761216));
#7306=CARTESIAN_POINT('Ctrl Pts',(-353.570116176366,24.8028798973853,0.897120154768736));
#7307=CARTESIAN_POINT('Ctrl Pts',(-353.570116176366,24.6423188425971,0.736559099980494));
#7308=CARTESIAN_POINT('Ctrl Pts',(-353.586013343177,24.4635723064741,0.595233632665808));
#7309=CARTESIAN_POINT('Ctrl Pts',(-353.630326237624,24.0689730682709,0.353525129358758));
#7310=CARTESIAN_POINT('Ctrl Pts',(-353.656487237014,23.8564818725962,0.252089257601439));
#7311=CARTESIAN_POINT('Ctrl Pts',(-353.730594737349,23.1864443386259,0.0013053406202955));
#7312=CARTESIAN_POINT('Ctrl Pts',(-353.811512975422,22.2,-0.183285751651624));
#7313=CARTESIAN_POINT('Ctrl Pts',(-353.730594737349,21.2135556613741,0.00130534062029547));
#7314=CARTESIAN_POINT('Ctrl Pts',(-353.656487237014,20.5435181274038,0.25208925760144));
#7315=CARTESIAN_POINT('Ctrl Pts',(-353.630326237624,20.3310269317291,0.353525129358759));
#7316=CARTESIAN_POINT('Ctrl Pts',(-353.586013343177,19.9364276935259,0.595233632665808));
#7317=CARTESIAN_POINT('Ctrl Pts',(-353.570116176366,19.7576811574029,0.736559099980494));
#7318=CARTESIAN_POINT('Ctrl Pts',(-353.570116176366,19.5971201026147,0.897120154768736));
#7319=CARTESIAN_POINT('Ctrl Pts',(-352.951427006307,24.9605187649973,0.739481287156796));
#7320=CARTESIAN_POINT('Ctrl Pts',(-352.951427006307,24.7811225914296,0.560085113589155));
#7321=CARTESIAN_POINT('Ctrl Pts',(-352.957264122429,24.5827337715437,0.399681586339814));
#7322=CARTESIAN_POINT('Ctrl Pts',(-352.974775470798,24.1574671622944,0.120291699855385));
#7323=CARTESIAN_POINT('Ctrl Pts',(-352.986449703044,23.930589372931,0.00130534062029803));
#7324=CARTESIAN_POINT('Ctrl Pts',(-353.021472399781,23.2214670353634,-0.288380171997098));
#7325=CARTESIAN_POINT('Ctrl Pts',(-353.068169328764,22.2,-0.495231348585985));
#7326=CARTESIAN_POINT('Ctrl Pts',(-353.021472399781,21.1785329646366,-0.288380171997098));
#7327=CARTESIAN_POINT('Ctrl Pts',(-352.986449703044,20.469410627069,0.00130534062029809));
#7328=CARTESIAN_POINT('Ctrl Pts',(-352.974775470798,20.2425328377056,0.120291699855385));
#7329=CARTESIAN_POINT('Ctrl Pts',(-352.957264122429,19.8172662284563,0.399681586339814));
#7330=CARTESIAN_POINT('Ctrl Pts',(-352.951427006307,19.6188774085704,0.560085113589155));
#7331=CARTESIAN_POINT('Ctrl Pts',(-352.951427006307,19.4394812350027,0.739481287156796));
#7332=CARTESIAN_POINT('Ctrl Pts',(-352.000005364418,25.0963354844951,0.603664567658965));
#7333=CARTESIAN_POINT('Ctrl Pts',(-352.000005364418,24.9063335955446,0.413662678708477));
#7334=CARTESIAN_POINT('Ctrl Pts',(-352.000005364418,24.6970719310601,0.242920565292028));
#7335=CARTESIAN_POINT('Ctrl Pts',(-352.000005364418,24.24965893879,-0.0555536498880197));
#7336=CARTESIAN_POINT('Ctrl Pts',(-352.000005364418,24.0115076110044,-0.183285751651619));
#7337=CARTESIAN_POINT('Ctrl Pts',(-352.000005364418,23.2681639643466,-0.495231348585982));
#7338=CARTESIAN_POINT('Ctrl Pts',(-352.000005364418,22.2,-0.721156922214645));
#7339=CARTESIAN_POINT('Ctrl Pts',(-352.000005364418,21.1318360356534,-0.495231348585982));
#7340=CARTESIAN_POINT('Ctrl Pts',(-352.000005364418,20.3884923889956,-0.183285751651619));
#7341=CARTESIAN_POINT('Ctrl Pts',(-352.000005364418,20.15034106121,-0.0555536498880198));
#7342=CARTESIAN_POINT('Ctrl Pts',(-352.000005364418,19.7029280689399,0.242920565292028));
#7343=CARTESIAN_POINT('Ctrl Pts',(-352.000005364418,19.4936664044554,0.413662678708477));
#7344=CARTESIAN_POINT('Ctrl Pts',(-352.000005364418,19.3036645155049,0.603664567658964));
#7345=CARTESIAN_POINT('Ctrl Pts',(-351.048583722529,24.9605187649973,0.739481287156796));
#7346=CARTESIAN_POINT('Ctrl Pts',(-351.048583722529,24.7811225914296,0.560085113589156));
#7347=CARTESIAN_POINT('Ctrl Pts',(-351.042746606407,24.5827337715437,0.399681586339814));
#7348=CARTESIAN_POINT('Ctrl Pts',(-351.025235258038,24.1574671622944,0.120291699855385));
#7349=CARTESIAN_POINT('Ctrl Pts',(-351.013561025792,23.930589372931,0.00130534062029806));
#7350=CARTESIAN_POINT('Ctrl Pts',(-350.978538329055,23.2214670353634,-0.288380171997098));
#7351=CARTESIAN_POINT('Ctrl Pts',(-350.931841400072,22.2,-0.495231348585985));
#7352=CARTESIAN_POINT('Ctrl Pts',(-350.978538329055,21.1785329646366,-0.288380171997098));
#7353=CARTESIAN_POINT('Ctrl Pts',(-351.013561025792,20.469410627069,0.00130534062029796));
#7354=CARTESIAN_POINT('Ctrl Pts',(-351.025235258038,20.2425328377056,0.120291699855385));
#7355=CARTESIAN_POINT('Ctrl Pts',(-351.042746606406,19.8172662284563,0.399681586339814));
#7356=CARTESIAN_POINT('Ctrl Pts',(-351.048583722529,19.6188774085704,0.560085113589155));
#7357=CARTESIAN_POINT('Ctrl Pts',(-351.048583722529,19.4394812350027,0.739481287156796));
#7358=CARTESIAN_POINT('Ctrl Pts',(-350.42989455247,24.8028798973853,0.897120154768736));
#7359=CARTESIAN_POINT('Ctrl Pts',(-350.42989455247,24.6423188425971,0.736559099980494));
#7360=CARTESIAN_POINT('Ctrl Pts',(-350.413997385659,24.4635723064741,0.595233632665808));
#7361=CARTESIAN_POINT('Ctrl Pts',(-350.369684491212,24.0689730682709,0.353525129358758));
#7362=CARTESIAN_POINT('Ctrl Pts',(-350.343523491822,23.8564818725962,0.252089257601439));
#7363=CARTESIAN_POINT('Ctrl Pts',(-350.269415991487,23.1864443386259,0.0013053406202954));
#7364=CARTESIAN_POINT('Ctrl Pts',(-350.188497753414,22.2,-0.183285751651624));
#7365=CARTESIAN_POINT('Ctrl Pts',(-350.269415991487,21.2135556613741,0.00130534062029542));
#7366=CARTESIAN_POINT('Ctrl Pts',(-350.343523491822,20.5435181274038,0.252089257601439));
#7367=CARTESIAN_POINT('Ctrl Pts',(-350.369684491212,20.3310269317291,0.353525129358758));
#7368=CARTESIAN_POINT('Ctrl Pts',(-350.413997385659,19.9364276935259,0.595233632665808));
#7369=CARTESIAN_POINT('Ctrl Pts',(-350.42989455247,19.7576811574029,0.736559099980494));
#7370=CARTESIAN_POINT('Ctrl Pts',(-350.42989455247,19.5971201026147,0.897120154768736));
#7371=CARTESIAN_POINT('Ctrl Pts',(-350.250608384068,24.7480418883929,0.951958163761215));
#7372=CARTESIAN_POINT('Ctrl Pts',(-350.239151177215,24.5926534402823,0.802408192228927));
#7373=CARTESIAN_POINT('Ctrl Pts',(-350.219280120037,24.4182838438789,0.673414528197832));
#7374=CARTESIAN_POINT('Ctrl Pts',(-350.163755371097,24.0362499933211,0.448161175392519));
#7375=CARTESIAN_POINT('Ctrl Pts',(-350.131032296147,23.8303208732058,0.353525129358757));
#7376=CARTESIAN_POINT('Ctrl Pts',(-350.042538202124,23.1747701063801,0.120291699855382));
#7377=CARTESIAN_POINT('Ctrl Pts',(-349.950346425628,22.2,-0.0555536498880263));
#7378=CARTESIAN_POINT('Ctrl Pts',(-350.042538202124,21.2252298936199,0.120291699855382));
#7379=CARTESIAN_POINT('Ctrl Pts',(-350.131032296147,20.5696791267942,0.353525129358758));
#7380=CARTESIAN_POINT('Ctrl Pts',(-350.163755371097,20.3637500066789,0.448161175392519));
#7381=CARTESIAN_POINT('Ctrl Pts',(-350.219280120037,19.9817161561211,0.673414528197832));
#7382=CARTESIAN_POINT('Ctrl Pts',(-350.239151177215,19.8073465597177,0.802408192228927));
#7383=CARTESIAN_POINT('Ctrl Pts',(-350.250608384068,19.6519581116072,0.951958163761215));
#7384=CARTESIAN_POINT('Ctrl Pts',(-349.945923157166,24.6337824308309,1.06621762132317));
#7385=CARTESIAN_POINT('Ctrl Pts',(-349.906599492868,24.4902651669133,0.954948366681323));
#7386=CARTESIAN_POINT('Ctrl Pts',(-349.867138655404,24.3328667090141,0.853820507634578));
#7387=CARTESIAN_POINT('Ctrl Pts',(-349.781721520539,23.980725244381,0.67341452819783));
#7388=CARTESIAN_POINT('Ctrl Pts',(-349.736433057944,23.7860079787588,0.595233632665805));
#7389=CARTESIAN_POINT('Ctrl Pts',(-349.617271592874,23.1572587580114,0.399681586339809));
#7390=CARTESIAN_POINT('Ctrl Pts',(-349.502933433358,22.2,0.24292056529202));
#7391=CARTESIAN_POINT('Ctrl Pts',(-349.617271592874,21.2427412419886,0.399681586339809));
#7392=CARTESIAN_POINT('Ctrl Pts',(-349.736433057944,20.6139920212412,0.595233632665805));
#7393=CARTESIAN_POINT('Ctrl Pts',(-349.781721520539,20.419274755619,0.67341452819783));
#7394=CARTESIAN_POINT('Ctrl Pts',(-349.867138655404,20.0671332909859,0.853820507634578));
#7395=CARTESIAN_POINT('Ctrl Pts',(-349.906599492868,19.9097348330867,0.954948366681322));
#7396=CARTESIAN_POINT('Ctrl Pts',(-349.945923157165,19.7662175691691,1.06621762132317));
#7397=CARTESIAN_POINT('Ctrl Pts',(-349.820524098665,24.5743609822614,1.12563906989265));
#7398=CARTESIAN_POINT('Ctrl Pts',(-349.77150664522,24.4284987191975,1.02660887315316));
#7399=CARTESIAN_POINT('Ctrl Pts',(-349.709740197505,24.2934058715499,0.954948366681321));
#7400=CARTESIAN_POINT('Ctrl Pts',(-349.607351924136,23.9608541872031,0.802408192228924));
#7401=CARTESIAN_POINT('Ctrl Pts',(-349.557686521821,23.770110811948,0.736559099980491));
#7402=CARTESIAN_POINT('Ctrl Pts',(-349.418882772988,23.1514216418885,0.56008511358915));
#7403=CARTESIAN_POINT('Ctrl Pts',(-349.293671768873,22.2,0.413662678708468));
#7404=CARTESIAN_POINT('Ctrl Pts',(-349.418882772988,21.2485783581115,0.56008511358915));
#7405=CARTESIAN_POINT('Ctrl Pts',(-349.557686521821,20.629889188052,0.736559099980491));
#7406=CARTESIAN_POINT('Ctrl Pts',(-349.607351924136,20.4391458127969,0.802408192228924));
#7407=CARTESIAN_POINT('Ctrl Pts',(-349.709740197505,20.1065941284501,0.954948366681322));
#7408=CARTESIAN_POINT('Ctrl Pts',(-349.77150664522,19.9715012808025,1.02660887315316));
#7409=CARTESIAN_POINT('Ctrl Pts',(-349.820524098665,19.8256390177386,1.12563906989265));
#7410=CARTESIAN_POINT('Ctrl Pts',(-349.690604287659,24.5094010767585,1.19059897539556));
#7411=CARTESIAN_POINT('Ctrl Pts',(-349.625644382156,24.3794812657527,1.12563906989265));
#7412=CARTESIAN_POINT('Ctrl Pts',(-349.566222933587,24.2540822072525,1.06621762132317));
#7413=CARTESIAN_POINT('Ctrl Pts',(-349.451963476025,23.9493969803502,0.951958163761212));
#7414=CARTESIAN_POINT('Ctrl Pts',(-349.397125467033,23.770110811948,0.897120154768732));
#7415=CARTESIAN_POINT('Ctrl Pts',(-349.239486599421,23.1514216418885,0.73948128715679));
#7416=CARTESIAN_POINT('Ctrl Pts',(-349.103669879923,22.2,0.603664567658956));
#7417=CARTESIAN_POINT('Ctrl Pts',(-349.239486599421,21.2485783581115,0.73948128715679));
#7418=CARTESIAN_POINT('Ctrl Pts',(-349.397125467033,20.629889188052,0.897120154768733));
#7419=CARTESIAN_POINT('Ctrl Pts',(-349.451963476025,20.4506030196498,0.951958163761213));
#7420=CARTESIAN_POINT('Ctrl Pts',(-349.566222933587,20.1459177927475,1.06621762132317));
#7421=CARTESIAN_POINT('Ctrl Pts',(-349.625644382157,20.0205187342473,1.12563906989265));
#7422=CARTESIAN_POINT('Ctrl Pts',(-349.690604287659,19.8905989232415,1.19059897539556));
#7423=CARTESIAN_POINT('',(-354.111128525621,20.8704706887548,0.381938107825231));
#7424=CARTESIAN_POINT('',(-354.663716563628,20.8690780606351,0.83628885294438));
#7425=CARTESIAN_POINT('Ctrl Pts',(-354.111558249564,20.8704543909596,0.382052951001636));
#7426=CARTESIAN_POINT('Ctrl Pts',(-354.311356164563,20.8725148669244,0.514300225905967));
#7427=CARTESIAN_POINT('Ctrl Pts',(-354.497615257075,20.8690780606351,0.670187546391247));
#7428=CARTESIAN_POINT('Ctrl Pts',(-354.663716563628,20.8690780606351,0.83628885294415));
#7429=CARTESIAN_POINT('',(-353.463839162597,20.8647342645725,0.0370635056526747));
#7430=CARTESIAN_POINT('Ctrl Pts',(-353.464032582648,20.8646006515948,0.0366077541791949));
#7431=CARTESIAN_POINT('Ctrl Pts',(-353.687127812466,20.8654047726728,0.131053218646259));
#7432=CARTESIAN_POINT('Ctrl Pts',(-353.901624860688,20.8682886379568,0.243130381457385));
#7433=CARTESIAN_POINT('Ctrl Pts',(-354.11120670528,20.8704507649233,0.381820290032036));
#7434=CARTESIAN_POINT('',(-350.536171566239,20.8647342645726,0.0370635056526736));
#7435=CARTESIAN_POINT('Ctrl Pts',(-350.53482445305,20.8646711011197,0.0373612770565177));
#7436=CARTESIAN_POINT('Ctrl Pts',(-350.986248869393,20.8628962936782,-0.153785401021312));
#7437=CARTESIAN_POINT('Ctrl Pts',(-351.999200258352,20.8653354815944,-0.376699835124966));
#7438=CARTESIAN_POINT('Ctrl Pts',(-353.012659521868,20.8629747074408,-0.154467328682912));
#7439=CARTESIAN_POINT('Ctrl Pts',(-353.463955936337,20.8646003754151,0.0365753074533494));
#7440=CARTESIAN_POINT('',(-349.888882203215,20.870470688755,0.381938107824986));
#7441=CARTESIAN_POINT('Ctrl Pts',(-349.88878260483,20.8704903629466,0.381787261783566));
#7442=CARTESIAN_POINT('Ctrl Pts',(-350.096484711323,20.8684637846519,0.244384480878348));
#7443=CARTESIAN_POINT('Ctrl Pts',(-350.311605789108,20.8655487012926,0.131878774455471));
#7444=CARTESIAN_POINT('Ctrl Pts',(-350.535240796927,20.8646694642339,0.0371849845341921));
#7445=CARTESIAN_POINT('Ctrl Pts',(-350.535657187756,20.8646678298955,0.0370087597697002));
#7446=CARTESIAN_POINT('Ctrl Pts',(-350.536073625494,20.8646661981012,0.0368326027879065));
#7447=CARTESIAN_POINT('Ctrl Pts',(-349.336294165208,20.8690780606351,0.836288852944377));
#7448=CARTESIAN_POINT('Ctrl Pts',(-349.502259524948,20.869078060635,0.670323493204816));
#7449=CARTESIAN_POINT('Ctrl Pts',(-349.690040991216,20.872426796333,0.513361243203609));
#7450=CARTESIAN_POINT('Ctrl Pts',(-349.887699590371,20.8705009226564,0.382503986901042));
#7451=CARTESIAN_POINT('Ctrl Pts',(-354.309406441176,19.8905989232415,1.19059897539556));
#7452=CARTESIAN_POINT('Ctrl Pts',(-354.374366346679,20.0205187342473,1.12563906989265));
#7453=CARTESIAN_POINT('Ctrl Pts',(-354.433787795249,20.1459177927475,1.06621762132317));
#7454=CARTESIAN_POINT('Ctrl Pts',(-354.548047252811,20.4506030196498,0.951958163761212));
#7455=CARTESIAN_POINT('Ctrl Pts',(-354.602885261803,20.629889188052,0.897120154768732));
#7456=CARTESIAN_POINT('Ctrl Pts',(-354.658219583494,20.8470611715929,0.841785833078343));
#7457=CARTESIAN_POINT('Ctrl Pts',(-354.660981445588,20.8580479483339,0.839023970983771));
#7458=CARTESIAN_POINT('Ctrl Pts',(-354.663716563628,20.8690780606351,0.836288852944376));
#7459=CARTESIAN_POINT('Ctrl Pts',(-354.309406441176,24.5094010767585,1.19059897539556));
#7460=CARTESIAN_POINT('Ctrl Pts',(-354.374366346679,24.5743609822614,1.32051878640139));
#7461=CARTESIAN_POINT('Ctrl Pts',(-354.433787795249,24.6337824308309,1.44591784490156));
#7462=CARTESIAN_POINT('Ctrl Pts',(-354.548047252811,24.7480418883929,1.75060307180391));
#7463=CARTESIAN_POINT('Ctrl Pts',(-354.602885261804,24.8028798973853,1.92988924020607));
#7464=CARTESIAN_POINT('Ctrl Pts',(-354.760524129415,24.9605187649973,2.54857841026555));
#7465=CARTESIAN_POINT('Ctrl Pts',(-354.896340848913,25.0963354844951,3.50000005215407));
#7466=CARTESIAN_POINT('Ctrl Pts',(-354.760524129415,24.9605187649973,4.45142169404259));
#7467=CARTESIAN_POINT('Ctrl Pts',(-354.602885261803,24.8028798973853,5.07011086410206));
#7468=CARTESIAN_POINT('Ctrl Pts',(-354.548047252811,24.7480418883929,5.24939703250422));
#7469=CARTESIAN_POINT('Ctrl Pts',(-354.433787795249,24.6337824308309,5.55408225940656));
#7470=CARTESIAN_POINT('Ctrl Pts',(-354.374366346679,24.5743609822614,5.67948131790675));
#7471=CARTESIAN_POINT('Ctrl Pts',(-354.309406441176,24.5094010767585,5.80940112891257));
#7472=CARTESIAN_POINT('Ctrl Pts',(-354.374366346679,24.3794812657527,1.12563906989265));
#7473=CARTESIAN_POINT('Ctrl Pts',(-354.473396543419,24.4284987191975,1.27150133295656));
#7474=CARTESIAN_POINT('Ctrl Pts',(-354.545057049891,24.4902651669133,1.40659418060413));
#7475=CARTESIAN_POINT('Ctrl Pts',(-354.697597224343,24.5926534402824,1.73914586495095));
#7476=CARTESIAN_POINT('Ctrl Pts',(-354.763446316592,24.6423188425971,1.92988924020607));
#7477=CARTESIAN_POINT('Ctrl Pts',(-354.939920302983,24.7811225914296,2.54857841026554));
#7478=CARTESIAN_POINT('Ctrl Pts',(-355.086342737864,24.9063335955446,3.50000005215407));
#7479=CARTESIAN_POINT('Ctrl Pts',(-354.939920302983,24.7811225914296,4.45142169404259));
#7480=CARTESIAN_POINT('Ctrl Pts',(-354.763446316592,24.6423188425971,5.07011086410206));
#7481=CARTESIAN_POINT('Ctrl Pts',(-354.697597224343,24.5926534402823,5.26085423935718));
#7482=CARTESIAN_POINT('Ctrl Pts',(-354.545057049891,24.4902651669133,5.593405923704));
#7483=CARTESIAN_POINT('Ctrl Pts',(-354.473396543419,24.4284987191975,5.72849877135157));
#7484=CARTESIAN_POINT('Ctrl Pts',(-354.374366346679,24.3794812657527,5.87436103441548));
#7485=CARTESIAN_POINT('Ctrl Pts',(-354.433787795249,24.2540822072525,1.06621762132317));
#7486=CARTESIAN_POINT('Ctrl Pts',(-354.545057049891,24.2934058715499,1.20973488524078));
#7487=CARTESIAN_POINT('Ctrl Pts',(-354.646184908938,24.3328667090141,1.36713334313998));
#7488=CARTESIAN_POINT('Ctrl Pts',(-354.826590888374,24.4182838438789,1.71927480777307));
#7489=CARTESIAN_POINT('Ctrl Pts',(-354.904771783906,24.4635723064741,1.91399207339531));
#7490=CARTESIAN_POINT('Ctrl Pts',(-355.100323830232,24.5827337715437,2.54274129414264));
#7491=CARTESIAN_POINT('Ctrl Pts',(-355.25708485128,24.6970719310601,3.50000005215407));
#7492=CARTESIAN_POINT('Ctrl Pts',(-355.100323830232,24.5827337715437,4.45725881016549));
#7493=CARTESIAN_POINT('Ctrl Pts',(-354.904771783906,24.4635723064741,5.08600803091282));
#7494=CARTESIAN_POINT('Ctrl Pts',(-354.826590888374,24.4182838438789,5.28072529653506));
#7495=CARTESIAN_POINT('Ctrl Pts',(-354.646184908938,24.3328667090141,5.63286676116815));
#7496=CARTESIAN_POINT('Ctrl Pts',(-354.545057049891,24.2934058715499,5.79026521906735));
#7497=CARTESIAN_POINT('Ctrl Pts',(-354.433787795249,24.2540822072525,5.93378248298496));
#7498=CARTESIAN_POINT('Ctrl Pts',(-354.548047252811,23.9493969803502,0.951958163761212));
#7499=CARTESIAN_POINT('Ctrl Pts',(-354.697597224343,23.9608541872031,1.10734661187172));
#7500=CARTESIAN_POINT('Ctrl Pts',(-354.826590888374,23.980725244381,1.28171620827519));
#7501=CARTESIAN_POINT('Ctrl Pts',(-355.05184424118,24.0362499933211,1.66375005883292));
#7502=CARTESIAN_POINT('Ctrl Pts',(-355.146480287213,24.0689730682709,1.86967917894825));
#7503=CARTESIAN_POINT('Ctrl Pts',(-355.379713716717,24.1574671622944,2.52522994577393));
#7504=CARTESIAN_POINT('Ctrl Pts',(-355.55555906646,24.24965893879,3.50000005215407));
#7505=CARTESIAN_POINT('Ctrl Pts',(-355.379713716717,24.1574671622944,4.4747701585342));
#7506=CARTESIAN_POINT('Ctrl Pts',(-355.146480287213,24.0689730682709,5.13032092535989));
#7507=CARTESIAN_POINT('Ctrl Pts',(-355.05184424118,24.0362499933212,5.33625004547521));
#7508=CARTESIAN_POINT('Ctrl Pts',(-354.826590888374,23.980725244381,5.71828389603294));
#7509=CARTESIAN_POINT('Ctrl Pts',(-354.697597224343,23.9608541872031,5.89265349243641));
#7510=CARTESIAN_POINT('Ctrl Pts',(-354.548047252811,23.9493969803502,6.04804194054692));
#7511=CARTESIAN_POINT('Ctrl Pts',(-354.602885261803,23.770110811948,0.897120154768733));
#7512=CARTESIAN_POINT('Ctrl Pts',(-354.763446316592,23.770110811948,1.05768120955697));
#7513=CARTESIAN_POINT('Ctrl Pts',(-354.904771783906,23.7860079787588,1.23642774567995));
#7514=CARTESIAN_POINT('Ctrl Pts',(-355.146480287213,23.8303208732058,1.63102698388315));
#7515=CARTESIAN_POINT('Ctrl Pts',(-355.247916158971,23.8564818725962,1.84351817955785));
#7516=CARTESIAN_POINT('Ctrl Pts',(-355.498700075952,23.930589372931,2.51355571352813));
#7517=CARTESIAN_POINT('Ctrl Pts',(-355.683291168224,24.0115076110044,3.50000005215406));
#7518=CARTESIAN_POINT('Ctrl Pts',(-355.498700075952,23.930589372931,4.48644439078));
#7519=CARTESIAN_POINT('Ctrl Pts',(-355.247916158971,23.8564818725962,5.15648192475028));
#7520=CARTESIAN_POINT('Ctrl Pts',(-355.146480287213,23.8303208732058,5.36897312042498));
#7521=CARTESIAN_POINT('Ctrl Pts',(-354.904771783906,23.7860079787588,5.76357235862818));
#7522=CARTESIAN_POINT('Ctrl Pts',(-354.763446316592,23.770110811948,5.94231889475116));
#7523=CARTESIAN_POINT('Ctrl Pts',(-354.602885261804,23.770110811948,6.1028799495394));
#7524=CARTESIAN_POINT('Ctrl Pts',(-354.760524129415,23.1514216418885,0.73948128715679));
#7525=CARTESIAN_POINT('Ctrl Pts',(-354.939920302983,23.1514216418885,0.918877460724431));
#7526=CARTESIAN_POINT('Ctrl Pts',(-355.100323830232,23.1572587580114,1.11726628061037));
#7527=CARTESIAN_POINT('Ctrl Pts',(-355.379713716717,23.1747701063801,1.5425328898597));
#7528=CARTESIAN_POINT('Ctrl Pts',(-355.498700075952,23.1864443386259,1.76941067922309));
#7529=CARTESIAN_POINT('Ctrl Pts',(-355.788385588569,23.2214670353634,2.47853301679071));
#7530=CARTESIAN_POINT('Ctrl Pts',(-355.995236765158,23.2681639643466,3.50000005215407));
#7531=CARTESIAN_POINT('Ctrl Pts',(-355.788385588569,23.2214670353634,4.52146708751742));
#7532=CARTESIAN_POINT('Ctrl Pts',(-355.498700075952,23.1864443386259,5.23058942508504));
#7533=CARTESIAN_POINT('Ctrl Pts',(-355.379713716717,23.1747701063801,5.45746721444843));
#7534=CARTESIAN_POINT('Ctrl Pts',(-355.100323830232,23.1572587580114,5.88273382369776));
#7535=CARTESIAN_POINT('Ctrl Pts',(-354.939920302983,23.1514216418885,6.0811226435837));
#7536=CARTESIAN_POINT('Ctrl Pts',(-354.760524129415,23.1514216418885,6.26051881715134));
#7537=CARTESIAN_POINT('Ctrl Pts',(-354.896340848913,22.2,0.603664567658956));
#7538=CARTESIAN_POINT('Ctrl Pts',(-355.086342737864,22.2,0.793666456609444));
#7539=CARTESIAN_POINT('Ctrl Pts',(-355.25708485128,22.2,1.00292812109397));
#7540=CARTESIAN_POINT('Ctrl Pts',(-355.55555906646,22.2,1.45034111336408));
#7541=CARTESIAN_POINT('Ctrl Pts',(-355.683291168224,22.2,1.68849244114967));
#7542=CARTESIAN_POINT('Ctrl Pts',(-355.995236765158,22.2,2.43183608780749));
#7543=CARTESIAN_POINT('Ctrl Pts',(-356.221162338787,22.2,3.50000005215407));
#7544=CARTESIAN_POINT('Ctrl Pts',(-355.995236765158,22.2,4.56816401650064));
#7545=CARTESIAN_POINT('Ctrl Pts',(-355.683291168224,22.2,5.31150766315846));
#7546=CARTESIAN_POINT('Ctrl Pts',(-355.55555906646,22.2,5.54965899094405));
#7547=CARTESIAN_POINT('Ctrl Pts',(-355.25708485128,22.2,5.99707198321416));
#7548=CARTESIAN_POINT('Ctrl Pts',(-355.086342737864,22.2,6.20633364769869));
#7549=CARTESIAN_POINT('Ctrl Pts',(-354.896340848913,22.2,6.39633553664918));
#7550=CARTESIAN_POINT('Ctrl Pts',(-354.760524129415,21.2485783581115,0.73948128715679));
#7551=CARTESIAN_POINT('Ctrl Pts',(-354.939920302983,21.2485783581115,0.918877460724431));
#7552=CARTESIAN_POINT('Ctrl Pts',(-355.100323830232,21.2427412419886,1.11726628061037));
#7553=CARTESIAN_POINT('Ctrl Pts',(-355.379713716717,21.2252298936199,1.5425328898597));
#7554=CARTESIAN_POINT('Ctrl Pts',(-355.498700075952,21.2135556613741,1.76941067922309));
#7555=CARTESIAN_POINT('Ctrl Pts',(-355.788385588569,21.1785329646366,2.47853301679071));
#7556=CARTESIAN_POINT('Ctrl Pts',(-355.995236765158,21.1318360356534,3.50000005215407));
#7557=CARTESIAN_POINT('Ctrl Pts',(-355.788385588569,21.1785329646366,4.52146708751742));
#7558=CARTESIAN_POINT('Ctrl Pts',(-355.498700075952,21.2135556613741,5.23058942508504));
#7559=CARTESIAN_POINT('Ctrl Pts',(-355.379713716717,21.2252298936199,5.45746721444843));
#7560=CARTESIAN_POINT('Ctrl Pts',(-355.100323830232,21.2427412419886,5.88273382369776));
#7561=CARTESIAN_POINT('Ctrl Pts',(-354.939920302983,21.2485783581115,6.0811226435837));
#7562=CARTESIAN_POINT('Ctrl Pts',(-354.760524129415,21.2485783581115,6.26051881715134));
#7563=CARTESIAN_POINT('Ctrl Pts',(-354.602885261803,20.629889188052,0.897120154768732));
#7564=CARTESIAN_POINT('Ctrl Pts',(-354.763446316592,20.629889188052,1.05768120955697));
#7565=CARTESIAN_POINT('Ctrl Pts',(-354.904771783906,20.6139920212412,1.23642774567995));
#7566=CARTESIAN_POINT('Ctrl Pts',(-355.146480287213,20.5696791267942,1.63102698388315));
#7567=CARTESIAN_POINT('Ctrl Pts',(-355.247916158971,20.5435181274038,1.84351817955785));
#7568=CARTESIAN_POINT('Ctrl Pts',(-355.498700075952,20.469410627069,2.51355571352813));
#7569=CARTESIAN_POINT('Ctrl Pts',(-355.683291168223,20.3884923889956,3.50000005215407));
#7570=CARTESIAN_POINT('Ctrl Pts',(-355.498700075952,20.469410627069,4.48644439078));
#7571=CARTESIAN_POINT('Ctrl Pts',(-355.247916158971,20.5435181274038,5.15648192475028));
#7572=CARTESIAN_POINT('Ctrl Pts',(-355.146480287213,20.5696791267942,5.36897312042498));
#7573=CARTESIAN_POINT('Ctrl Pts',(-354.904771783906,20.6139920212412,5.76357235862818));
#7574=CARTESIAN_POINT('Ctrl Pts',(-354.763446316592,20.629889188052,5.94231889475116));
#7575=CARTESIAN_POINT('Ctrl Pts',(-354.602885261804,20.629889188052,6.1028799495394));
#7576=CARTESIAN_POINT('Ctrl Pts',(-354.548047252811,20.4506030196498,0.951958163761212));
#7577=CARTESIAN_POINT('Ctrl Pts',(-354.697597224343,20.4391458127969,1.10734661187172));
#7578=CARTESIAN_POINT('Ctrl Pts',(-354.826590888374,20.419274755619,1.28171620827519));
#7579=CARTESIAN_POINT('Ctrl Pts',(-355.05184424118,20.3637500066789,1.66375005883292));
#7580=CARTESIAN_POINT('Ctrl Pts',(-355.146480287213,20.3310269317291,1.86967917894824));
#7581=CARTESIAN_POINT('Ctrl Pts',(-355.379713716717,20.2425328377056,2.52522994577393));
#7582=CARTESIAN_POINT('Ctrl Pts',(-355.55555906646,20.15034106121,3.50000005215407));
#7583=CARTESIAN_POINT('Ctrl Pts',(-355.379713716717,20.2425328377056,4.4747701585342));
#7584=CARTESIAN_POINT('Ctrl Pts',(-355.146480287213,20.3310269317291,5.13032092535988));
#7585=CARTESIAN_POINT('Ctrl Pts',(-355.05184424118,20.3637500066789,5.33625004547521));
#7586=CARTESIAN_POINT('Ctrl Pts',(-354.826590888374,20.419274755619,5.71828389603294));
#7587=CARTESIAN_POINT('Ctrl Pts',(-354.697597224343,20.4391458127969,5.89265349243641));
#7588=CARTESIAN_POINT('Ctrl Pts',(-354.548047252811,20.4506030196498,6.04804194054692));
#7589=CARTESIAN_POINT('Ctrl Pts',(-354.433787795249,20.1459177927475,1.06621762132317));
#7590=CARTESIAN_POINT('Ctrl Pts',(-354.545057049891,20.1065941284501,1.20973488524078));
#7591=CARTESIAN_POINT('Ctrl Pts',(-354.646184908937,20.0671332909859,1.36713334313998));
#7592=CARTESIAN_POINT('Ctrl Pts',(-354.826590888374,19.9817161561211,1.71927480777307));
#7593=CARTESIAN_POINT('Ctrl Pts',(-354.904771783906,19.9364276935259,1.91399207339531));
#7594=CARTESIAN_POINT('Ctrl Pts',(-355.100323830232,19.8172662284563,2.54274129414264));
#7595=CARTESIAN_POINT('Ctrl Pts',(-355.25708485128,19.7029280689399,3.50000005215407));
#7596=CARTESIAN_POINT('Ctrl Pts',(-355.100323830232,19.8172662284563,4.45725881016549));
#7597=CARTESIAN_POINT('Ctrl Pts',(-354.904771783906,19.9364276935259,5.08600803091282));
#7598=CARTESIAN_POINT('Ctrl Pts',(-354.826590888374,19.9817161561211,5.28072529653506));
#7599=CARTESIAN_POINT('Ctrl Pts',(-354.646184908937,20.0671332909859,5.63286676116815));
#7600=CARTESIAN_POINT('Ctrl Pts',(-354.545057049891,20.1065941284501,5.79026521906735));
#7601=CARTESIAN_POINT('Ctrl Pts',(-354.433787795249,20.1459177927475,5.93378248298496));
#7602=CARTESIAN_POINT('Ctrl Pts',(-354.374366346679,20.0205187342473,1.12563906989265));
#7603=CARTESIAN_POINT('Ctrl Pts',(-354.473396543419,19.9715012808025,1.27150133295656));
#7604=CARTESIAN_POINT('Ctrl Pts',(-354.545057049891,19.9097348330867,1.40659418060413));
#7605=CARTESIAN_POINT('Ctrl Pts',(-354.697597224343,19.8073465597177,1.73914586495095));
#7606=CARTESIAN_POINT('Ctrl Pts',(-354.763446316592,19.7576811574029,1.92988924020607));
#7607=CARTESIAN_POINT('Ctrl Pts',(-354.939920302983,19.6188774085704,2.54857841026554));
#7608=CARTESIAN_POINT('Ctrl Pts',(-355.086342737864,19.4936664044554,3.50000005215407));
#7609=CARTESIAN_POINT('Ctrl Pts',(-354.939920302983,19.6188774085704,4.45142169404259));
#7610=CARTESIAN_POINT('Ctrl Pts',(-354.763446316592,19.7576811574029,5.07011086410206));
#7611=CARTESIAN_POINT('Ctrl Pts',(-354.697597224343,19.8073465597177,5.26085423935718));
#7612=CARTESIAN_POINT('Ctrl Pts',(-354.545057049891,19.9097348330867,5.593405923704));
#7613=CARTESIAN_POINT('Ctrl Pts',(-354.473396543419,19.9715012808025,5.72849877135157));
#7614=CARTESIAN_POINT('Ctrl Pts',(-354.374366346679,20.0205187342473,5.87436103441548));
#7615=CARTESIAN_POINT('Ctrl Pts',(-354.309406441176,19.8905989232415,1.19059897539556));
#7616=CARTESIAN_POINT('Ctrl Pts',(-354.374366346679,19.8256390177386,1.32051878640139));
#7617=CARTESIAN_POINT('Ctrl Pts',(-354.433787795249,19.7662175691691,1.44591784490156));
#7618=CARTESIAN_POINT('Ctrl Pts',(-354.548047252811,19.6519581116072,1.75060307180391));
#7619=CARTESIAN_POINT('Ctrl Pts',(-354.602885261804,19.5971201026147,1.92988924020607));
#7620=CARTESIAN_POINT('Ctrl Pts',(-354.760524129415,19.4394812350027,2.54857841026554));
#7621=CARTESIAN_POINT('Ctrl Pts',(-354.896340848913,19.3036645155049,3.50000005215407));
#7622=CARTESIAN_POINT('Ctrl Pts',(-354.760524129415,19.4394812350027,4.45142169404259));
#7623=CARTESIAN_POINT('Ctrl Pts',(-354.602885261804,19.5971201026147,5.07011086410206));
#7624=CARTESIAN_POINT('Ctrl Pts',(-354.548047252811,19.6519581116071,5.24939703250422));
#7625=CARTESIAN_POINT('Ctrl Pts',(-354.433787795249,19.7662175691691,5.55408225940656));
#7626=CARTESIAN_POINT('Ctrl Pts',(-354.374366346679,19.8256390177386,5.67948131790674));
#7627=CARTESIAN_POINT('Ctrl Pts',(-354.309406441176,19.8905989232415,5.80940112891257));
#7628=CARTESIAN_POINT('',(-355.118067308747,20.8704706887549,5.61112321335731));
#7629=CARTESIAN_POINT('',(-354.663716563628,20.8690780606353,6.16371125136382));
#7630=CARTESIAN_POINT('Ctrl Pts',(-355.117952500844,20.8704543886041,5.6115529111444));
#7631=CARTESIAN_POINT('Ctrl Pts',(-354.985705215045,20.8725148645043,5.81135083512733));
#7632=CARTESIAN_POINT('Ctrl Pts',(-354.829817870181,20.8690780606354,5.99760994481119));
#7633=CARTESIAN_POINT('Ctrl Pts',(-354.663716563628,20.8690780606353,6.16371125136381));
#7634=CARTESIAN_POINT('',(-355.462941910919,20.8647342645725,4.9638338503334));
#7635=CARTESIAN_POINT('Ctrl Pts',(-355.463397700246,20.8646006513846,4.96402728641741));
#7636=CARTESIAN_POINT('Ctrl Pts',(-355.368952232765,20.8654047704318,5.18712251296802));
#7637=CARTESIAN_POINT('Ctrl Pts',(-355.256875057415,20.8682886361739,5.40161955469099));
#7638=CARTESIAN_POINT('Ctrl Pts',(-355.118185139029,20.8704507629235,5.61120140130405));
#7639=CARTESIAN_POINT('',(-355.46294191092,20.8647342645725,2.03616625397475));
#7640=CARTESIAN_POINT('Ctrl Pts',(-355.462644147429,20.8646711055919,2.03481911483009));
#7641=CARTESIAN_POINT('Ctrl Pts',(-355.653790845714,20.8628963011582,2.48624357924788));
#7642=CARTESIAN_POINT('Ctrl Pts',(-355.876705328011,20.865335494078,3.49919495562745));
#7643=CARTESIAN_POINT('Ctrl Pts',(-355.654472814002,20.8629747118128,4.51265415586704));
#7644=CARTESIAN_POINT('Ctrl Pts',(-355.463430171769,20.8646003749946,4.96395058153275));
#7645=CARTESIAN_POINT('',(-355.118067308747,20.8704706887549,1.38887689095084));
#7646=CARTESIAN_POINT('Ctrl Pts',(-355.118218165639,20.8704903639111,1.38877728539572));
#7647=CARTESIAN_POINT('Ctrl Pts',(-355.255620939434,20.8684637868357,1.59647937753171));
#7648=CARTESIAN_POINT('Ctrl Pts',(-355.368126642987,20.8655487042501,1.81160043408068));
#7649=CARTESIAN_POINT('Ctrl Pts',(-355.46282044266,20.8646694686839,2.03523546510343));
#7650=CARTESIAN_POINT('Ctrl Pts',(-355.46299667013,20.8646678343234,2.03565186233029));
#7651=CARTESIAN_POINT('Ctrl Pts',(-355.463172829817,20.864666202507,2.03606830646746));
#7652=CARTESIAN_POINT('Ctrl Pts',(-354.663716563628,20.8690780606351,0.836288852944384));
#7653=CARTESIAN_POINT('Ctrl Pts',(-354.829681923369,20.8690780606352,1.00225421268552));
#7654=CARTESIAN_POINT('Ctrl Pts',(-354.986644172581,20.8724267963258,1.19003566029949));
#7655=CARTESIAN_POINT('Ctrl Pts',(-355.117501427667,20.8705009238042,1.38769425153826));
#7656=CARTESIAN_POINT('Ctrl Pts',(-354.309406441176,19.8905989232415,5.80940112891257));
#7657=CARTESIAN_POINT('Ctrl Pts',(-354.374366346679,20.0205187342473,5.87436103441548));
#7658=CARTESIAN_POINT('Ctrl Pts',(-354.433787795249,20.1459177927475,5.93378248298496));
#7659=CARTESIAN_POINT('Ctrl Pts',(-354.548047252811,20.4506030196498,6.04804194054692));
#7660=CARTESIAN_POINT('Ctrl Pts',(-354.602885261804,20.629889188052,6.1028799495394));
#7661=CARTESIAN_POINT('Ctrl Pts',(-354.658219583494,20.847061171593,6.15821427122981));
#7662=CARTESIAN_POINT('Ctrl Pts',(-354.660981445588,20.8580479483341,6.1609761333244));
#7663=CARTESIAN_POINT('Ctrl Pts',(-354.663716563628,20.8690780606353,6.16371125136382));
#7664=CARTESIAN_POINT('Ctrl Pts',(-354.309406441176,19.8905989232415,5.80940112891257));
#7665=CARTESIAN_POINT('Ctrl Pts',(-354.374366346679,20.0205187342473,5.87436103441548));
#7666=CARTESIAN_POINT('Ctrl Pts',(-354.433787795249,20.1459177927475,5.93378248298496));
#7667=CARTESIAN_POINT('Ctrl Pts',(-354.548047252811,20.4506030196498,6.04804194054692));
#7668=CARTESIAN_POINT('Ctrl Pts',(-354.602885261804,20.629889188052,6.1028799495394));
#7669=CARTESIAN_POINT('Ctrl Pts',(-354.760524129415,21.2485783581115,6.26051881715134));
#7670=CARTESIAN_POINT('Ctrl Pts',(-354.896340848913,22.2,6.39633553664918));
#7671=CARTESIAN_POINT('Ctrl Pts',(-354.760524129415,23.1514216418885,6.26051881715134));
#7672=CARTESIAN_POINT('Ctrl Pts',(-354.602885261804,23.770110811948,6.1028799495394));
#7673=CARTESIAN_POINT('Ctrl Pts',(-354.548047252811,23.9493969803502,6.04804194054692));
#7674=CARTESIAN_POINT('Ctrl Pts',(-354.433787795249,24.2540822072525,5.93378248298496));
#7675=CARTESIAN_POINT('Ctrl Pts',(-354.374366346679,24.3794812657527,5.87436103441548));
#7676=CARTESIAN_POINT('Ctrl Pts',(-354.309406441176,24.5094010767585,5.80940112891257));
#7677=CARTESIAN_POINT('Ctrl Pts',(-354.179486630171,19.8256390177386,5.87436103441548));
#7678=CARTESIAN_POINT('Ctrl Pts',(-354.228504083615,19.9715012808025,5.97339123115497));
#7679=CARTESIAN_POINT('Ctrl Pts',(-354.290270531331,20.1065941284501,6.04505173762681));
#7680=CARTESIAN_POINT('Ctrl Pts',(-354.3926588047,20.4391458127969,6.19759191207921));
#7681=CARTESIAN_POINT('Ctrl Pts',(-354.442324207015,20.629889188052,6.26344100432764));
#7682=CARTESIAN_POINT('Ctrl Pts',(-354.581127955848,21.2485783581115,6.43991499071898));
#7683=CARTESIAN_POINT('Ctrl Pts',(-354.706338959963,22.2,6.58633742559966));
#7684=CARTESIAN_POINT('Ctrl Pts',(-354.581127955848,23.1514216418885,6.43991499071898));
#7685=CARTESIAN_POINT('Ctrl Pts',(-354.442324207015,23.770110811948,6.26344100432764));
#7686=CARTESIAN_POINT('Ctrl Pts',(-354.392658804701,23.9608541872031,6.19759191207921));
#7687=CARTESIAN_POINT('Ctrl Pts',(-354.290270531331,24.2934058715499,6.04505173762681));
#7688=CARTESIAN_POINT('Ctrl Pts',(-354.228504083615,24.4284987191975,5.97339123115497));
#7689=CARTESIAN_POINT('Ctrl Pts',(-354.179486630171,24.5743609822614,5.87436103441548));
#7690=CARTESIAN_POINT('Ctrl Pts',(-354.05408757167,19.7662175691691,5.93378248298496));
#7691=CARTESIAN_POINT('Ctrl Pts',(-354.093411235968,19.9097348330867,6.04505173762681));
#7692=CARTESIAN_POINT('Ctrl Pts',(-354.132872073432,20.0671332909859,6.14617959667355));
#7693=CARTESIAN_POINT('Ctrl Pts',(-354.218289208297,20.419274755619,6.3265855761103));
#7694=CARTESIAN_POINT('Ctrl Pts',(-354.263577670892,20.6139920212412,6.40476647164232));
#7695=CARTESIAN_POINT('Ctrl Pts',(-354.382739135962,21.2427412419886,6.60031851796832));
#7696=CARTESIAN_POINT('Ctrl Pts',(-354.497077295478,22.2,6.75707953901611));
#7697=CARTESIAN_POINT('Ctrl Pts',(-354.382739135962,23.1572587580114,6.60031851796832));
#7698=CARTESIAN_POINT('Ctrl Pts',(-354.263577670892,23.7860079787588,6.40476647164233));
#7699=CARTESIAN_POINT('Ctrl Pts',(-354.218289208297,23.980725244381,6.3265855761103));
#7700=CARTESIAN_POINT('Ctrl Pts',(-354.132872073432,24.3328667090141,6.14617959667355));
#7701=CARTESIAN_POINT('Ctrl Pts',(-354.093411235968,24.4902651669133,6.04505173762681));
#7702=CARTESIAN_POINT('Ctrl Pts',(-354.05408757167,24.6337824308309,5.93378248298496));
#7703=CARTESIAN_POINT('Ctrl Pts',(-353.749402344768,19.6519581116072,6.04804194054692));
#7704=CARTESIAN_POINT('Ctrl Pts',(-353.760859551621,19.8073465597177,6.19759191207921));
#7705=CARTESIAN_POINT('Ctrl Pts',(-353.780730608799,19.9817161561211,6.3265855761103));
#7706=CARTESIAN_POINT('Ctrl Pts',(-353.836255357739,20.3637500066789,6.55183892891561));
#7707=CARTESIAN_POINT('Ctrl Pts',(-353.868978432689,20.5696791267942,6.64647497494937));
#7708=CARTESIAN_POINT('Ctrl Pts',(-353.957472526712,21.2252298936199,6.87970840445275));
#7709=CARTESIAN_POINT('Ctrl Pts',(-354.049664303208,22.2,7.05555375419616));
#7710=CARTESIAN_POINT('Ctrl Pts',(-353.957472526712,23.1747701063801,6.87970840445275));
#7711=CARTESIAN_POINT('Ctrl Pts',(-353.868978432689,23.8303208732058,6.64647497494937));
#7712=CARTESIAN_POINT('Ctrl Pts',(-353.836255357739,24.0362499933211,6.55183892891561));
#7713=CARTESIAN_POINT('Ctrl Pts',(-353.780730608799,24.4182838438789,6.3265855761103));
#7714=CARTESIAN_POINT('Ctrl Pts',(-353.760859551621,24.5926534402823,6.1975919120792));
#7715=CARTESIAN_POINT('Ctrl Pts',(-353.749402344768,24.7480418883929,6.04804194054691));
#7716=CARTESIAN_POINT('Ctrl Pts',(-353.570116176366,19.5971201026147,6.10287994953939));
#7717=CARTESIAN_POINT('Ctrl Pts',(-353.570116176366,19.7576811574029,6.26344100432764));
#7718=CARTESIAN_POINT('Ctrl Pts',(-353.586013343177,19.9364276935259,6.40476647164232));
#7719=CARTESIAN_POINT('Ctrl Pts',(-353.630326237624,20.3310269317291,6.64647497494937));
#7720=CARTESIAN_POINT('Ctrl Pts',(-353.656487237014,20.5435181274038,6.74791084670669));
#7721=CARTESIAN_POINT('Ctrl Pts',(-353.730594737349,21.2135556613741,6.99869476368784));
#7722=CARTESIAN_POINT('Ctrl Pts',(-353.811512975422,22.2,7.18328585595976));
#7723=CARTESIAN_POINT('Ctrl Pts',(-353.730594737349,23.1864443386259,6.99869476368783));
#7724=CARTESIAN_POINT('Ctrl Pts',(-353.656487237014,23.8564818725962,6.74791084670669));
#7725=CARTESIAN_POINT('Ctrl Pts',(-353.630326237624,24.0689730682709,6.64647497494937));
#7726=CARTESIAN_POINT('Ctrl Pts',(-353.586013343177,24.4635723064741,6.40476647164232));
#7727=CARTESIAN_POINT('Ctrl Pts',(-353.570116176366,24.6423188425971,6.26344100432764));
#7728=CARTESIAN_POINT('Ctrl Pts',(-353.570116176366,24.8028798973853,6.10287994953939));
#7729=CARTESIAN_POINT('Ctrl Pts',(-352.951427006307,19.4394812350027,6.26051881715133));
#7730=CARTESIAN_POINT('Ctrl Pts',(-352.951427006307,19.6188774085704,6.43991499071897));
#7731=CARTESIAN_POINT('Ctrl Pts',(-352.957264122429,19.8172662284563,6.60031851796832));
#7732=CARTESIAN_POINT('Ctrl Pts',(-352.974775470798,20.2425328377056,6.87970840445275));
#7733=CARTESIAN_POINT('Ctrl Pts',(-352.986449703044,20.469410627069,6.99869476368783));
#7734=CARTESIAN_POINT('Ctrl Pts',(-353.021472399781,21.1785329646366,7.28838027630523));
#7735=CARTESIAN_POINT('Ctrl Pts',(-353.068169328765,22.2,7.49523145289412));
#7736=CARTESIAN_POINT('Ctrl Pts',(-353.021472399781,23.2214670353634,7.28838027630523));
#7737=CARTESIAN_POINT('Ctrl Pts',(-352.986449703044,23.930589372931,6.99869476368783));
#7738=CARTESIAN_POINT('Ctrl Pts',(-352.974775470798,24.1574671622944,6.87970840445275));
#7739=CARTESIAN_POINT('Ctrl Pts',(-352.957264122429,24.5827337715437,6.60031851796832));
#7740=CARTESIAN_POINT('Ctrl Pts',(-352.951427006307,24.7811225914296,6.43991499071898));
#7741=CARTESIAN_POINT('Ctrl Pts',(-352.951427006307,24.9605187649973,6.26051881715133));
#7742=CARTESIAN_POINT('Ctrl Pts',(-352.000005364418,19.3036645155049,6.39633553664917));
#7743=CARTESIAN_POINT('Ctrl Pts',(-352.000005364418,19.4936664044554,6.58633742559965));
#7744=CARTESIAN_POINT('Ctrl Pts',(-352.000005364418,19.7029280689399,6.7570795390161));
#7745=CARTESIAN_POINT('Ctrl Pts',(-352.000005364418,20.15034106121,7.05555375419615));
#7746=CARTESIAN_POINT('Ctrl Pts',(-352.000005364418,20.3884923889956,7.18328585595975));
#7747=CARTESIAN_POINT('Ctrl Pts',(-352.000005364418,21.1318360356534,7.49523145289411));
#7748=CARTESIAN_POINT('Ctrl Pts',(-352.000005364418,22.2,7.72115702652278));
#7749=CARTESIAN_POINT('Ctrl Pts',(-352.000005364418,23.2681639643466,7.49523145289411));
#7750=CARTESIAN_POINT('Ctrl Pts',(-352.000005364418,24.0115076110044,7.18328585595975));
#7751=CARTESIAN_POINT('Ctrl Pts',(-352.000005364418,24.24965893879,7.05555375419615));
#7752=CARTESIAN_POINT('Ctrl Pts',(-352.000005364418,24.6970719310601,6.7570795390161));
#7753=CARTESIAN_POINT('Ctrl Pts',(-352.000005364418,24.9063335955446,6.58633742559966));
#7754=CARTESIAN_POINT('Ctrl Pts',(-352.000005364418,25.0963354844951,6.39633553664917));
#7755=CARTESIAN_POINT('Ctrl Pts',(-351.048583722529,19.4394812350027,6.26051881715133));
#7756=CARTESIAN_POINT('Ctrl Pts',(-351.04858372253,19.6188774085704,6.43991499071898));
#7757=CARTESIAN_POINT('Ctrl Pts',(-351.042746606407,19.8172662284563,6.60031851796832));
#7758=CARTESIAN_POINT('Ctrl Pts',(-351.025235258038,20.2425328377056,6.87970840445274));
#7759=CARTESIAN_POINT('Ctrl Pts',(-351.013561025792,20.469410627069,6.99869476368783));
#7760=CARTESIAN_POINT('Ctrl Pts',(-350.978538329055,21.1785329646366,7.28838027630523));
#7761=CARTESIAN_POINT('Ctrl Pts',(-350.931841400071,22.2,7.49523145289411));
#7762=CARTESIAN_POINT('Ctrl Pts',(-350.978538329055,23.2214670353634,7.28838027630523));
#7763=CARTESIAN_POINT('Ctrl Pts',(-351.013561025792,23.930589372931,6.99869476368783));
#7764=CARTESIAN_POINT('Ctrl Pts',(-351.025235258038,24.1574671622944,6.87970840445274));
#7765=CARTESIAN_POINT('Ctrl Pts',(-351.042746606406,24.5827337715437,6.60031851796832));
#7766=CARTESIAN_POINT('Ctrl Pts',(-351.048583722529,24.7811225914296,6.43991499071897));
#7767=CARTESIAN_POINT('Ctrl Pts',(-351.048583722529,24.9605187649973,6.26051881715133));
#7768=CARTESIAN_POINT('Ctrl Pts',(-350.42989455247,19.5971201026147,6.10287994953939));
#7769=CARTESIAN_POINT('Ctrl Pts',(-350.42989455247,19.7576811574029,6.26344100432764));
#7770=CARTESIAN_POINT('Ctrl Pts',(-350.413997385659,19.9364276935259,6.40476647164232));
#7771=CARTESIAN_POINT('Ctrl Pts',(-350.369684491212,20.3310269317291,6.64647497494937));
#7772=CARTESIAN_POINT('Ctrl Pts',(-350.343523491822,20.5435181274038,6.74791084670669));
#7773=CARTESIAN_POINT('Ctrl Pts',(-350.269415991487,21.2135556613741,6.99869476368784));
#7774=CARTESIAN_POINT('Ctrl Pts',(-350.188497753413,22.2,7.18328585595975));
#7775=CARTESIAN_POINT('Ctrl Pts',(-350.269415991487,23.1864443386259,6.99869476368783));
#7776=CARTESIAN_POINT('Ctrl Pts',(-350.343523491822,23.8564818725962,6.74791084670669));
#7777=CARTESIAN_POINT('Ctrl Pts',(-350.369684491212,24.0689730682709,6.64647497494937));
#7778=CARTESIAN_POINT('Ctrl Pts',(-350.413997385659,24.4635723064741,6.40476647164232));
#7779=CARTESIAN_POINT('Ctrl Pts',(-350.42989455247,24.6423188425971,6.26344100432764));
#7780=CARTESIAN_POINT('Ctrl Pts',(-350.42989455247,24.8028798973853,6.10287994953939));
#7781=CARTESIAN_POINT('Ctrl Pts',(-350.250608384068,19.6519581116072,6.04804194054691));
#7782=CARTESIAN_POINT('Ctrl Pts',(-350.239151177215,19.8073465597177,6.19759191207921));
#7783=CARTESIAN_POINT('Ctrl Pts',(-350.219280120037,19.9817161561211,6.3265855761103));
#7784=CARTESIAN_POINT('Ctrl Pts',(-350.163755371097,20.3637500066789,6.55183892891561));
#7785=CARTESIAN_POINT('Ctrl Pts',(-350.131032296147,20.5696791267942,6.64647497494937));
#7786=CARTESIAN_POINT('Ctrl Pts',(-350.042538202124,21.2252298936199,6.87970840445275));
#7787=CARTESIAN_POINT('Ctrl Pts',(-349.950346425628,22.2,7.05555375419616));
#7788=CARTESIAN_POINT('Ctrl Pts',(-350.042538202124,23.1747701063801,6.87970840445275));
#7789=CARTESIAN_POINT('Ctrl Pts',(-350.131032296147,23.8303208732058,6.64647497494937));
#7790=CARTESIAN_POINT('Ctrl Pts',(-350.163755371097,24.0362499933211,6.55183892891561));
#7791=CARTESIAN_POINT('Ctrl Pts',(-350.219280120037,24.4182838438789,6.3265855761103));
#7792=CARTESIAN_POINT('Ctrl Pts',(-350.239151177215,24.5926534402823,6.1975919120792));
#7793=CARTESIAN_POINT('Ctrl Pts',(-350.250608384068,24.7480418883929,6.04804194054692));
#7794=CARTESIAN_POINT('Ctrl Pts',(-349.945923157165,19.7662175691691,5.93378248298496));
#7795=CARTESIAN_POINT('Ctrl Pts',(-349.906599492868,19.9097348330867,6.0450517376268));
#7796=CARTESIAN_POINT('Ctrl Pts',(-349.867138655404,20.0671332909859,6.14617959667355));
#7797=CARTESIAN_POINT('Ctrl Pts',(-349.781721520539,20.419274755619,6.3265855761103));
#7798=CARTESIAN_POINT('Ctrl Pts',(-349.736433057944,20.6139920212412,6.40476647164232));
#7799=CARTESIAN_POINT('Ctrl Pts',(-349.617271592874,21.2427412419886,6.60031851796832));
#7800=CARTESIAN_POINT('Ctrl Pts',(-349.502933433358,22.2,6.75707953901611));
#7801=CARTESIAN_POINT('Ctrl Pts',(-349.617271592874,23.1572587580114,6.60031851796832));
#7802=CARTESIAN_POINT('Ctrl Pts',(-349.736433057944,23.7860079787588,6.40476647164232));
#7803=CARTESIAN_POINT('Ctrl Pts',(-349.781721520539,23.980725244381,6.3265855761103));
#7804=CARTESIAN_POINT('Ctrl Pts',(-349.867138655404,24.3328667090141,6.14617959667355));
#7805=CARTESIAN_POINT('Ctrl Pts',(-349.906599492868,24.4902651669133,6.04505173762681));
#7806=CARTESIAN_POINT('Ctrl Pts',(-349.945923157166,24.6337824308309,5.93378248298496));
#7807=CARTESIAN_POINT('Ctrl Pts',(-349.820524098665,19.8256390177386,5.87436103441548));
#7808=CARTESIAN_POINT('Ctrl Pts',(-349.77150664522,19.9715012808025,5.97339123115497));
#7809=CARTESIAN_POINT('Ctrl Pts',(-349.709740197505,20.1065941284501,6.04505173762681));
#7810=CARTESIAN_POINT('Ctrl Pts',(-349.607351924136,20.4391458127969,6.19759191207921));
#7811=CARTESIAN_POINT('Ctrl Pts',(-349.557686521821,20.629889188052,6.26344100432764));
#7812=CARTESIAN_POINT('Ctrl Pts',(-349.418882772988,21.2485783581115,6.43991499071898));
#7813=CARTESIAN_POINT('Ctrl Pts',(-349.293671768874,22.2,6.58633742559966));
#7814=CARTESIAN_POINT('Ctrl Pts',(-349.418882772988,23.1514216418885,6.43991499071898));
#7815=CARTESIAN_POINT('Ctrl Pts',(-349.557686521821,23.770110811948,6.26344100432764));
#7816=CARTESIAN_POINT('Ctrl Pts',(-349.607351924136,23.9608541872031,6.19759191207921));
#7817=CARTESIAN_POINT('Ctrl Pts',(-349.709740197505,24.2934058715499,6.04505173762681));
#7818=CARTESIAN_POINT('Ctrl Pts',(-349.77150664522,24.4284987191975,5.97339123115497));
#7819=CARTESIAN_POINT('Ctrl Pts',(-349.820524098665,24.5743609822614,5.87436103441548));
#7820=CARTESIAN_POINT('Ctrl Pts',(-349.690604287659,19.8905989232415,5.80940112891257));
#7821=CARTESIAN_POINT('Ctrl Pts',(-349.625644382156,20.0205187342473,5.87436103441548));
#7822=CARTESIAN_POINT('Ctrl Pts',(-349.566222933587,20.1459177927475,5.93378248298496));
#7823=CARTESIAN_POINT('Ctrl Pts',(-349.451963476025,20.4506030196498,6.04804194054692));
#7824=CARTESIAN_POINT('Ctrl Pts',(-349.397125467033,20.629889188052,6.1028799495394));
#7825=CARTESIAN_POINT('Ctrl Pts',(-349.239486599421,21.2485783581115,6.26051881715134));
#7826=CARTESIAN_POINT('Ctrl Pts',(-349.103669879923,22.2,6.39633553664917));
#7827=CARTESIAN_POINT('Ctrl Pts',(-349.239486599421,23.1514216418885,6.26051881715134));
#7828=CARTESIAN_POINT('Ctrl Pts',(-349.397125467033,23.770110811948,6.1028799495394));
#7829=CARTESIAN_POINT('Ctrl Pts',(-349.451963476025,23.9493969803502,6.04804194054692));
#7830=CARTESIAN_POINT('Ctrl Pts',(-349.566222933587,24.2540822072525,5.93378248298496));
#7831=CARTESIAN_POINT('Ctrl Pts',(-349.625644382157,24.3794812657527,5.87436103441548));
#7832=CARTESIAN_POINT('Ctrl Pts',(-349.690604287659,24.5094010767585,5.80940112891257));
#7833=CARTESIAN_POINT('',(-349.888882203215,20.8704706887549,6.61806199648307));
#7834=CARTESIAN_POINT('Ctrl Pts',(-349.888452505427,20.8704543886041,6.61794718857944));
#7835=CARTESIAN_POINT('Ctrl Pts',(-349.688654581447,20.8725148645045,6.48569990278275));
#7836=CARTESIAN_POINT('Ctrl Pts',(-349.50239547176,20.8690780606349,6.3298125579152));
#7837=CARTESIAN_POINT('Ctrl Pts',(-349.336294165209,20.8690780606349,6.16371125136377));
#7838=CARTESIAN_POINT('',(-350.536171566239,20.8647342645725,6.9629365986554));
#7839=CARTESIAN_POINT('Ctrl Pts',(-350.535978130155,20.8646006513844,6.9633923879816));
#7840=CARTESIAN_POINT('Ctrl Pts',(-350.312882903606,20.8654047704318,6.86894692050213));
#7841=CARTESIAN_POINT('Ctrl Pts',(-350.098385861878,20.8682886361737,6.75686974514832));
#7842=CARTESIAN_POINT('Ctrl Pts',(-349.888804015268,20.8704507629234,6.61817982676546));
#7843=CARTESIAN_POINT('',(-353.463839162597,20.8647342645725,6.9629365986554));
#7844=CARTESIAN_POINT('Ctrl Pts',(-353.465186301742,20.8646711055918,6.96263883516434));
#7845=CARTESIAN_POINT('Ctrl Pts',(-353.013761837325,20.8628963011581,7.15378553344863));
#7846=CARTESIAN_POINT('Ctrl Pts',(-352.000810460944,20.8653354940785,7.37670001574708));
#7847=CARTESIAN_POINT('Ctrl Pts',(-350.987351260699,20.8629747118123,7.15446750173478));
#7848=CARTESIAN_POINT('Ctrl Pts',(-350.536054835037,20.8646003749944,6.96342485950333));
#7849=CARTESIAN_POINT('',(-354.111128525621,20.8704706887551,6.61806199648313));
#7850=CARTESIAN_POINT('Ctrl Pts',(-354.111228131176,20.8704903639112,6.61821285337478));
#7851=CARTESIAN_POINT('Ctrl Pts',(-353.90352603904,20.8684637868358,6.75561562716933));
#7852=CARTESIAN_POINT('Ctrl Pts',(-353.688404982491,20.8655487042501,6.86812133072288));
#7853=CARTESIAN_POINT('Ctrl Pts',(-353.464769951469,20.8646694686838,6.96281513039502));
#7854=CARTESIAN_POINT('Ctrl Pts',(-353.464353554242,20.8646678343233,6.96299135786581));
#7855=CARTESIAN_POINT('Ctrl Pts',(-353.463937110104,20.864666202507,6.96316751755182));
#7856=CARTESIAN_POINT('Ctrl Pts',(-354.663716563628,20.8690780606353,6.16371125136392));
#7857=CARTESIAN_POINT('Ctrl Pts',(-354.497751203887,20.8690780606352,6.32967661110503));
#7858=CARTESIAN_POINT('Ctrl Pts',(-354.309969756273,20.8724267963259,6.48663886031652));
#7859=CARTESIAN_POINT('Ctrl Pts',(-354.112311165034,20.8705009238043,6.61749611540229));
#7860=CARTESIAN_POINT('Ctrl Pts',(-350.003561185111,22.2000001788139,5.49644423146097));
#7861=CARTESIAN_POINT('Ctrl Pts',(-350.12810846395,22.2000001788139,5.62099151029975));
#7862=CARTESIAN_POINT('Ctrl Pts',(-350.265397739149,22.2000001788139,5.73448672389411));
#7863=CARTESIAN_POINT('Ctrl Pts',(-350.566359222931,22.2000001788139,5.9349079576279));
#7864=CARTESIAN_POINT('Ctrl Pts',(-350.730641075071,22.2000001788139,6.02239835443382));
#7865=CARTESIAN_POINT('Ctrl Pts',(-351.249804705819,22.2000001788139,6.24164560870681));
#7866=CARTESIAN_POINT('Ctrl Pts',(-351.999761979744,22.2000001788139,6.40594776531286));
#7867=CARTESIAN_POINT('Ctrl Pts',(-352.752435202826,22.2000001788139,6.2409315393122));
#7868=CARTESIAN_POINT('Ctrl Pts',(-353.268610387789,22.2000001788139,6.02264316208574));
#7869=CARTESIAN_POINT('Ctrl Pts',(-353.432990830942,22.2000001788139,5.93534201367892));
#7870=CARTESIAN_POINT('Ctrl Pts',(-353.734803928678,22.2000001788139,5.73435186250362));
#7871=CARTESIAN_POINT('Ctrl Pts',(-353.872004201505,22.2000001788139,5.62088957368113));
#7872=CARTESIAN_POINT('Ctrl Pts',(-353.996449543725,22.2000001788139,5.49644423146088));
#7873=CARTESIAN_POINT('Ctrl Pts',(-349.875064602137,22.2000001788139,5.62494081443513));
#7874=CARTESIAN_POINT('Ctrl Pts',(-350.007619372148,22.2000001788139,5.7574955844454));
#7875=CARTESIAN_POINT('Ctrl Pts',(-350.154676204689,22.199998373005,5.87868989843086));
#7876=CARTESIAN_POINT('Ctrl Pts',(-350.47611244497,22.2000005756226,6.09328519575776));
#7877=CARTESIAN_POINT('Ctrl Pts',(-350.649893889687,22.2000020891782,6.18598513199342));
#7878=CARTESIAN_POINT('Ctrl Pts',(-351.198973674412,22.200003358273,6.41844705719279));
#7879=CARTESIAN_POINT('Ctrl Pts',(-351.999959122763,22.2000020883347,6.59359690175738));
#7880=CARTESIAN_POINT('Ctrl Pts',(-352.803049614015,22.2000033998816,6.41775340109672));
#7881=CARTESIAN_POINT('Ctrl Pts',(-353.349798500202,22.2000020125793,6.18597516963269));
#7882=CARTESIAN_POINT('Ctrl Pts',(-353.523815899439,22.2000004801691,6.09331429518862));
#7883=CARTESIAN_POINT('Ctrl Pts',(-353.845230522699,22.1999984190322,5.87877357030053));
#7884=CARTESIAN_POINT('Ctrl Pts',(-353.992499847096,22.2000001788139,5.75738709403824));
#7885=CARTESIAN_POINT('Ctrl Pts',(-354.124946126699,22.2000001788139,5.62494081443503));
#7886=CARTESIAN_POINT('Ctrl Pts',(-349.618894358673,22.098306235974,5.88111105789948));
#7887=CARTESIAN_POINT('Ctrl Pts',(-349.767425052025,22.098306235974,6.02964175125161));
#7888=CARTESIAN_POINT('Ctrl Pts',(-349.933946548502,22.0987023029258,6.1662002724255));
#7889=CARTESIAN_POINT('Ctrl Pts',(-350.296218939559,22.0982157028239,6.40906966615266));
#7890=CARTESIAN_POINT('Ctrl Pts',(-350.488943213626,22.0978816786988,6.51215931862146));
#7891=CARTESIAN_POINT('Ctrl Pts',(-351.097662053491,22.097599944827,6.77098210964516));
#7892=CARTESIAN_POINT('Ctrl Pts',(-352.000352605224,22.0978736659929,6.96777628926378));
#7893=CARTESIAN_POINT('Ctrl Pts',(-352.903929170531,22.097590814502,6.770329062076));
#7894=CARTESIAN_POINT('Ctrl Pts',(-353.511629019291,22.0978985199512,6.51164124177117));
#7895=CARTESIAN_POINT('Ctrl Pts',(-353.704863291504,22.0982367192083,6.40829103820333));
#7896=CARTESIAN_POINT('Ctrl Pts',(-354.065371620625,22.0986921674177,6.16671984961661));
#7897=CARTESIAN_POINT('Ctrl Pts',(-354.232707242827,22.0983062359741,6.02952018523547));
#7898=CARTESIAN_POINT('Ctrl Pts',(-354.381116370163,22.0983062359741,5.88111105789937));
#7899=CARTESIAN_POINT('Ctrl Pts',(-349.298641063996,21.6167488660177,6.20136435257599));
#7900=CARTESIAN_POINT('Ctrl Pts',(-349.467089877782,21.6167488660177,6.3698131663617));
#7901=CARTESIAN_POINT('Ctrl Pts',(-349.657570836359,21.6188363713164,6.52607741625909));
#7902=CARTESIAN_POINT('Ctrl Pts',(-350.071341531973,21.616271546412,6.80354236558098));
#7903=CARTESIAN_POINT('Ctrl Pts',(-350.287967471269,21.6145123456282,6.91905283291237));
#7904=CARTESIAN_POINT('Ctrl Pts',(-350.971258031789,21.6130291319582,7.2102291644634));
#7905=CARTESIAN_POINT('Ctrl Pts',(-352.000848449819,21.6144700379743,7.43438111649393));
#7906=CARTESIAN_POINT('Ctrl Pts',(-353.029793387208,21.612981105505,7.20961006306236));
#7907=CARTESIAN_POINT('Ctrl Pts',(-353.713715225906,21.6146010548622,6.91792707921199));
#7908=CARTESIAN_POINT('Ctrl Pts',(-353.931200312334,21.6163823101929,6.80178631662516));
#7909=CARTESIAN_POINT('Ctrl Pts',(-354.341003176898,21.6187829366296,6.52712690641899));
#7910=CARTESIAN_POINT('Ctrl Pts',(-354.533058719198,21.6167488660179,6.3696752982172));
#7911=CARTESIAN_POINT('Ctrl Pts',(-354.70136966484,21.616748866018,6.20136435257592));
#7912=CARTESIAN_POINT('Ctrl Pts',(-349.272510623084,21.1263026566014,6.22749479348865));
#7913=CARTESIAN_POINT('Ctrl Pts',(-349.442695798946,21.1263026566014,6.3976799693512));
#7914=CARTESIAN_POINT('Ctrl Pts',(-349.634315701036,21.1295841422563,6.5567200332335));
#7915=CARTESIAN_POINT('Ctrl Pts',(-350.053404936973,21.1255521426984,6.83592956266361));
#7916=CARTESIAN_POINT('Ctrl Pts',(-350.272457400075,21.1227910550105,6.95149128597838));
#7917=CARTESIAN_POINT('Ctrl Pts',(-350.961828192509,21.1204651528995,7.24449323392928));
#7918=CARTESIAN_POINT('Ctrl Pts',(-352.000903925722,21.1227250404442,7.4717358108002));
#7919=CARTESIAN_POINT('Ctrl Pts',(-353.039176230684,21.1203899608696,7.24384492447625));
#7920=CARTESIAN_POINT('Ctrl Pts',(-353.729348964557,21.122930327804,6.95036241673963));
#7921=CARTESIAN_POINT('Ctrl Pts',(-353.949304353889,21.1257262367611,6.83414557068357));
#7922=CARTESIAN_POINT('Ctrl Pts',(-354.364172669731,21.1295001020758,6.55778951550185));
#7923=CARTESIAN_POINT('Ctrl Pts',(-354.557454219172,21.1263026566017,6.39754068006884));
#7924=CARTESIAN_POINT('Ctrl Pts',(-354.727500105752,21.1263026566018,6.22749479348871));
#7925=CARTESIAN_POINT('Ctrl Pts',(-349.336294165209,20.8690780606349,6.16371125136377));
#7926=CARTESIAN_POINT('Ctrl Pts',(-349.50239547176,20.8690780606349,6.3298125579152));
#7927=CARTESIAN_POINT('Ctrl Pts',(-349.688654581447,20.8725148645045,6.48569990278275));
#7928=CARTESIAN_POINT('Ctrl Pts',(-350.098170044526,20.8682916137035,6.75676031925345));
#7929=CARTESIAN_POINT('Ctrl Pts',(-350.312807341669,20.8654045586968,6.86891981009588));
#7930=CARTESIAN_POINT('Ctrl Pts',(-350.987351260699,20.8629747118123,7.15446750173478));
#7931=CARTESIAN_POINT('Ctrl Pts',(-352.000810460944,20.8653354940785,7.37670001574708));
#7932=CARTESIAN_POINT('Ctrl Pts',(-353.013761837325,20.8628963011581,7.15378553344863));
#7933=CARTESIAN_POINT('Ctrl Pts',(-353.688792987568,20.8655502297171,6.86795703770081));
#7934=CARTESIAN_POINT('Ctrl Pts',(-353.904273873686,20.8684739271513,6.75522445157345));
#7935=CARTESIAN_POINT('Ctrl Pts',(-354.309969756273,20.8724267963259,6.48663886031652));
#7936=CARTESIAN_POINT('Ctrl Pts',(-354.497751203887,20.8690780606352,6.32967661110503));
#7937=CARTESIAN_POINT('Ctrl Pts',(-354.663716563628,20.8690780606353,6.16371125136392));
#7938=CARTESIAN_POINT('',(-353.996449543725,22.2000001788139,5.4964442314609));
#7939=CARTESIAN_POINT('Origin',(-353.996449543725,21.2000001788139,5.4964442314609));
#7940=CARTESIAN_POINT('',(-350.003561185111,22.2000001788139,5.49644423146099));
#7941=CARTESIAN_POINT('Origin',(-350.003561185111,21.2000001788139,5.49644423146099));
#7942=CARTESIAN_POINT('Ctrl Pts',(-350.003561185111,22.2000001788139,5.49644423146097));
#7943=CARTESIAN_POINT('Ctrl Pts',(-350.12810846395,22.2000001788139,5.62099151029975));
#7944=CARTESIAN_POINT('Ctrl Pts',(-350.265397739149,22.2000001788139,5.73448672389411));
#7945=CARTESIAN_POINT('Ctrl Pts',(-350.566359222931,22.2000001788139,5.9349079576279));
#7946=CARTESIAN_POINT('Ctrl Pts',(-350.730641075071,22.2000001788139,6.02239835443382));
#7947=CARTESIAN_POINT('Ctrl Pts',(-351.249804705819,22.2000001788139,6.24164560870681));
#7948=CARTESIAN_POINT('Ctrl Pts',(-351.999761979744,22.2000001788139,6.40594776531286));
#7949=CARTESIAN_POINT('Ctrl Pts',(-352.752435202826,22.2000001788139,6.2409315393122));
#7950=CARTESIAN_POINT('Ctrl Pts',(-353.268610387789,22.2000001788139,6.02264316208574));
#7951=CARTESIAN_POINT('Ctrl Pts',(-353.432990830942,22.2000001788139,5.93534201367892));
#7952=CARTESIAN_POINT('Ctrl Pts',(-353.734803928678,22.2000001788139,5.73435186250362));
#7953=CARTESIAN_POINT('Ctrl Pts',(-353.872004201505,22.2000001788139,5.62088957368113));
#7954=CARTESIAN_POINT('Ctrl Pts',(-353.996449543725,22.2000001788139,5.49644423146088));
#7955=CARTESIAN_POINT('Ctrl Pts',(-350.003561185111,22.2000001788139,1.50355587284725));
#7956=CARTESIAN_POINT('Ctrl Pts',(-349.879013906272,22.2000001788139,1.62810315168612));
#7957=CARTESIAN_POINT('Ctrl Pts',(-349.7655186955,22.2000001788139,1.76539243255013));
#7958=CARTESIAN_POINT('Ctrl Pts',(-349.565097464729,22.2000001788139,2.0663539208556));
#7959=CARTESIAN_POINT('Ctrl Pts',(-349.47760706936,22.2000001788139,2.23063577794035));
#7960=CARTESIAN_POINT('Ctrl Pts',(-349.258359822122,22.2000001788139,2.74979941385028));
#7961=CARTESIAN_POINT('Ctrl Pts',(-349.094057678662,22.2000001788139,3.49975671132154));
#7962=CARTESIAN_POINT('Ctrl Pts',(-349.259073893327,22.2000001788139,4.25242992672658));
#7963=CARTESIAN_POINT('Ctrl Pts',(-349.477362262002,22.200000178814,4.76860508706037));
#7964=CARTESIAN_POINT('Ctrl Pts',(-349.564663408704,22.2000001788139,4.93298552915762));
#7965=CARTESIAN_POINT('Ctrl Pts',(-349.765653556857,22.2000001788139,5.2347986217182));
#7966=CARTESIAN_POINT('Ctrl Pts',(-349.879115842891,22.2000001788139,5.37199888924055));
#7967=CARTESIAN_POINT('Ctrl Pts',(-350.003561185111,22.2000001788139,5.49644423146099));
#7968=CARTESIAN_POINT('Ctrl Pts',(-349.875064602137,22.2000001788139,1.37505928987316));
#7969=CARTESIAN_POINT('Ctrl Pts',(-349.742509832126,22.2000001788139,1.50761405988387));
#7970=CARTESIAN_POINT('Ctrl Pts',(-349.621315526718,22.1999983729184,1.65467089405814));
#7971=CARTESIAN_POINT('Ctrl Pts',(-349.406720237076,22.2000005754461,1.97610713448423));
#7972=CARTESIAN_POINT('Ctrl Pts',(-349.314020305274,22.2000020889294,2.1498885829848));
#7973=CARTESIAN_POINT('Ctrl Pts',(-349.081558387925,22.2000033578612,2.69896836882533));
#7974=CARTESIAN_POINT('Ctrl Pts',(-348.906408557394,22.2000020876325,3.49995384860384));
#7975=CARTESIAN_POINT('Ctrl Pts',(-349.082252037278,22.2000033994712,4.30304433581692));
#7976=CARTESIAN_POINT('Ctrl Pts',(-349.31403025517,22.2000020123333,4.84979318820439));
#7977=CARTESIAN_POINT('Ctrl Pts',(-349.406691127381,22.2000004799951,5.02381058930028));
#7978=CARTESIAN_POINT('Ctrl Pts',(-349.621231849627,22.199998418947,5.34522521117335));
#7979=CARTESIAN_POINT('Ctrl Pts',(-349.742618322534,22.2000001788139,5.4924945348318));
#7980=CARTESIAN_POINT('Ctrl Pts',(-349.875064602137,22.2000001788139,5.62494081443512));
#7981=CARTESIAN_POINT('Ctrl Pts',(-349.618894159455,22.0983063556007,1.11888884719132));
#7982=CARTESIAN_POINT('Ctrl Pts',(-349.470363466102,22.0983063556007,1.26741954054457));
#7983=CARTESIAN_POINT('Ctrl Pts',(-349.333804968698,22.0987024228826,1.43394105007925));
#7984=CARTESIAN_POINT('Ctrl Pts',(-349.090935594794,22.0982158228172,1.79621344943797));
#7985=CARTESIAN_POINT('Ctrl Pts',(-348.987845954686,22.0978817987915,1.98893773650648));
#7986=CARTESIAN_POINT('Ctrl Pts',(-348.729023177421,22.0976000641841,2.59765661752379));
#7987=CARTESIAN_POINT('Ctrl Pts',(-348.53222902201,22.0978737845797,3.5003473194564));
#7988=CARTESIAN_POINT('Ctrl Pts',(-348.72967620119,22.0975909335024,4.40392399118333));
#7989=CARTESIAN_POINT('Ctrl Pts',(-348.988363993625,22.0978986393783,5.01162383605889));
#7990=CARTESIAN_POINT('Ctrl Pts',(-349.091714191948,22.0982368386653,5.20485812755135));
#7991=CARTESIAN_POINT('Ctrl Pts',(-349.333285375929,22.098692287096,5.56536647976491));
#7992=CARTESIAN_POINT('Ctrl Pts',(-349.470485032119,22.0983063556007,5.73270212978099));
#7993=CARTESIAN_POINT('Ctrl Pts',(-349.618894159455,22.0983063556007,5.88111125711701));
#7994=CARTESIAN_POINT('Ctrl Pts',(-349.298640757145,21.6167489705796,0.798635444881294));
#7995=CARTESIAN_POINT('Ctrl Pts',(-349.130191943357,21.6167489705795,0.967084258668967));
#7996=CARTESIAN_POINT('Ctrl Pts',(-348.973927718758,21.6188364772649,1.15756523303295));
#7997=CARTESIAN_POINT('Ctrl Pts',(-348.696462791888,21.6162716521843,1.5713359366913));
#7998=CARTESIAN_POINT('Ctrl Pts',(-348.580952337757,21.6145124516292,1.78796189328098));
#7999=CARTESIAN_POINT('Ctrl Pts',(-348.289776009048,21.613029233404,2.47125251070242));
#8000=CARTESIAN_POINT('Ctrl Pts',(-348.065624056606,21.6144701341566,3.50084314878931));
#8001=CARTESIAN_POINT('Ctrl Pts',(-348.290395065806,21.6129812050681,4.52978825244051));
#8002=CARTESIAN_POINT('Ctrl Pts',(-348.582078022758,21.6146011573548,5.21371009052735));
#8003=CARTESIAN_POINT('Ctrl Pts',(-348.698218785242,21.6163824131391,5.43119521094913));
#8004=CARTESIAN_POINT('Ctrl Pts',(-348.972878200549,21.6187830411116,5.84099811910418));
#8005=CARTESIAN_POINT('Ctrl Pts',(-349.130329811504,21.6167489705792,6.03305371378609));
#8006=CARTESIAN_POINT('Ctrl Pts',(-349.298640757145,21.6167489705794,6.20136465942707));
#8007=CARTESIAN_POINT('Ctrl Pts',(-349.272510623083,21.1263026566016,0.772505310819769));
#8008=CARTESIAN_POINT('Ctrl Pts',(-349.102325447219,21.1263026566016,0.942690486684346));
#8009=CARTESIAN_POINT('Ctrl Pts',(-348.943285446212,21.1295841450022,1.13431036332267));
#8010=CARTESIAN_POINT('Ctrl Pts',(-348.664075967168,21.1255521457689,1.55339957472628));
#8011=CARTESIAN_POINT('Ctrl Pts',(-348.548514276806,21.1227910589223,1.77245203330978));
#8012=CARTESIAN_POINT('Ctrl Pts',(-348.255512376757,21.120465150787,2.46182280717535));
#8013=CARTESIAN_POINT('Ctrl Pts',(-348.028269885271,21.1227250320463,3.5008986212075));
#8014=CARTESIAN_POINT('Ctrl Pts',(-348.256160640638,21.1203899557953,4.53917095361931));
#8015=CARTESIAN_POINT('Ctrl Pts',(-348.549643076496,21.1229303262031,5.22934361091743));
#8016=CARTESIAN_POINT('Ctrl Pts',(-348.665859902776,21.1257262353891,5.44929901376961));
#8017=CARTESIAN_POINT('Ctrl Pts',(-348.942215935483,21.1295001025158,5.86416734331973));
#8018=CARTESIAN_POINT('Ctrl Pts',(-349.102464736504,21.1263026566011,6.05744890690864));
#8019=CARTESIAN_POINT('Ctrl Pts',(-349.272510623084,21.1263026566014,6.22749479348853));
#8020=CARTESIAN_POINT('Ctrl Pts',(-349.336294165208,20.8690780606351,0.836288852944563));
#8021=CARTESIAN_POINT('Ctrl Pts',(-349.170192858655,20.8690780606351,1.00239015949784));
#8022=CARTESIAN_POINT('Ctrl Pts',(-349.01430553817,20.8725148669247,1.18864925200745));
#8023=CARTESIAN_POINT('Ctrl Pts',(-348.743245144023,20.8682916159914,1.59816469668263));
#8024=CARTESIAN_POINT('Ctrl Pts',(-348.631085666108,20.8654045614882,1.8128019924055));
#8025=CARTESIAN_POINT('Ctrl Pts',(-348.345537983581,20.8629747074406,2.48734589470356));
#8026=CARTESIAN_POINT('Ctrl Pts',(-348.123305477138,20.8653354815945,3.50080515822056));
#8027=CARTESIAN_POINT('Ctrl Pts',(-348.346219911242,20.8628962936783,4.51375654717975));
#8028=CARTESIAN_POINT('Ctrl Pts',(-348.632048376774,20.8655502267352,5.18878762553489));
#8029=CARTESIAN_POINT('Ctrl Pts',(-348.744780961712,20.868473924788,5.40426852652155));
#8030=CARTESIAN_POINT('Ctrl Pts',(-349.013366555468,20.872426796333,5.80996442535588));
#8031=CARTESIAN_POINT('Ctrl Pts',(-349.170328805468,20.8690780606345,5.99774589162269));
#8032=CARTESIAN_POINT('Ctrl Pts',(-349.336294165208,20.8690780606348,6.16371125136367));
#8033=CARTESIAN_POINT('',(-350.003561185111,22.2000001788139,1.50355587284737));
#8034=CARTESIAN_POINT('Origin',(-350.003561185111,21.2000001788139,1.50355587284737));
#8035=CARTESIAN_POINT('Ctrl Pts',(-350.003561185111,22.2000001788139,1.50355587284725));
#8036=CARTESIAN_POINT('Ctrl Pts',(-349.879013906272,22.2000001788139,1.62810315168612));
#8037=CARTESIAN_POINT('Ctrl Pts',(-349.7655186955,22.2000001788139,1.76539243255013));
#8038=CARTESIAN_POINT('Ctrl Pts',(-349.565097464729,22.2000001788139,2.0663539208556));
#8039=CARTESIAN_POINT('Ctrl Pts',(-349.47760706936,22.2000001788139,2.23063577794035));
#8040=CARTESIAN_POINT('Ctrl Pts',(-349.258359822122,22.2000001788139,2.74979941385028));
#8041=CARTESIAN_POINT('Ctrl Pts',(-349.094057678662,22.2000001788139,3.49975671132154));
#8042=CARTESIAN_POINT('Ctrl Pts',(-349.259073893327,22.2000001788139,4.25242992672658));
#8043=CARTESIAN_POINT('Ctrl Pts',(-349.477362262002,22.200000178814,4.76860508706037));
#8044=CARTESIAN_POINT('Ctrl Pts',(-349.564663408704,22.2000001788139,4.93298552915762));
#8045=CARTESIAN_POINT('Ctrl Pts',(-349.765653556857,22.2000001788139,5.2347986217182));
#8046=CARTESIAN_POINT('Ctrl Pts',(-349.879115842891,22.2000001788139,5.37199888924055));
#8047=CARTESIAN_POINT('Ctrl Pts',(-350.003561185111,22.2000001788139,5.49644423146099));
#8048=CARTESIAN_POINT('Ctrl Pts',(-353.996449543725,22.2000001788139,1.50355587284719));
#8049=CARTESIAN_POINT('Ctrl Pts',(-353.871902264886,22.2000001788139,1.37900859400844));
#8050=CARTESIAN_POINT('Ctrl Pts',(-353.734612984022,22.2000001788139,1.26551338323644));
#8051=CARTESIAN_POINT('Ctrl Pts',(-353.433651495717,22.2000001788139,1.06509215246544));
#8052=CARTESIAN_POINT('Ctrl Pts',(-353.269369638632,22.2000001788139,0.977601757096456));
#8053=CARTESIAN_POINT('Ctrl Pts',(-352.750206002722,22.2000001788139,0.758354509858386));
#8054=CARTESIAN_POINT('Ctrl Pts',(-352.000248705251,22.2000001788139,0.594052366398096));
#8055=CARTESIAN_POINT('Ctrl Pts',(-351.247575489846,22.2000001788139,0.759068581063102));
#8056=CARTESIAN_POINT('Ctrl Pts',(-350.731400329512,22.2000001788139,0.977356949738539));
#8057=CARTESIAN_POINT('Ctrl Pts',(-350.567019887415,22.2000001788139,1.06465809644041));
#8058=CARTESIAN_POINT('Ctrl Pts',(-350.265206794854,22.2000001788139,1.26564824459277));
#8059=CARTESIAN_POINT('Ctrl Pts',(-350.128006527331,22.2000001788139,1.37911053062699));
#8060=CARTESIAN_POINT('Ctrl Pts',(-350.003561185111,22.2000001788139,1.50355587284737));
#8061=CARTESIAN_POINT('Ctrl Pts',(-354.124946126699,22.2000001788139,1.37505928987301));
#8062=CARTESIAN_POINT('Ctrl Pts',(-353.992391356688,22.2000001788139,1.24250451986248));
#8063=CARTESIAN_POINT('Ctrl Pts',(-353.845334522514,22.1999983729184,1.12131021445421));
#8064=CARTESIAN_POINT('Ctrl Pts',(-353.523898282088,22.2000005754461,0.906714924812606));
#8065=CARTESIAN_POINT('Ctrl Pts',(-353.350116833588,22.2000020889294,0.814014993010199));
#8066=CARTESIAN_POINT('Ctrl Pts',(-352.801037047747,22.2000033578612,0.58155307566129));
#8067=CARTESIAN_POINT('Ctrl Pts',(-352.000051567968,22.2000020876325,0.406403245130349));
#8068=CARTESIAN_POINT('Ctrl Pts',(-351.196961080755,22.2000033994712,0.582246725014552));
#8069=CARTESIAN_POINT('Ctrl Pts',(-350.650212228368,22.2000020123333,0.814024942906614));
#8070=CARTESIAN_POINT('Ctrl Pts',(-350.476194827272,22.2000004799951,0.906685815117391));
#8071=CARTESIAN_POINT('Ctrl Pts',(-350.154780205399,22.199998418947,1.12122653736298));
#8072=CARTESIAN_POINT('Ctrl Pts',(-350.00751088174,22.2000001788139,1.24261301027018));
#8073=CARTESIAN_POINT('Ctrl Pts',(-349.875064602137,22.2000001788139,1.37505928987322));
#8074=CARTESIAN_POINT('Ctrl Pts',(-354.381116569381,22.0983063556008,1.11888884719102));
#8075=CARTESIAN_POINT('Ctrl Pts',(-354.232585876028,22.0983063556008,0.970358153838065));
#8076=CARTESIAN_POINT('Ctrl Pts',(-354.066064366492,22.0987024228826,0.833799656433964));
#8077=CARTESIAN_POINT('Ctrl Pts',(-353.703791967135,22.0982158228172,0.590930282531407));
#8078=CARTESIAN_POINT('Ctrl Pts',(-353.511067680066,22.0978817987915,0.487840642422455));
#8079=CARTESIAN_POINT('Ctrl Pts',(-352.902348799048,22.0976000641841,0.229017865157598));
#8080=CARTESIAN_POINT('Ctrl Pts',(-351.999658097116,22.0978737845797,0.0322237097463949));
#8081=CARTESIAN_POINT('Ctrl Pts',(-351.096081425389,22.0975909335023,0.229670888926689));
#8082=CARTESIAN_POINT('Ctrl Pts',(-350.488381580513,22.0978986393782,0.488358681362009));
#8083=CARTESIAN_POINT('Ctrl Pts',(-350.29514728902,22.0982368386652,0.591708879684057));
#8084=CARTESIAN_POINT('Ctrl Pts',(-349.934638936807,22.098692287096,0.833280063665415));
#8085=CARTESIAN_POINT('Ctrl Pts',(-349.76730328679,22.0983063556007,0.970479719855947));
#8086=CARTESIAN_POINT('Ctrl Pts',(-349.618894159455,22.0983063556007,1.11888884719126));
#8087=CARTESIAN_POINT('Ctrl Pts',(-354.701369971691,21.6167489705796,0.798635444880817));
#8088=CARTESIAN_POINT('Ctrl Pts',(-354.532921157904,21.6167489705796,0.630186631093556));
#8089=CARTESIAN_POINT('Ctrl Pts',(-354.342440183538,21.6188364772647,0.473922406493169));
#8090=CARTESIAN_POINT('Ctrl Pts',(-353.928669479883,21.6162716521842,0.196457479626324));
#8091=CARTESIAN_POINT('Ctrl Pts',(-353.712043523293,21.6145124516291,0.080947025493999));
#8092=CARTESIAN_POINT('Ctrl Pts',(-353.028752905869,21.6130292334041,-0.210229303215207));
#8093=CARTESIAN_POINT('Ctrl Pts',(-351.999162267783,21.6144701341566,-0.434381255656668));
#8094=CARTESIAN_POINT('Ctrl Pts',(-350.970217164132,21.6129812050681,-0.20961024645782));
#8095=CARTESIAN_POINT('Ctrl Pts',(-350.286295326044,21.6146011573546,0.082072710495146));
#8096=CARTESIAN_POINT('Ctrl Pts',(-350.068810205623,21.6163824131389,0.198213472978684));
#8097=CARTESIAN_POINT('Ctrl Pts',(-349.659007297468,21.6187830411116,0.472872888285008));
#8098=CARTESIAN_POINT('Ctrl Pts',(-349.466951702785,21.6167489705795,0.630324499241394));
#8099=CARTESIAN_POINT('Ctrl Pts',(-349.298640757145,21.6167489705796,0.798635444881081));
#8100=CARTESIAN_POINT('Ctrl Pts',(-354.727500105752,21.1263026566016,0.772505310819301));
#8101=CARTESIAN_POINT('Ctrl Pts',(-354.557314929888,21.1263026566016,0.602320134955134));
#8102=CARTESIAN_POINT('Ctrl Pts',(-354.365695053248,21.129584145002,0.443280133947274));
#8103=CARTESIAN_POINT('Ctrl Pts',(-353.946605841848,21.1255521457688,0.164070654905969));
#8104=CARTESIAN_POINT('Ctrl Pts',(-353.727553383264,21.1227910589221,0.0485089645431047));
#8105=CARTESIAN_POINT('Ctrl Pts',(-353.038182609396,21.1204651507872,-0.244492935506367));
#8106=CARTESIAN_POINT('Ctrl Pts',(-351.999106795365,21.1227250320462,-0.471735426992089));
#8107=CARTESIAN_POINT('Ctrl Pts',(-350.960834462954,21.1203899557953,-0.24384467162539));
#8108=CARTESIAN_POINT('Ctrl Pts',(-350.270661805654,21.1229303262028,0.0496377642333097));
#8109=CARTESIAN_POINT('Ctrl Pts',(-350.050706402802,21.1257262353888,0.165854590512695));
#8110=CARTESIAN_POINT('Ctrl Pts',(-349.635838073253,21.1295001025158,0.442210623219021));
#8111=CARTESIAN_POINT('Ctrl Pts',(-349.442556509662,21.1263026566015,0.602459424241109));
#8112=CARTESIAN_POINT('Ctrl Pts',(-349.272510623083,21.1263026566016,0.772505310819549));
#8113=CARTESIAN_POINT('Ctrl Pts',(-354.663716563628,20.8690780606351,0.83628885294415));
#8114=CARTESIAN_POINT('Ctrl Pts',(-354.497615257075,20.8690780606351,0.670187546391247));
#8115=CARTESIAN_POINT('Ctrl Pts',(-354.311356164563,20.8725148669244,0.514300225905967));
#8116=CARTESIAN_POINT('Ctrl Pts',(-353.901840719892,20.8682916159913,0.243239831760713));
#8117=CARTESIAN_POINT('Ctrl Pts',(-353.687203424168,20.865404561488,0.131080353845686));
#8118=CARTESIAN_POINT('Ctrl Pts',(-353.012659521868,20.8629747074408,-0.154467328682912));
#8119=CARTESIAN_POINT('Ctrl Pts',(-351.999200258352,20.8653354815944,-0.376699835124966));
#8120=CARTESIAN_POINT('Ctrl Pts',(-350.986248869393,20.8628962936782,-0.153785401021312));
#8121=CARTESIAN_POINT('Ctrl Pts',(-350.311217791036,20.8655502267348,0.13204306451105));
#8122=CARTESIAN_POINT('Ctrl Pts',(-350.09573689005,20.8684739247876,0.244775649449311));
#8123=CARTESIAN_POINT('Ctrl Pts',(-349.690040991216,20.872426796333,0.513361243203609));
#8124=CARTESIAN_POINT('Ctrl Pts',(-349.502259524948,20.869078060635,0.670323493204816));
#8125=CARTESIAN_POINT('Ctrl Pts',(-349.336294165208,20.8690780606351,0.836288852944377));
#8126=CARTESIAN_POINT('',(-353.996449543725,22.2000001788139,1.50355587284709));
#8127=CARTESIAN_POINT('Origin',(-353.996449543725,21.2000001788139,1.50355587284709));
#8128=CARTESIAN_POINT('Ctrl Pts',(-353.996449543725,22.2000001788139,1.50355587284719));
#8129=CARTESIAN_POINT('Ctrl Pts',(-353.871902264886,22.2000001788139,1.37900859400844));
#8130=CARTESIAN_POINT('Ctrl Pts',(-353.734612984022,22.2000001788139,1.26551338323644));
#8131=CARTESIAN_POINT('Ctrl Pts',(-353.433651495717,22.2000001788139,1.06509215246544));
#8132=CARTESIAN_POINT('Ctrl Pts',(-353.269369638632,22.2000001788139,0.977601757096456));
#8133=CARTESIAN_POINT('Ctrl Pts',(-352.750206002722,22.2000001788139,0.758354509858386));
#8134=CARTESIAN_POINT('Ctrl Pts',(-352.000248705251,22.2000001788139,0.594052366398096));
#8135=CARTESIAN_POINT('Ctrl Pts',(-351.247575489846,22.2000001788139,0.759068581063102));
#8136=CARTESIAN_POINT('Ctrl Pts',(-350.731400329512,22.2000001788139,0.977356949738539));
#8137=CARTESIAN_POINT('Ctrl Pts',(-350.567019887415,22.2000001788139,1.06465809644041));
#8138=CARTESIAN_POINT('Ctrl Pts',(-350.265206794854,22.2000001788139,1.26564824459277));
#8139=CARTESIAN_POINT('Ctrl Pts',(-350.128006527331,22.2000001788139,1.37911053062699));
#8140=CARTESIAN_POINT('Ctrl Pts',(-350.003561185111,22.2000001788139,1.50355587284737));
#8141=CARTESIAN_POINT('Ctrl Pts',(-353.996449543725,22.2000001788139,5.4964442314609));
#8142=CARTESIAN_POINT('Ctrl Pts',(-354.120996822564,22.2000001788139,5.37189695262212));
#8143=CARTESIAN_POINT('Ctrl Pts',(-354.234492036158,22.2000001788139,5.23460767742353));
#8144=CARTESIAN_POINT('Ctrl Pts',(-354.434913269892,22.2000001788139,4.93364619364125));
#8145=CARTESIAN_POINT('Ctrl Pts',(-354.522403666698,22.2000001788139,4.76936434150111));
#8146=CARTESIAN_POINT('Ctrl Pts',(-354.741650920971,22.2000001788139,4.25020071075295));
#8147=CARTESIAN_POINT('Ctrl Pts',(-354.905953077577,22.2000001788139,3.50024343682792));
#8148=CARTESIAN_POINT('Ctrl Pts',(-354.740936851576,22.2000001788139,2.74757021374682));
#8149=CARTESIAN_POINT('Ctrl Pts',(-354.52264847435,22.2000001788139,2.23139502878334));
#8150=CARTESIAN_POINT('Ctrl Pts',(-354.435347325943,22.2000001788139,2.06701458563035));
#8151=CARTESIAN_POINT('Ctrl Pts',(-354.234357174768,22.2000001788139,1.76520148789468));
#8152=CARTESIAN_POINT('Ctrl Pts',(-354.120894885945,22.2000001788139,1.62800121506754));
#8153=CARTESIAN_POINT('Ctrl Pts',(-353.996449543725,22.2000001788139,1.50355587284709));
#8154=CARTESIAN_POINT('Ctrl Pts',(-354.124946126699,22.2000001788139,5.62494081443501));
#8155=CARTESIAN_POINT('Ctrl Pts',(-354.25750089671,22.2000001788139,5.49238604442449));
#8156=CARTESIAN_POINT('Ctrl Pts',(-354.378695210695,22.199998373005,5.34532921188326));
#8157=CARTESIAN_POINT('Ctrl Pts',(-354.593290508022,22.2000005756226,5.02389297160116));
#8158=CARTESIAN_POINT('Ctrl Pts',(-354.685990444257,22.2000020891782,4.85011152688462));
#8159=CARTESIAN_POINT('Ctrl Pts',(-354.918452369458,22.200003358273,4.30103174215893));
#8160=CARTESIAN_POINT('Ctrl Pts',(-355.093602214021,22.2000020883347,3.50004629380897));
#8161=CARTESIAN_POINT('Ctrl Pts',(-354.917758713361,22.2000033998816,2.69695580255765));
#8162=CARTESIAN_POINT('Ctrl Pts',(-354.685980481897,22.2000020125793,2.15020691636995));
#8163=CARTESIAN_POINT('Ctrl Pts',(-354.593319607453,22.2000004801691,1.97618951713292));
#8164=CARTESIAN_POINT('Ctrl Pts',(-354.378778882565,22.1999984190322,1.65477489387328));
#8165=CARTESIAN_POINT('Ctrl Pts',(-354.257392406302,22.2000001788139,1.50750556947638));
#8166=CARTESIAN_POINT('Ctrl Pts',(-354.124946126699,22.2000001788139,1.37505928987299));
#8167=CARTESIAN_POINT('Ctrl Pts',(-354.381116370163,22.098306235974,5.88111105789928));
#8168=CARTESIAN_POINT('Ctrl Pts',(-354.529647063516,22.0983062359741,5.73258036454643));
#8169=CARTESIAN_POINT('Ctrl Pts',(-354.666205584689,22.0987023029258,5.56605886807164));
#8170=CARTESIAN_POINT('Ctrl Pts',(-354.909074978418,22.0982157028239,5.20378647701089));
#8171=CARTESIAN_POINT('Ctrl Pts',(-355.012164630885,22.0978816786988,5.01106220294644));
#8172=CARTESIAN_POINT('Ctrl Pts',(-355.270987421911,22.097599944827,4.40234336307764));
#8173=CARTESIAN_POINT('Ctrl Pts',(-355.467781601528,22.0978736659928,3.49965281134801));
#8174=CARTESIAN_POINT('Ctrl Pts',(-355.270334374341,22.097590814502,2.59607624604197));
#8175=CARTESIAN_POINT('Ctrl Pts',(-355.011646554036,22.0978985199512,1.9883763972804));
#8176=CARTESIAN_POINT('Ctrl Pts',(-354.908296350468,22.0982367192083,1.79514212506852));
#8177=CARTESIAN_POINT('Ctrl Pts',(-354.666725161881,22.0986921674177,1.43463379594682));
#8178=CARTESIAN_POINT('Ctrl Pts',(-354.529525497499,22.098306235974,1.26729817374498));
#8179=CARTESIAN_POINT('Ctrl Pts',(-354.381116370163,22.098306235974,1.11888904640874));
#8180=CARTESIAN_POINT('Ctrl Pts',(-354.70136966484,21.616748866018,6.20136435257577));
#8181=CARTESIAN_POINT('Ctrl Pts',(-354.869818478627,21.6167488660181,6.03291553878875));
#8182=CARTESIAN_POINT('Ctrl Pts',(-355.026082728522,21.6188363713163,5.8424345802159));
#8183=CARTESIAN_POINT('Ctrl Pts',(-355.303547677848,21.6162715464121,5.42866388459527));
#8184=CARTESIAN_POINT('Ctrl Pts',(-355.419058145176,21.6145123456283,5.21203794530358));
#8185=CARTESIAN_POINT('Ctrl Pts',(-355.710234476731,21.6130291319584,4.52874738477651));
#8186=CARTESIAN_POINT('Ctrl Pts',(-355.934386428758,21.6144700379739,3.49915696675267));
#8187=CARTESIAN_POINT('Ctrl Pts',(-355.709615375328,21.612981105505,2.4702120293652));
#8188=CARTESIAN_POINT('Ctrl Pts',(-355.417932391476,21.6146010548622,1.78629019066567));
#8189=CARTESIAN_POINT('Ctrl Pts',(-355.30179162889,21.6163823101928,1.56880510423829));
#8190=CARTESIAN_POINT('Ctrl Pts',(-355.027132218683,21.6187829366296,1.15900223967386));
#8191=CARTESIAN_POINT('Ctrl Pts',(-354.869680610481,21.6167488660179,0.966946697373652));
#8192=CARTESIAN_POINT('Ctrl Pts',(-354.70136966484,21.6167488660178,0.798635751732314));
#8193=CARTESIAN_POINT('Ctrl Pts',(-354.727500105753,21.1263026566018,6.22749479348857));
#8194=CARTESIAN_POINT('Ctrl Pts',(-354.897685281616,21.126302656602,6.05730961762469));
#8195=CARTESIAN_POINT('Ctrl Pts',(-355.056725345496,21.1295841422562,5.86568971553846));
#8196=CARTESIAN_POINT('Ctrl Pts',(-355.335934874931,21.1255521426985,5.44660047959459));
#8197=CARTESIAN_POINT('Ctrl Pts',(-355.451496598242,21.1227910550105,5.22754801649762));
#8198=CARTESIAN_POINT('Ctrl Pts',(-355.744498546197,21.1204651528999,4.53817722405658));
#8199=CARTESIAN_POINT('Ctrl Pts',(-355.971741123064,21.1227250404437,3.49910149084967));
#8200=CARTESIAN_POINT('Ctrl Pts',(-355.743850236742,21.1203899608697,2.46082918588929));
#8201=CARTESIAN_POINT('Ctrl Pts',(-355.450367729004,21.122930327804,1.7706564520139));
#8202=CARTESIAN_POINT('Ctrl Pts',(-355.334150882948,21.125726236761,1.55070106268366));
#8203=CARTESIAN_POINT('Ctrl Pts',(-355.057794827766,21.1295001020757,1.13583274684092));
#8204=CARTESIAN_POINT('Ctrl Pts',(-354.897545992333,21.1263026566017,0.942551197399742));
#8205=CARTESIAN_POINT('Ctrl Pts',(-354.727500105752,21.1263026566016,0.772505310819584));
#8206=CARTESIAN_POINT('Ctrl Pts',(-354.663716563628,20.8690780606353,6.16371125136381));
#8207=CARTESIAN_POINT('Ctrl Pts',(-354.829817870181,20.8690780606354,5.99760994481119));
#8208=CARTESIAN_POINT('Ctrl Pts',(-354.985705215045,20.8725148645043,5.81135083512733));
#8209=CARTESIAN_POINT('Ctrl Pts',(-355.25676563152,20.8682916137036,5.4018353720419));
#8210=CARTESIAN_POINT('Ctrl Pts',(-355.36892512236,20.8654045586968,5.18719807490291));
#8211=CARTESIAN_POINT('Ctrl Pts',(-355.654472814002,20.8629747118128,4.51265415586704));
#8212=CARTESIAN_POINT('Ctrl Pts',(-355.876705328011,20.865335494078,3.49919495562745));
#8213=CARTESIAN_POINT('Ctrl Pts',(-355.653790845714,20.8628963011582,2.48624357924788));
#8214=CARTESIAN_POINT('Ctrl Pts',(-355.367962349965,20.8655502297171,1.81121242900321));
#8215=CARTESIAN_POINT('Ctrl Pts',(-355.255229763838,20.8684739271512,1.59573154288594));
#8216=CARTESIAN_POINT('Ctrl Pts',(-354.986644172581,20.8724267963258,1.19003566029949));
#8217=CARTESIAN_POINT('Ctrl Pts',(-354.829681923369,20.8690780606352,1.00225421268552));
#8218=CARTESIAN_POINT('Ctrl Pts',(-354.663716563628,20.8690780606351,0.836288852944384));
#8219=CARTESIAN_POINT('Ctrl Pts',(-353.996449543725,22.2000001788139,5.4964442314609));
#8220=CARTESIAN_POINT('Ctrl Pts',(-354.120996822564,22.2000001788139,5.37189695262212));
#8221=CARTESIAN_POINT('Ctrl Pts',(-354.234492036158,22.2000001788139,5.23460767742353));
#8222=CARTESIAN_POINT('Ctrl Pts',(-354.434913269892,22.2000001788139,4.93364619364125));
#8223=CARTESIAN_POINT('Ctrl Pts',(-354.522403666698,22.2000001788139,4.76936434150111));
#8224=CARTESIAN_POINT('Ctrl Pts',(-354.741650920971,22.2000001788139,4.25020071075295));
#8225=CARTESIAN_POINT('Ctrl Pts',(-354.905953077577,22.2000001788139,3.50024343682792));
#8226=CARTESIAN_POINT('Ctrl Pts',(-354.740936851576,22.2000001788139,2.74757021374682));
#8227=CARTESIAN_POINT('Ctrl Pts',(-354.52264847435,22.2000001788139,2.23139502878334));
#8228=CARTESIAN_POINT('Ctrl Pts',(-354.435347325943,22.2000001788139,2.06701458563035));
#8229=CARTESIAN_POINT('Ctrl Pts',(-354.234357174768,22.2000001788139,1.76520148789468));
#8230=CARTESIAN_POINT('Ctrl Pts',(-354.120894885945,22.2000001788139,1.62800121506754));
#8231=CARTESIAN_POINT('Ctrl Pts',(-353.996449543725,22.2000001788139,1.50355587284709));
#8232=CARTESIAN_POINT('Origin',(-358.000005334616,22.2000001788139,0.));
#8233=CARTESIAN_POINT('Ctrl Pts',(-343.309406441176,19.8905989232415,1.19059897539556));
#8234=CARTESIAN_POINT('Ctrl Pts',(-343.374366346679,19.8256390177386,1.32051878640139));
#8235=CARTESIAN_POINT('Ctrl Pts',(-343.433787795249,19.7662175691691,1.44591784490156));
#8236=CARTESIAN_POINT('Ctrl Pts',(-343.548047252811,19.6519581116072,1.75060307180391));
#8237=CARTESIAN_POINT('Ctrl Pts',(-343.602885261803,19.5971201026147,1.92988924020607));
#8238=CARTESIAN_POINT('Ctrl Pts',(-343.760524129415,19.4394812350027,2.54857841026554));
#8239=CARTESIAN_POINT('Ctrl Pts',(-343.896340848913,19.3036645155049,3.50000005215407));
#8240=CARTESIAN_POINT('Ctrl Pts',(-343.760524129415,19.4394812350027,4.45142169404259));
#8241=CARTESIAN_POINT('Ctrl Pts',(-343.602885261803,19.5971201026147,5.07011086410206));
#8242=CARTESIAN_POINT('Ctrl Pts',(-343.548047252811,19.6519581116071,5.24939703250422));
#8243=CARTESIAN_POINT('Ctrl Pts',(-343.433787795249,19.7662175691691,5.55408225940656));
#8244=CARTESIAN_POINT('Ctrl Pts',(-343.374366346679,19.8256390177386,5.67948131790674));
#8245=CARTESIAN_POINT('Ctrl Pts',(-343.309406441176,19.8905989232415,5.80940112891257));
#8246=CARTESIAN_POINT('Ctrl Pts',(-343.179486630171,19.8256390177386,1.12563906989265));
#8247=CARTESIAN_POINT('Ctrl Pts',(-343.228504083616,19.7266088209991,1.27150133295656));
#8248=CARTESIAN_POINT('Ctrl Pts',(-343.290270531331,19.6549483145273,1.40659418060413));
#8249=CARTESIAN_POINT('Ctrl Pts',(-343.392658804701,19.5024081400749,1.73914586495095));
#8250=CARTESIAN_POINT('Ctrl Pts',(-343.442324207015,19.4365590478264,1.92988924020607));
#8251=CARTESIAN_POINT('Ctrl Pts',(-343.581127955848,19.2600850614351,2.54857841026555));
#8252=CARTESIAN_POINT('Ctrl Pts',(-343.706338959963,19.1136626265544,3.50000005215407));
#8253=CARTESIAN_POINT('Ctrl Pts',(-343.581127955848,19.2600850614351,4.45142169404259));
#8254=CARTESIAN_POINT('Ctrl Pts',(-343.442324207015,19.4365590478264,5.07011086410206));
#8255=CARTESIAN_POINT('Ctrl Pts',(-343.3926588047,19.5024081400749,5.26085423935718));
#8256=CARTESIAN_POINT('Ctrl Pts',(-343.290270531331,19.6549483145273,5.593405923704));
#8257=CARTESIAN_POINT('Ctrl Pts',(-343.228504083615,19.7266088209991,5.72849877135157));
#8258=CARTESIAN_POINT('Ctrl Pts',(-343.179486630171,19.8256390177386,5.87436103441548));
#8259=CARTESIAN_POINT('Ctrl Pts',(-343.05408757167,19.7662175691691,1.06621762132317));
#8260=CARTESIAN_POINT('Ctrl Pts',(-343.093411235968,19.6549483145273,1.20973488524079));
#8261=CARTESIAN_POINT('Ctrl Pts',(-343.132872073432,19.5538204554805,1.36713334313999));
#8262=CARTESIAN_POINT('Ctrl Pts',(-343.218289208297,19.3734144760438,1.71927480777307));
#8263=CARTESIAN_POINT('Ctrl Pts',(-343.263577670892,19.2952335805117,1.91399207339531));
#8264=CARTESIAN_POINT('Ctrl Pts',(-343.382739135962,19.0996815341857,2.54274129414264));
#8265=CARTESIAN_POINT('Ctrl Pts',(-343.497077295478,18.942920513138,3.50000005215406));
#8266=CARTESIAN_POINT('Ctrl Pts',(-343.382739135962,19.0996815341857,4.45725881016549));
#8267=CARTESIAN_POINT('Ctrl Pts',(-343.263577670892,19.2952335805117,5.08600803091282));
#8268=CARTESIAN_POINT('Ctrl Pts',(-343.218289208297,19.3734144760438,5.28072529653506));
#8269=CARTESIAN_POINT('Ctrl Pts',(-343.132872073432,19.5538204554805,5.63286676116814));
#8270=CARTESIAN_POINT('Ctrl Pts',(-343.093411235968,19.6549483145273,5.79026521906734));
#8271=CARTESIAN_POINT('Ctrl Pts',(-343.05408757167,19.7662175691691,5.93378248298496));
#8272=CARTESIAN_POINT('Ctrl Pts',(-342.749402344768,19.6519581116072,0.951958163761216));
#8273=CARTESIAN_POINT('Ctrl Pts',(-342.760859551621,19.5024081400749,1.10734661187172));
#8274=CARTESIAN_POINT('Ctrl Pts',(-342.780730608799,19.3734144760438,1.2817162082752));
#8275=CARTESIAN_POINT('Ctrl Pts',(-342.836255357739,19.1481611232385,1.66375005883292));
#8276=CARTESIAN_POINT('Ctrl Pts',(-342.868978432689,19.0535250772047,1.86967917894825));
#8277=CARTESIAN_POINT('Ctrl Pts',(-342.957472526712,18.8202916477013,2.52522994577393));
#8278=CARTESIAN_POINT('Ctrl Pts',(-343.049664303208,18.6444462979579,3.50000005215407));
#8279=CARTESIAN_POINT('Ctrl Pts',(-342.957472526712,18.8202916477013,4.4747701585342));
#8280=CARTESIAN_POINT('Ctrl Pts',(-342.868978432689,19.0535250772047,5.13032092535988));
#8281=CARTESIAN_POINT('Ctrl Pts',(-342.836255357739,19.1481611232385,5.33625004547521));
#8282=CARTESIAN_POINT('Ctrl Pts',(-342.780730608799,19.3734144760438,5.71828389603294));
#8283=CARTESIAN_POINT('Ctrl Pts',(-342.760859551621,19.5024081400749,5.89265349243641));
#8284=CARTESIAN_POINT('Ctrl Pts',(-342.749402344768,19.6519581116072,6.04804194054692));
#8285=CARTESIAN_POINT('Ctrl Pts',(-342.570116176366,19.5971201026147,0.897120154768736));
#8286=CARTESIAN_POINT('Ctrl Pts',(-342.570116176366,19.4365590478264,1.05768120955698));
#8287=CARTESIAN_POINT('Ctrl Pts',(-342.586013343177,19.2952335805117,1.23642774567996));
#8288=CARTESIAN_POINT('Ctrl Pts',(-342.630326237624,19.0535250772047,1.63102698388315));
#8289=CARTESIAN_POINT('Ctrl Pts',(-342.656487237014,18.9520892054474,1.84351817955785));
#8290=CARTESIAN_POINT('Ctrl Pts',(-342.730594737349,18.7013052884662,2.51355571352813));
#8291=CARTESIAN_POINT('Ctrl Pts',(-342.811512975422,18.5167141961943,3.50000005215407));
#8292=CARTESIAN_POINT('Ctrl Pts',(-342.730594737349,18.7013052884662,4.48644439078));
#8293=CARTESIAN_POINT('Ctrl Pts',(-342.656487237014,18.9520892054474,5.15648192475028));
#8294=CARTESIAN_POINT('Ctrl Pts',(-342.630326237624,19.0535250772047,5.36897312042498));
#8295=CARTESIAN_POINT('Ctrl Pts',(-342.586013343177,19.2952335805117,5.76357235862817));
#8296=CARTESIAN_POINT('Ctrl Pts',(-342.570116176366,19.4365590478264,5.94231889475115));
#8297=CARTESIAN_POINT('Ctrl Pts',(-342.570116176366,19.5971201026147,6.10287994953939));
#8298=CARTESIAN_POINT('Ctrl Pts',(-341.951427006306,19.4394812350027,0.739481287156796));
#8299=CARTESIAN_POINT('Ctrl Pts',(-341.951427006307,19.2600850614351,0.918877460724437));
#8300=CARTESIAN_POINT('Ctrl Pts',(-341.957264122429,19.0996815341857,1.11726628061038));
#8301=CARTESIAN_POINT('Ctrl Pts',(-341.974775470798,18.8202916477013,1.54253288985971));
#8302=CARTESIAN_POINT('Ctrl Pts',(-341.986449703044,18.7013052884662,1.7694106792231));
#8303=CARTESIAN_POINT('Ctrl Pts',(-342.021472399781,18.4116197758488,2.47853301679071));
#8304=CARTESIAN_POINT('Ctrl Pts',(-342.068169328764,18.2047685992599,3.50000005215407));
#8305=CARTESIAN_POINT('Ctrl Pts',(-342.021472399781,18.4116197758488,4.52146708751742));
#8306=CARTESIAN_POINT('Ctrl Pts',(-341.986449703044,18.7013052884662,5.23058942508503));
#8307=CARTESIAN_POINT('Ctrl Pts',(-341.974775470798,18.8202916477013,5.45746721444842));
#8308=CARTESIAN_POINT('Ctrl Pts',(-341.957264122429,19.0996815341857,5.88273382369775));
#8309=CARTESIAN_POINT('Ctrl Pts',(-341.951427006307,19.2600850614351,6.08112264358369));
#8310=CARTESIAN_POINT('Ctrl Pts',(-341.951427006306,19.4394812350027,6.26051881715133));
#8311=CARTESIAN_POINT('Ctrl Pts',(-341.000005364418,19.3036645155049,0.603664567658964));
#8312=CARTESIAN_POINT('Ctrl Pts',(-341.000005364418,19.1136626265544,0.793666456609452));
#8313=CARTESIAN_POINT('Ctrl Pts',(-341.000005364418,18.942920513138,1.00292812109398));
#8314=CARTESIAN_POINT('Ctrl Pts',(-341.000005364418,18.6444462979579,1.45034111336409));
#8315=CARTESIAN_POINT('Ctrl Pts',(-341.000005364418,18.5167141961943,1.68849244114968));
#8316=CARTESIAN_POINT('Ctrl Pts',(-341.000005364418,18.20476859926,2.43183608780749));
#8317=CARTESIAN_POINT('Ctrl Pts',(-341.000005364418,17.9788430256313,3.50000005215407));
#8318=CARTESIAN_POINT('Ctrl Pts',(-341.000005364418,18.20476859926,4.56816401650064));
#8319=CARTESIAN_POINT('Ctrl Pts',(-341.000005364418,18.5167141961943,5.31150766315846));
#8320=CARTESIAN_POINT('Ctrl Pts',(-341.000005364418,18.6444462979579,5.54965899094404));
#8321=CARTESIAN_POINT('Ctrl Pts',(-341.000005364418,18.942920513138,5.99707198321415));
#8322=CARTESIAN_POINT('Ctrl Pts',(-341.000005364418,19.1136626265544,6.20633364769868));
#8323=CARTESIAN_POINT('Ctrl Pts',(-341.000005364418,19.3036645155049,6.39633553664917));
#8324=CARTESIAN_POINT('Ctrl Pts',(-340.048583722529,19.4394812350027,0.739481287156796));
#8325=CARTESIAN_POINT('Ctrl Pts',(-340.048583722529,19.2600850614351,0.918877460724437));
#8326=CARTESIAN_POINT('Ctrl Pts',(-340.042746606407,19.0996815341858,1.11726628061038));
#8327=CARTESIAN_POINT('Ctrl Pts',(-340.025235258038,18.8202916477013,1.54253288985971));
#8328=CARTESIAN_POINT('Ctrl Pts',(-340.013561025792,18.7013052884662,1.7694106792231));
#8329=CARTESIAN_POINT('Ctrl Pts',(-339.978538329055,18.4116197758488,2.47853301679071));
#8330=CARTESIAN_POINT('Ctrl Pts',(-339.931841400072,18.2047685992599,3.50000005215407));
#8331=CARTESIAN_POINT('Ctrl Pts',(-339.978538329055,18.4116197758488,4.52146708751742));
#8332=CARTESIAN_POINT('Ctrl Pts',(-340.013561025792,18.7013052884662,5.23058942508503));
#8333=CARTESIAN_POINT('Ctrl Pts',(-340.025235258038,18.8202916477013,5.45746721444842));
#8334=CARTESIAN_POINT('Ctrl Pts',(-340.042746606407,19.0996815341858,5.88273382369775));
#8335=CARTESIAN_POINT('Ctrl Pts',(-340.048583722529,19.2600850614351,6.08112264358369));
#8336=CARTESIAN_POINT('Ctrl Pts',(-340.048583722529,19.4394812350027,6.26051881715133));
#8337=CARTESIAN_POINT('Ctrl Pts',(-339.42989455247,19.5971201026147,0.897120154768736));
#8338=CARTESIAN_POINT('Ctrl Pts',(-339.42989455247,19.4365590478264,1.05768120955698));
#8339=CARTESIAN_POINT('Ctrl Pts',(-339.413997385659,19.2952335805117,1.23642774567996));
#8340=CARTESIAN_POINT('Ctrl Pts',(-339.369684491212,19.0535250772047,1.63102698388315));
#8341=CARTESIAN_POINT('Ctrl Pts',(-339.343523491822,18.9520892054474,1.84351817955785));
#8342=CARTESIAN_POINT('Ctrl Pts',(-339.269415991487,18.7013052884662,2.51355571352813));
#8343=CARTESIAN_POINT('Ctrl Pts',(-339.188497753414,18.5167141961943,3.50000005215407));
#8344=CARTESIAN_POINT('Ctrl Pts',(-339.269415991487,18.7013052884662,4.48644439078));
#8345=CARTESIAN_POINT('Ctrl Pts',(-339.343523491822,18.9520892054474,5.15648192475028));
#8346=CARTESIAN_POINT('Ctrl Pts',(-339.369684491212,19.0535250772047,5.36897312042498));
#8347=CARTESIAN_POINT('Ctrl Pts',(-339.413997385659,19.2952335805117,5.76357235862817));
#8348=CARTESIAN_POINT('Ctrl Pts',(-339.42989455247,19.4365590478264,5.94231889475115));
#8349=CARTESIAN_POINT('Ctrl Pts',(-339.42989455247,19.5971201026147,6.10287994953939));
#8350=CARTESIAN_POINT('Ctrl Pts',(-339.250608384068,19.6519581116072,0.951958163761215));
#8351=CARTESIAN_POINT('Ctrl Pts',(-339.239151177215,19.5024081400749,1.10734661187172));
#8352=CARTESIAN_POINT('Ctrl Pts',(-339.219280120037,19.3734144760438,1.2817162082752));
#8353=CARTESIAN_POINT('Ctrl Pts',(-339.163755371097,19.1481611232385,1.66375005883292));
#8354=CARTESIAN_POINT('Ctrl Pts',(-339.131032296147,19.0535250772047,1.86967917894825));
#8355=CARTESIAN_POINT('Ctrl Pts',(-339.042538202124,18.8202916477013,2.52522994577393));
#8356=CARTESIAN_POINT('Ctrl Pts',(-338.950346425628,18.6444462979579,3.50000005215407));
#8357=CARTESIAN_POINT('Ctrl Pts',(-339.042538202124,18.8202916477013,4.4747701585342));
#8358=CARTESIAN_POINT('Ctrl Pts',(-339.131032296147,19.0535250772047,5.13032092535988));
#8359=CARTESIAN_POINT('Ctrl Pts',(-339.163755371097,19.1481611232385,5.33625004547521));
#8360=CARTESIAN_POINT('Ctrl Pts',(-339.219280120037,19.3734144760438,5.71828389603294));
#8361=CARTESIAN_POINT('Ctrl Pts',(-339.239151177215,19.5024081400749,5.89265349243641));
#8362=CARTESIAN_POINT('Ctrl Pts',(-339.250608384068,19.6519581116072,6.04804194054691));
#8363=CARTESIAN_POINT('Ctrl Pts',(-338.945923157165,19.7662175691691,1.06621762132317));
#8364=CARTESIAN_POINT('Ctrl Pts',(-338.906599492868,19.6549483145273,1.20973488524079));
#8365=CARTESIAN_POINT('Ctrl Pts',(-338.867138655404,19.5538204554805,1.36713334313999));
#8366=CARTESIAN_POINT('Ctrl Pts',(-338.781721520539,19.3734144760438,1.71927480777307));
#8367=CARTESIAN_POINT('Ctrl Pts',(-338.736433057944,19.2952335805117,1.91399207339531));
#8368=CARTESIAN_POINT('Ctrl Pts',(-338.617271592874,19.0996815341857,2.54274129414264));
#8369=CARTESIAN_POINT('Ctrl Pts',(-338.502933433358,18.942920513138,3.50000005215407));
#8370=CARTESIAN_POINT('Ctrl Pts',(-338.617271592874,19.0996815341857,4.45725881016549));
#8371=CARTESIAN_POINT('Ctrl Pts',(-338.736433057944,19.2952335805117,5.08600803091282));
#8372=CARTESIAN_POINT('Ctrl Pts',(-338.781721520539,19.3734144760438,5.28072529653506));
#8373=CARTESIAN_POINT('Ctrl Pts',(-338.867138655404,19.5538204554805,5.63286676116814));
#8374=CARTESIAN_POINT('Ctrl Pts',(-338.906599492868,19.6549483145273,5.79026521906734));
#8375=CARTESIAN_POINT('Ctrl Pts',(-338.945923157165,19.7662175691691,5.93378248298496));
#8376=CARTESIAN_POINT('Ctrl Pts',(-338.820524098665,19.8256390177386,1.12563906989265));
#8377=CARTESIAN_POINT('Ctrl Pts',(-338.77150664522,19.7266088209991,1.27150133295656));
#8378=CARTESIAN_POINT('Ctrl Pts',(-338.709740197505,19.6549483145273,1.40659418060413));
#8379=CARTESIAN_POINT('Ctrl Pts',(-338.607351924136,19.5024081400749,1.73914586495095));
#8380=CARTESIAN_POINT('Ctrl Pts',(-338.557686521821,19.4365590478264,1.92988924020607));
#8381=CARTESIAN_POINT('Ctrl Pts',(-338.418882772988,19.2600850614351,2.54857841026555));
#8382=CARTESIAN_POINT('Ctrl Pts',(-338.293671768874,19.1136626265544,3.50000005215407));
#8383=CARTESIAN_POINT('Ctrl Pts',(-338.418882772988,19.2600850614351,4.45142169404259));
#8384=CARTESIAN_POINT('Ctrl Pts',(-338.557686521821,19.4365590478264,5.07011086410206));
#8385=CARTESIAN_POINT('Ctrl Pts',(-338.607351924136,19.5024081400749,5.26085423935718));
#8386=CARTESIAN_POINT('Ctrl Pts',(-338.709740197505,19.6549483145273,5.593405923704));
#8387=CARTESIAN_POINT('Ctrl Pts',(-338.77150664522,19.7266088209991,5.72849877135157));
#8388=CARTESIAN_POINT('Ctrl Pts',(-338.820524098665,19.8256390177386,5.87436103441548));
#8389=CARTESIAN_POINT('Ctrl Pts',(-338.690604287659,19.8905989232415,1.19059897539556));
#8390=CARTESIAN_POINT('Ctrl Pts',(-338.625644382157,19.8256390177386,1.32051878640139));
#8391=CARTESIAN_POINT('Ctrl Pts',(-338.566222933587,19.7662175691691,1.44591784490156));
#8392=CARTESIAN_POINT('Ctrl Pts',(-338.451963476025,19.6519581116072,1.75060307180391));
#8393=CARTESIAN_POINT('Ctrl Pts',(-338.397125467033,19.5971201026147,1.92988924020607));
#8394=CARTESIAN_POINT('Ctrl Pts',(-338.239486599421,19.4394812350027,2.54857841026555));
#8395=CARTESIAN_POINT('Ctrl Pts',(-338.103669879923,19.3036645155049,3.50000005215407));
#8396=CARTESIAN_POINT('Ctrl Pts',(-338.239486599421,19.4394812350027,4.45142169404259));
#8397=CARTESIAN_POINT('Ctrl Pts',(-338.397125467033,19.5971201026147,5.07011086410206));
#8398=CARTESIAN_POINT('Ctrl Pts',(-338.451963476025,19.6519581116072,5.24939703250422));
#8399=CARTESIAN_POINT('Ctrl Pts',(-338.566222933587,19.7662175691691,5.55408225940656));
#8400=CARTESIAN_POINT('Ctrl Pts',(-338.625644382157,19.8256390177386,5.67948131790674));
#8401=CARTESIAN_POINT('Ctrl Pts',(-338.690604287659,19.8905989232415,5.80940112891257));
#8402=CARTESIAN_POINT('',(-338.69060428766,19.8905989232415,1.19059897539556));
#8403=CARTESIAN_POINT('',(-343.309406441177,19.8905989232415,1.19059897539556));
#8404=CARTESIAN_POINT('Ctrl Pts',(-338.690604287659,19.8905989232415,1.19059897539556));
#8405=CARTESIAN_POINT('Ctrl Pts',(-338.820524098665,19.8256390177386,1.12563906989265));
#8406=CARTESIAN_POINT('Ctrl Pts',(-338.945923157165,19.7662175691691,1.06621762132317));
#8407=CARTESIAN_POINT('Ctrl Pts',(-339.250608384068,19.6519581116072,0.951958163761215));
#8408=CARTESIAN_POINT('Ctrl Pts',(-339.42989455247,19.5971201026147,0.897120154768736));
#8409=CARTESIAN_POINT('Ctrl Pts',(-340.048583722529,19.4394812350027,0.739481287156796));
#8410=CARTESIAN_POINT('Ctrl Pts',(-341.000005364418,19.3036645155049,0.603664567658964));
#8411=CARTESIAN_POINT('Ctrl Pts',(-341.951427006306,19.4394812350027,0.739481287156796));
#8412=CARTESIAN_POINT('Ctrl Pts',(-342.570116176366,19.5971201026147,0.897120154768736));
#8413=CARTESIAN_POINT('Ctrl Pts',(-342.749402344768,19.6519581116072,0.951958163761216));
#8414=CARTESIAN_POINT('Ctrl Pts',(-343.05408757167,19.7662175691691,1.06621762132317));
#8415=CARTESIAN_POINT('Ctrl Pts',(-343.179486630171,19.8256390177386,1.12563906989265));
#8416=CARTESIAN_POINT('Ctrl Pts',(-343.309406441176,19.8905989232415,1.19059897539556));
#8417=CARTESIAN_POINT('',(-338.69060428766,19.8905989232415,5.80940112891257));
#8418=CARTESIAN_POINT('Ctrl Pts',(-338.690604287659,19.8905989232415,1.19059897539556));
#8419=CARTESIAN_POINT('Ctrl Pts',(-338.625644382157,19.8256390177386,1.32051878640139));
#8420=CARTESIAN_POINT('Ctrl Pts',(-338.566222933587,19.7662175691691,1.44591784490156));
#8421=CARTESIAN_POINT('Ctrl Pts',(-338.451963476025,19.6519581116072,1.75060307180391));
#8422=CARTESIAN_POINT('Ctrl Pts',(-338.397125467033,19.5971201026147,1.92988924020607));
#8423=CARTESIAN_POINT('Ctrl Pts',(-338.239486599421,19.4394812350027,2.54857841026555));
#8424=CARTESIAN_POINT('Ctrl Pts',(-338.103669879923,19.3036645155049,3.50000005215407));
#8425=CARTESIAN_POINT('Ctrl Pts',(-338.239486599421,19.4394812350027,4.45142169404259));
#8426=CARTESIAN_POINT('Ctrl Pts',(-338.397125467033,19.5971201026147,5.07011086410206));
#8427=CARTESIAN_POINT('Ctrl Pts',(-338.451963476025,19.6519581116072,5.24939703250422));
#8428=CARTESIAN_POINT('Ctrl Pts',(-338.566222933587,19.7662175691691,5.55408225940656));
#8429=CARTESIAN_POINT('Ctrl Pts',(-338.625644382157,19.8256390177386,5.67948131790674));
#8430=CARTESIAN_POINT('Ctrl Pts',(-338.690604287659,19.8905989232415,5.80940112891257));
#8431=CARTESIAN_POINT('',(-343.309406441177,19.8905989232415,5.80940112891257));
#8432=CARTESIAN_POINT('Ctrl Pts',(-338.690604287659,19.8905989232415,5.80940112891257));
#8433=CARTESIAN_POINT('Ctrl Pts',(-338.820524098665,19.8256390177386,5.87436103441548));
#8434=CARTESIAN_POINT('Ctrl Pts',(-338.945923157165,19.7662175691691,5.93378248298496));
#8435=CARTESIAN_POINT('Ctrl Pts',(-339.250608384068,19.6519581116072,6.04804194054691));
#8436=CARTESIAN_POINT('Ctrl Pts',(-339.42989455247,19.5971201026147,6.10287994953939));
#8437=CARTESIAN_POINT('Ctrl Pts',(-340.048583722529,19.4394812350027,6.26051881715133));
#8438=CARTESIAN_POINT('Ctrl Pts',(-341.000005364418,19.3036645155049,6.39633553664917));
#8439=CARTESIAN_POINT('Ctrl Pts',(-341.951427006306,19.4394812350027,6.26051881715133));
#8440=CARTESIAN_POINT('Ctrl Pts',(-342.570116176366,19.5971201026147,6.10287994953939));
#8441=CARTESIAN_POINT('Ctrl Pts',(-342.749402344768,19.6519581116072,6.04804194054692));
#8442=CARTESIAN_POINT('Ctrl Pts',(-343.05408757167,19.7662175691691,5.93378248298496));
#8443=CARTESIAN_POINT('Ctrl Pts',(-343.179486630171,19.8256390177386,5.87436103441548));
#8444=CARTESIAN_POINT('Ctrl Pts',(-343.309406441176,19.8905989232415,5.80940112891257));
#8445=CARTESIAN_POINT('Ctrl Pts',(-343.309406441176,19.8905989232415,1.19059897539556));
#8446=CARTESIAN_POINT('Ctrl Pts',(-343.374366346679,19.8256390177386,1.32051878640139));
#8447=CARTESIAN_POINT('Ctrl Pts',(-343.433787795249,19.7662175691691,1.44591784490156));
#8448=CARTESIAN_POINT('Ctrl Pts',(-343.548047252811,19.6519581116072,1.75060307180391));
#8449=CARTESIAN_POINT('Ctrl Pts',(-343.602885261803,19.5971201026147,1.92988924020607));
#8450=CARTESIAN_POINT('Ctrl Pts',(-343.760524129415,19.4394812350027,2.54857841026554));
#8451=CARTESIAN_POINT('Ctrl Pts',(-343.896340848913,19.3036645155049,3.50000005215407));
#8452=CARTESIAN_POINT('Ctrl Pts',(-343.760524129415,19.4394812350027,4.45142169404259));
#8453=CARTESIAN_POINT('Ctrl Pts',(-343.602885261803,19.5971201026147,5.07011086410206));
#8454=CARTESIAN_POINT('Ctrl Pts',(-343.548047252811,19.6519581116071,5.24939703250422));
#8455=CARTESIAN_POINT('Ctrl Pts',(-343.433787795249,19.7662175691691,5.55408225940656));
#8456=CARTESIAN_POINT('Ctrl Pts',(-343.374366346679,19.8256390177386,5.67948131790674));
#8457=CARTESIAN_POINT('Ctrl Pts',(-343.309406441176,19.8905989232415,5.80940112891257));
#8458=CARTESIAN_POINT('Ctrl Pts',(-338.690604287659,19.8905989232415,1.19059897539556));
#8459=CARTESIAN_POINT('Ctrl Pts',(-338.625644382157,19.8256390177386,1.32051878640139));
#8460=CARTESIAN_POINT('Ctrl Pts',(-338.566222933587,19.7662175691691,1.44591784490156));
#8461=CARTESIAN_POINT('Ctrl Pts',(-338.451963476025,19.6519581116072,1.75060307180391));
#8462=CARTESIAN_POINT('Ctrl Pts',(-338.397125467033,19.5971201026147,1.92988924020607));
#8463=CARTESIAN_POINT('Ctrl Pts',(-338.239486599421,19.4394812350027,2.54857841026555));
#8464=CARTESIAN_POINT('Ctrl Pts',(-338.103669879923,19.3036645155049,3.50000005215407));
#8465=CARTESIAN_POINT('Ctrl Pts',(-338.239486599421,19.4394812350027,4.45142169404259));
#8466=CARTESIAN_POINT('Ctrl Pts',(-338.397125467033,19.5971201026147,5.07011086410206));
#8467=CARTESIAN_POINT('Ctrl Pts',(-338.451963476025,19.6519581116072,5.24939703250422));
#8468=CARTESIAN_POINT('Ctrl Pts',(-338.566222933587,19.7662175691691,5.55408225940656));
#8469=CARTESIAN_POINT('Ctrl Pts',(-338.625644382157,19.8256390177386,5.67948131790674));
#8470=CARTESIAN_POINT('Ctrl Pts',(-338.690604287659,19.8905989232415,5.80940112891257));
#8471=CARTESIAN_POINT('Ctrl Pts',(-338.625644382157,20.0205187342473,1.12563906989265));
#8472=CARTESIAN_POINT('Ctrl Pts',(-338.526614185417,19.9715012808025,1.27150133295656));
#8473=CARTESIAN_POINT('Ctrl Pts',(-338.454953678945,19.9097348330867,1.40659418060413));
#8474=CARTESIAN_POINT('Ctrl Pts',(-338.302413504493,19.8073465597177,1.73914586495095));
#8475=CARTESIAN_POINT('Ctrl Pts',(-338.236564412245,19.7576811574029,1.92988924020607));
#8476=CARTESIAN_POINT('Ctrl Pts',(-338.060090425853,19.6188774085704,2.54857841026554));
#8477=CARTESIAN_POINT('Ctrl Pts',(-337.913667990973,19.4936664044554,3.50000005215407));
#8478=CARTESIAN_POINT('Ctrl Pts',(-338.060090425853,19.6188774085704,4.45142169404259));
#8479=CARTESIAN_POINT('Ctrl Pts',(-338.236564412244,19.7576811574029,5.07011086410206));
#8480=CARTESIAN_POINT('Ctrl Pts',(-338.302413504493,19.8073465597177,5.26085423935718));
#8481=CARTESIAN_POINT('Ctrl Pts',(-338.454953678945,19.9097348330867,5.593405923704));
#8482=CARTESIAN_POINT('Ctrl Pts',(-338.526614185417,19.9715012808025,5.72849877135157));
#8483=CARTESIAN_POINT('Ctrl Pts',(-338.625644382156,20.0205187342473,5.87436103441548));
#8484=CARTESIAN_POINT('Ctrl Pts',(-338.566222933587,20.1459177927475,1.06621762132317));
#8485=CARTESIAN_POINT('Ctrl Pts',(-338.454953678945,20.1065941284501,1.20973488524078));
#8486=CARTESIAN_POINT('Ctrl Pts',(-338.353825819899,20.0671332909859,1.36713334313998));
#8487=CARTESIAN_POINT('Ctrl Pts',(-338.173419840462,19.9817161561211,1.71927480777307));
#8488=CARTESIAN_POINT('Ctrl Pts',(-338.09523894493,19.9364276935259,1.91399207339531));
#8489=CARTESIAN_POINT('Ctrl Pts',(-337.899686898604,19.8172662284563,2.54274129414264));
#8490=CARTESIAN_POINT('Ctrl Pts',(-337.742925877556,19.7029280689399,3.50000005215407));
#8491=CARTESIAN_POINT('Ctrl Pts',(-337.899686898604,19.8172662284563,4.45725881016549));
#8492=CARTESIAN_POINT('Ctrl Pts',(-338.09523894493,19.9364276935259,5.08600803091282));
#8493=CARTESIAN_POINT('Ctrl Pts',(-338.173419840462,19.9817161561211,5.28072529653506));
#8494=CARTESIAN_POINT('Ctrl Pts',(-338.353825819899,20.0671332909859,5.63286676116815));
#8495=CARTESIAN_POINT('Ctrl Pts',(-338.454953678945,20.1065941284501,5.79026521906735));
#8496=CARTESIAN_POINT('Ctrl Pts',(-338.566222933587,20.1459177927475,5.93378248298496));
#8497=CARTESIAN_POINT('Ctrl Pts',(-338.451963476025,20.4506030196498,0.951958163761213));
#8498=CARTESIAN_POINT('Ctrl Pts',(-338.302413504493,20.4391458127969,1.10734661187172));
#8499=CARTESIAN_POINT('Ctrl Pts',(-338.173419840462,20.419274755619,1.28171620827519));
#8500=CARTESIAN_POINT('Ctrl Pts',(-337.948166487656,20.3637500066789,1.66375005883292));
#8501=CARTESIAN_POINT('Ctrl Pts',(-337.853530441623,20.3310269317291,1.86967917894825));
#8502=CARTESIAN_POINT('Ctrl Pts',(-337.620297012119,20.2425328377056,2.52522994577393));
#8503=CARTESIAN_POINT('Ctrl Pts',(-337.444451662376,20.15034106121,3.50000005215407));
#8504=CARTESIAN_POINT('Ctrl Pts',(-337.620297012119,20.2425328377056,4.4747701585342));
#8505=CARTESIAN_POINT('Ctrl Pts',(-337.853530441623,20.3310269317291,5.13032092535988));
#8506=CARTESIAN_POINT('Ctrl Pts',(-337.948166487657,20.3637500066789,5.33625004547521));
#8507=CARTESIAN_POINT('Ctrl Pts',(-338.173419840462,20.419274755619,5.71828389603294));
#8508=CARTESIAN_POINT('Ctrl Pts',(-338.302413504493,20.4391458127969,5.89265349243641));
#8509=CARTESIAN_POINT('Ctrl Pts',(-338.451963476025,20.4506030196498,6.04804194054692));
#8510=CARTESIAN_POINT('Ctrl Pts',(-338.397125467033,20.629889188052,0.897120154768733));
#8511=CARTESIAN_POINT('Ctrl Pts',(-338.236564412244,20.629889188052,1.05768120955697));
#8512=CARTESIAN_POINT('Ctrl Pts',(-338.09523894493,20.6139920212412,1.23642774567995));
#8513=CARTESIAN_POINT('Ctrl Pts',(-337.853530441623,20.5696791267942,1.63102698388315));
#8514=CARTESIAN_POINT('Ctrl Pts',(-337.752094569865,20.5435181274038,1.84351817955785));
#8515=CARTESIAN_POINT('Ctrl Pts',(-337.501310652884,20.469410627069,2.51355571352813));
#8516=CARTESIAN_POINT('Ctrl Pts',(-337.316719560612,20.3884923889956,3.50000005215407));
#8517=CARTESIAN_POINT('Ctrl Pts',(-337.501310652884,20.469410627069,4.48644439078));
#8518=CARTESIAN_POINT('Ctrl Pts',(-337.752094569865,20.5435181274038,5.15648192475028));
#8519=CARTESIAN_POINT('Ctrl Pts',(-337.853530441623,20.5696791267942,5.36897312042498));
#8520=CARTESIAN_POINT('Ctrl Pts',(-338.09523894493,20.6139920212412,5.76357235862818));
#8521=CARTESIAN_POINT('Ctrl Pts',(-338.236564412245,20.629889188052,5.94231889475116));
#8522=CARTESIAN_POINT('Ctrl Pts',(-338.397125467033,20.629889188052,6.1028799495394));
#8523=CARTESIAN_POINT('Ctrl Pts',(-338.239486599421,21.2485783581115,0.73948128715679));
#8524=CARTESIAN_POINT('Ctrl Pts',(-338.060090425853,21.2485783581115,0.918877460724431));
#8525=CARTESIAN_POINT('Ctrl Pts',(-337.899686898604,21.2427412419886,1.11726628061037));
#8526=CARTESIAN_POINT('Ctrl Pts',(-337.620297012119,21.2252298936199,1.5425328898597));
#8527=CARTESIAN_POINT('Ctrl Pts',(-337.501310652884,21.2135556613741,1.76941067922309));
#8528=CARTESIAN_POINT('Ctrl Pts',(-337.211625140267,21.1785329646366,2.47853301679071));
#8529=CARTESIAN_POINT('Ctrl Pts',(-337.004773963678,21.1318360356534,3.50000005215407));
#8530=CARTESIAN_POINT('Ctrl Pts',(-337.211625140267,21.1785329646366,4.52146708751742));
#8531=CARTESIAN_POINT('Ctrl Pts',(-337.501310652884,21.2135556613741,5.23058942508504));
#8532=CARTESIAN_POINT('Ctrl Pts',(-337.620297012119,21.2252298936199,5.45746721444843));
#8533=CARTESIAN_POINT('Ctrl Pts',(-337.899686898604,21.2427412419886,5.88273382369776));
#8534=CARTESIAN_POINT('Ctrl Pts',(-338.060090425853,21.2485783581115,6.0811226435837));
#8535=CARTESIAN_POINT('Ctrl Pts',(-338.239486599421,21.2485783581115,6.26051881715134));
#8536=CARTESIAN_POINT('Ctrl Pts',(-338.103669879923,22.2,0.603664567658956));
#8537=CARTESIAN_POINT('Ctrl Pts',(-337.913667990972,22.2,0.793666456609444));
#8538=CARTESIAN_POINT('Ctrl Pts',(-337.742925877556,22.2,1.00292812109397));
#8539=CARTESIAN_POINT('Ctrl Pts',(-337.444451662376,22.2,1.45034111336408));
#8540=CARTESIAN_POINT('Ctrl Pts',(-337.316719560612,22.2,1.68849244114967));
#8541=CARTESIAN_POINT('Ctrl Pts',(-337.004773963678,22.2,2.43183608780749));
#8542=CARTESIAN_POINT('Ctrl Pts',(-336.778848390049,22.2,3.50000005215407));
#8543=CARTESIAN_POINT('Ctrl Pts',(-337.004773963678,22.2,4.56816401650064));
#8544=CARTESIAN_POINT('Ctrl Pts',(-337.316719560612,22.2,5.31150766315846));
#8545=CARTESIAN_POINT('Ctrl Pts',(-337.444451662376,22.2,5.54965899094405));
#8546=CARTESIAN_POINT('Ctrl Pts',(-337.742925877556,22.2,5.99707198321416));
#8547=CARTESIAN_POINT('Ctrl Pts',(-337.913667990973,22.2,6.20633364769868));
#8548=CARTESIAN_POINT('Ctrl Pts',(-338.103669879923,22.2,6.39633553664917));
#8549=CARTESIAN_POINT('Ctrl Pts',(-338.239486599421,23.1514216418885,0.73948128715679));
#8550=CARTESIAN_POINT('Ctrl Pts',(-338.060090425853,23.1514216418885,0.918877460724431));
#8551=CARTESIAN_POINT('Ctrl Pts',(-337.899686898604,23.1572587580114,1.11726628061037));
#8552=CARTESIAN_POINT('Ctrl Pts',(-337.620297012119,23.1747701063801,1.5425328898597));
#8553=CARTESIAN_POINT('Ctrl Pts',(-337.501310652884,23.1864443386259,1.76941067922309));
#8554=CARTESIAN_POINT('Ctrl Pts',(-337.211625140267,23.2214670353634,2.47853301679071));
#8555=CARTESIAN_POINT('Ctrl Pts',(-337.004773963678,23.2681639643466,3.50000005215407));
#8556=CARTESIAN_POINT('Ctrl Pts',(-337.211625140267,23.2214670353634,4.52146708751742));
#8557=CARTESIAN_POINT('Ctrl Pts',(-337.501310652884,23.1864443386259,5.23058942508504));
#8558=CARTESIAN_POINT('Ctrl Pts',(-337.620297012119,23.1747701063801,5.45746721444843));
#8559=CARTESIAN_POINT('Ctrl Pts',(-337.899686898604,23.1572587580114,5.88273382369776));
#8560=CARTESIAN_POINT('Ctrl Pts',(-338.060090425853,23.1514216418885,6.0811226435837));
#8561=CARTESIAN_POINT('Ctrl Pts',(-338.239486599421,23.1514216418885,6.26051881715134));
#8562=CARTESIAN_POINT('Ctrl Pts',(-338.397125467033,23.770110811948,0.897120154768732));
#8563=CARTESIAN_POINT('Ctrl Pts',(-338.236564412244,23.770110811948,1.05768120955697));
#8564=CARTESIAN_POINT('Ctrl Pts',(-338.09523894493,23.7860079787588,1.23642774567995));
#8565=CARTESIAN_POINT('Ctrl Pts',(-337.853530441623,23.8303208732058,1.63102698388315));
#8566=CARTESIAN_POINT('Ctrl Pts',(-337.752094569865,23.8564818725962,1.84351817955785));
#8567=CARTESIAN_POINT('Ctrl Pts',(-337.501310652884,23.930589372931,2.51355571352813));
#8568=CARTESIAN_POINT('Ctrl Pts',(-337.316719560612,24.0115076110044,3.50000005215407));
#8569=CARTESIAN_POINT('Ctrl Pts',(-337.501310652884,23.930589372931,4.48644439078));
#8570=CARTESIAN_POINT('Ctrl Pts',(-337.752094569865,23.8564818725962,5.15648192475028));
#8571=CARTESIAN_POINT('Ctrl Pts',(-337.853530441623,23.8303208732058,5.36897312042498));
#8572=CARTESIAN_POINT('Ctrl Pts',(-338.09523894493,23.7860079787588,5.76357235862818));
#8573=CARTESIAN_POINT('Ctrl Pts',(-338.236564412244,23.770110811948,5.94231889475116));
#8574=CARTESIAN_POINT('Ctrl Pts',(-338.397125467033,23.770110811948,6.1028799495394));
#8575=CARTESIAN_POINT('Ctrl Pts',(-338.451963476025,23.9493969803502,0.951958163761212));
#8576=CARTESIAN_POINT('Ctrl Pts',(-338.302413504493,23.9608541872031,1.10734661187172));
#8577=CARTESIAN_POINT('Ctrl Pts',(-338.173419840462,23.980725244381,1.28171620827519));
#8578=CARTESIAN_POINT('Ctrl Pts',(-337.948166487656,24.0362499933211,1.66375005883292));
#8579=CARTESIAN_POINT('Ctrl Pts',(-337.853530441623,24.0689730682709,1.86967917894824));
#8580=CARTESIAN_POINT('Ctrl Pts',(-337.620297012119,24.1574671622944,2.52522994577393));
#8581=CARTESIAN_POINT('Ctrl Pts',(-337.444451662376,24.24965893879,3.50000005215407));
#8582=CARTESIAN_POINT('Ctrl Pts',(-337.620297012119,24.1574671622944,4.4747701585342));
#8583=CARTESIAN_POINT('Ctrl Pts',(-337.853530441623,24.0689730682709,5.13032092535988));
#8584=CARTESIAN_POINT('Ctrl Pts',(-337.948166487656,24.0362499933211,5.33625004547521));
#8585=CARTESIAN_POINT('Ctrl Pts',(-338.173419840462,23.980725244381,5.71828389603294));
#8586=CARTESIAN_POINT('Ctrl Pts',(-338.302413504493,23.9608541872031,5.89265349243641));
#8587=CARTESIAN_POINT('Ctrl Pts',(-338.451963476025,23.9493969803502,6.04804194054692));
#8588=CARTESIAN_POINT('Ctrl Pts',(-338.566222933587,24.2540822072525,1.06621762132317));
#8589=CARTESIAN_POINT('Ctrl Pts',(-338.454953678945,24.2934058715499,1.20973488524078));
#8590=CARTESIAN_POINT('Ctrl Pts',(-338.353825819898,24.3328667090141,1.36713334313998));
#8591=CARTESIAN_POINT('Ctrl Pts',(-338.173419840462,24.4182838438789,1.71927480777307));
#8592=CARTESIAN_POINT('Ctrl Pts',(-338.09523894493,24.4635723064741,1.91399207339531));
#8593=CARTESIAN_POINT('Ctrl Pts',(-337.899686898604,24.5827337715437,2.54274129414264));
#8594=CARTESIAN_POINT('Ctrl Pts',(-337.742925877556,24.6970719310601,3.50000005215407));
#8595=CARTESIAN_POINT('Ctrl Pts',(-337.899686898604,24.5827337715437,4.45725881016549));
#8596=CARTESIAN_POINT('Ctrl Pts',(-338.09523894493,24.4635723064741,5.08600803091282));
#8597=CARTESIAN_POINT('Ctrl Pts',(-338.173419840462,24.4182838438789,5.28072529653506));
#8598=CARTESIAN_POINT('Ctrl Pts',(-338.353825819898,24.3328667090141,5.63286676116815));
#8599=CARTESIAN_POINT('Ctrl Pts',(-338.454953678945,24.2934058715499,5.79026521906735));
#8600=CARTESIAN_POINT('Ctrl Pts',(-338.566222933587,24.2540822072525,5.93378248298496));
#8601=CARTESIAN_POINT('Ctrl Pts',(-338.625644382156,24.3794812657527,1.12563906989265));
#8602=CARTESIAN_POINT('Ctrl Pts',(-338.526614185417,24.4284987191975,1.27150133295656));
#8603=CARTESIAN_POINT('Ctrl Pts',(-338.454953678945,24.4902651669133,1.40659418060413));
#8604=CARTESIAN_POINT('Ctrl Pts',(-338.302413504493,24.5926534402823,1.73914586495095));
#8605=CARTESIAN_POINT('Ctrl Pts',(-338.236564412244,24.6423188425971,1.92988924020607));
#8606=CARTESIAN_POINT('Ctrl Pts',(-338.060090425853,24.7811225914296,2.54857841026555));
#8607=CARTESIAN_POINT('Ctrl Pts',(-337.913667990973,24.9063335955446,3.50000005215407));
#8608=CARTESIAN_POINT('Ctrl Pts',(-338.060090425853,24.7811225914296,4.45142169404259));
#8609=CARTESIAN_POINT('Ctrl Pts',(-338.236564412244,24.6423188425971,5.07011086410206));
#8610=CARTESIAN_POINT('Ctrl Pts',(-338.302413504493,24.5926534402823,5.26085423935718));
#8611=CARTESIAN_POINT('Ctrl Pts',(-338.454953678945,24.4902651669133,5.593405923704));
#8612=CARTESIAN_POINT('Ctrl Pts',(-338.526614185417,24.4284987191975,5.72849877135157));
#8613=CARTESIAN_POINT('Ctrl Pts',(-338.625644382157,24.3794812657527,5.87436103441548));
#8614=CARTESIAN_POINT('Ctrl Pts',(-338.690604287659,24.5094010767585,1.19059897539556));
#8615=CARTESIAN_POINT('Ctrl Pts',(-338.625644382156,24.5743609822614,1.32051878640139));
#8616=CARTESIAN_POINT('Ctrl Pts',(-338.566222933587,24.6337824308309,1.44591784490156));
#8617=CARTESIAN_POINT('Ctrl Pts',(-338.451963476025,24.7480418883929,1.75060307180391));
#8618=CARTESIAN_POINT('Ctrl Pts',(-338.397125467033,24.8028798973853,1.92988924020607));
#8619=CARTESIAN_POINT('Ctrl Pts',(-338.239486599421,24.9605187649973,2.54857841026555));
#8620=CARTESIAN_POINT('Ctrl Pts',(-338.103669879923,25.0963354844951,3.50000005215407));
#8621=CARTESIAN_POINT('Ctrl Pts',(-338.239486599421,24.9605187649973,4.45142169404259));
#8622=CARTESIAN_POINT('Ctrl Pts',(-338.397125467033,24.8028798973853,5.07011086410206));
#8623=CARTESIAN_POINT('Ctrl Pts',(-338.451963476025,24.7480418883929,5.24939703250422));
#8624=CARTESIAN_POINT('Ctrl Pts',(-338.566222933587,24.6337824308309,5.55408225940656));
#8625=CARTESIAN_POINT('Ctrl Pts',(-338.625644382156,24.5743609822614,5.67948131790674));
#8626=CARTESIAN_POINT('Ctrl Pts',(-338.690604287659,24.5094010767585,5.80940112891257));
#8627=CARTESIAN_POINT('',(-337.881943420089,20.870470688755,1.38887689095077));
#8628=CARTESIAN_POINT('',(-338.336294165208,20.8690780606351,0.836288852944384));
#8629=CARTESIAN_POINT('Ctrl Pts',(-337.882058348867,20.87045439668,1.3884471035261));
#8630=CARTESIAN_POINT('Ctrl Pts',(-338.014305597338,20.8725148728011,1.18864921032305));
#8631=CARTESIAN_POINT('Ctrl Pts',(-338.170192858656,20.8690780606351,1.00239015949656));
#8632=CARTESIAN_POINT('Ctrl Pts',(-338.336294165208,20.869078060635,0.836288852944431));
#8633=CARTESIAN_POINT('',(-337.537068817917,20.8647342645726,2.03616625397469));
#8634=CARTESIAN_POINT('Ctrl Pts',(-337.536613158298,20.8646006521096,2.03597287283031));
#8635=CARTESIAN_POINT('Ctrl Pts',(-337.631058615459,20.865404778117,1.81287763508268));
#8636=CARTESIAN_POINT('Ctrl Pts',(-337.74313574783,20.8682886422881,1.59838057109517));
#8637=CARTESIAN_POINT('Ctrl Pts',(-337.881825632601,20.8704507697807,1.38879873140246));
#8638=CARTESIAN_POINT('',(-337.537068817917,20.8647342645726,4.96383385033343));
#8639=CARTESIAN_POINT('Ctrl Pts',(-337.537366608491,20.8646710902685,4.96518090053143));
#8640=CARTESIAN_POINT('Ctrl Pts',(-337.346219979456,20.8628962755267,4.51375660091494));
#8641=CARTESIAN_POINT('Ctrl Pts',(-337.123305662291,20.8653354513001,3.50080518142285));
#8642=CARTESIAN_POINT('Ctrl Pts',(-337.345538150396,20.8629746968333,2.48734576429082));
#8643=CARTESIAN_POINT('Ctrl Pts',(-337.53658077175,20.8646003764402,2.03604937699267));
#8644=CARTESIAN_POINT('',(-337.881943420089,20.8704706887548,5.6111232133574));
#8645=CARTESIAN_POINT('Ctrl Pts',(-337.88179260037,20.8704903606079,5.61122279434633));
#8646=CARTESIAN_POINT('Ctrl Pts',(-337.744389802196,20.8684637793538,5.40352065300033));
#8647=CARTESIAN_POINT('Ctrl Pts',(-337.631884088799,20.8655486941178,5.1883995236638));
#8648=CARTESIAN_POINT('Ctrl Pts',(-337.537190322543,20.8646694534366,4.96476457218176));
#8649=CARTESIAN_POINT('Ctrl Pts',(-337.537014104348,20.8646678191519,4.96434819688333));
#8650=CARTESIAN_POINT('Ctrl Pts',(-337.53683795393,20.8646661874111,4.96393177467933));
#8651=CARTESIAN_POINT('',(-338.336294165209,20.8690780606349,6.16371125136368));
#8652=CARTESIAN_POINT('Ctrl Pts',(-338.336294165209,20.8690780606347,6.16371125136393));
#8653=CARTESIAN_POINT('Ctrl Pts',(-338.170328805468,20.8690780606347,5.99774589162286));
#8654=CARTESIAN_POINT('Ctrl Pts',(-338.013366553541,20.8724267963526,5.80996438008042));
#8655=CARTESIAN_POINT('Ctrl Pts',(-337.882509294279,20.8705009198725,5.61230576171072));
#8656=CARTESIAN_POINT('Ctrl Pts',(-338.690604287659,19.8905989232415,5.80940112891257));
#8657=CARTESIAN_POINT('Ctrl Pts',(-338.625644382156,20.0205187342473,5.87436103441548));
#8658=CARTESIAN_POINT('Ctrl Pts',(-338.566222933587,20.1459177927475,5.93378248298496));
#8659=CARTESIAN_POINT('Ctrl Pts',(-338.451963476025,20.4506030196498,6.04804194054692));
#8660=CARTESIAN_POINT('Ctrl Pts',(-338.397125467033,20.629889188052,6.1028799495394));
#8661=CARTESIAN_POINT('Ctrl Pts',(-338.341791145342,20.8470611715929,6.15821427122977));
#8662=CARTESIAN_POINT('Ctrl Pts',(-338.339029283248,20.8580479483338,6.16097613332433));
#8663=CARTESIAN_POINT('Ctrl Pts',(-338.336294165209,20.8690780606349,6.1637112513637));
#8664=CARTESIAN_POINT('Ctrl Pts',(-338.336294165208,20.8690780606351,0.836288852944371));
#8665=CARTESIAN_POINT('Ctrl Pts',(-338.339029283248,20.8580479483339,0.839023970983771));
#8666=CARTESIAN_POINT('Ctrl Pts',(-338.341791145342,20.8470611715929,0.841785833078342));
#8667=CARTESIAN_POINT('Ctrl Pts',(-338.397125467033,20.629889188052,0.897120154768733));
#8668=CARTESIAN_POINT('Ctrl Pts',(-338.451963476025,20.4506030196498,0.951958163761213));
#8669=CARTESIAN_POINT('Ctrl Pts',(-338.566222933587,20.1459177927475,1.06621762132317));
#8670=CARTESIAN_POINT('Ctrl Pts',(-338.625644382157,20.0205187342473,1.12563906989265));
#8671=CARTESIAN_POINT('Ctrl Pts',(-338.690604287659,19.8905989232415,1.19059897539556));
#8672=CARTESIAN_POINT('Ctrl Pts',(-343.309406441176,24.5094010767585,1.19059897539556));
#8673=CARTESIAN_POINT('Ctrl Pts',(-343.374366346679,24.3794812657527,1.12563906989265));
#8674=CARTESIAN_POINT('Ctrl Pts',(-343.433787795249,24.2540822072525,1.06621762132317));
#8675=CARTESIAN_POINT('Ctrl Pts',(-343.548047252811,23.9493969803502,0.951958163761212));
#8676=CARTESIAN_POINT('Ctrl Pts',(-343.602885261803,23.770110811948,0.897120154768733));
#8677=CARTESIAN_POINT('Ctrl Pts',(-343.760524129415,23.1514216418885,0.73948128715679));
#8678=CARTESIAN_POINT('Ctrl Pts',(-343.896340848913,22.2,0.603664567658956));
#8679=CARTESIAN_POINT('Ctrl Pts',(-343.760524129415,21.2485783581115,0.73948128715679));
#8680=CARTESIAN_POINT('Ctrl Pts',(-343.602885261803,20.629889188052,0.897120154768732));
#8681=CARTESIAN_POINT('Ctrl Pts',(-343.548047252811,20.4506030196498,0.951958163761212));
#8682=CARTESIAN_POINT('Ctrl Pts',(-343.433787795249,20.1459177927475,1.06621762132317));
#8683=CARTESIAN_POINT('Ctrl Pts',(-343.374366346679,20.0205187342473,1.12563906989265));
#8684=CARTESIAN_POINT('Ctrl Pts',(-343.309406441176,19.8905989232415,1.19059897539556));
#8685=CARTESIAN_POINT('Ctrl Pts',(-343.17948663017,24.5743609822614,1.12563906989265));
#8686=CARTESIAN_POINT('Ctrl Pts',(-343.228504083616,24.4284987191975,1.02660887315316));
#8687=CARTESIAN_POINT('Ctrl Pts',(-343.290270531331,24.2934058715499,0.954948366681322));
#8688=CARTESIAN_POINT('Ctrl Pts',(-343.3926588047,23.9608541872031,0.802408192228924));
#8689=CARTESIAN_POINT('Ctrl Pts',(-343.442324207015,23.770110811948,0.736559099980491));
#8690=CARTESIAN_POINT('Ctrl Pts',(-343.581127955848,23.1514216418885,0.56008511358915));
#8691=CARTESIAN_POINT('Ctrl Pts',(-343.706338959963,22.2,0.413662678708468));
#8692=CARTESIAN_POINT('Ctrl Pts',(-343.581127955848,21.2485783581115,0.56008511358915));
#8693=CARTESIAN_POINT('Ctrl Pts',(-343.442324207015,20.629889188052,0.736559099980491));
#8694=CARTESIAN_POINT('Ctrl Pts',(-343.3926588047,20.4391458127969,0.802408192228924));
#8695=CARTESIAN_POINT('Ctrl Pts',(-343.290270531331,20.1065941284501,0.954948366681322));
#8696=CARTESIAN_POINT('Ctrl Pts',(-343.228504083615,19.9715012808025,1.02660887315316));
#8697=CARTESIAN_POINT('Ctrl Pts',(-343.179486630171,19.8256390177386,1.12563906989265));
#8698=CARTESIAN_POINT('Ctrl Pts',(-343.05408757167,24.6337824308309,1.06621762132317));
#8699=CARTESIAN_POINT('Ctrl Pts',(-343.093411235968,24.4902651669133,0.954948366681322));
#8700=CARTESIAN_POINT('Ctrl Pts',(-343.132872073432,24.3328667090141,0.853820507634578));
#8701=CARTESIAN_POINT('Ctrl Pts',(-343.218289208297,23.980725244381,0.67341452819783));
#8702=CARTESIAN_POINT('Ctrl Pts',(-343.263577670892,23.7860079787588,0.595233632665805));
#8703=CARTESIAN_POINT('Ctrl Pts',(-343.382739135962,23.1572587580114,0.399681586339809));
#8704=CARTESIAN_POINT('Ctrl Pts',(-343.497077295478,22.2,0.24292056529202));
#8705=CARTESIAN_POINT('Ctrl Pts',(-343.382739135962,21.2427412419886,0.399681586339809));
#8706=CARTESIAN_POINT('Ctrl Pts',(-343.263577670892,20.6139920212412,0.595233632665805));
#8707=CARTESIAN_POINT('Ctrl Pts',(-343.218289208297,20.419274755619,0.67341452819783));
#8708=CARTESIAN_POINT('Ctrl Pts',(-343.132872073432,20.0671332909859,0.853820507634578));
#8709=CARTESIAN_POINT('Ctrl Pts',(-343.093411235968,19.9097348330867,0.954948366681323));
#8710=CARTESIAN_POINT('Ctrl Pts',(-343.05408757167,19.7662175691691,1.06621762132317));
#8711=CARTESIAN_POINT('Ctrl Pts',(-342.749402344768,24.7480418883929,0.951958163761215));
#8712=CARTESIAN_POINT('Ctrl Pts',(-342.760859551621,24.5926534402823,0.802408192228926));
#8713=CARTESIAN_POINT('Ctrl Pts',(-342.780730608799,24.4182838438789,0.673414528197832));
#8714=CARTESIAN_POINT('Ctrl Pts',(-342.836255357739,24.0362499933211,0.448161175392519));
#8715=CARTESIAN_POINT('Ctrl Pts',(-342.868978432689,23.8303208732058,0.353525129358758));
#8716=CARTESIAN_POINT('Ctrl Pts',(-342.957472526712,23.1747701063801,0.120291699855382));
#8717=CARTESIAN_POINT('Ctrl Pts',(-343.049664303208,22.2,-0.0555536498880262));
#8718=CARTESIAN_POINT('Ctrl Pts',(-342.957472526712,21.2252298936199,0.120291699855382));
#8719=CARTESIAN_POINT('Ctrl Pts',(-342.868978432689,20.5696791267942,0.353525129358758));
#8720=CARTESIAN_POINT('Ctrl Pts',(-342.836255357739,20.3637500066789,0.448161175392519));
#8721=CARTESIAN_POINT('Ctrl Pts',(-342.780730608799,19.9817161561211,0.673414528197832));
#8722=CARTESIAN_POINT('Ctrl Pts',(-342.760859551621,19.8073465597177,0.802408192228927));
#8723=CARTESIAN_POINT('Ctrl Pts',(-342.749402344768,19.6519581116072,0.951958163761216));
#8724=CARTESIAN_POINT('Ctrl Pts',(-342.570116176366,24.8028798973853,0.897120154768736));
#8725=CARTESIAN_POINT('Ctrl Pts',(-342.570116176366,24.6423188425971,0.736559099980494));
#8726=CARTESIAN_POINT('Ctrl Pts',(-342.586013343177,24.4635723064741,0.595233632665808));
#8727=CARTESIAN_POINT('Ctrl Pts',(-342.630326237624,24.0689730682709,0.353525129358758));
#8728=CARTESIAN_POINT('Ctrl Pts',(-342.656487237014,23.8564818725962,0.252089257601439));
#8729=CARTESIAN_POINT('Ctrl Pts',(-342.730594737349,23.1864443386259,0.0013053406202955));
#8730=CARTESIAN_POINT('Ctrl Pts',(-342.811512975422,22.2,-0.183285751651624));
#8731=CARTESIAN_POINT('Ctrl Pts',(-342.730594737349,21.2135556613741,0.00130534062029547));
#8732=CARTESIAN_POINT('Ctrl Pts',(-342.656487237014,20.5435181274038,0.25208925760144));
#8733=CARTESIAN_POINT('Ctrl Pts',(-342.630326237624,20.3310269317291,0.353525129358759));
#8734=CARTESIAN_POINT('Ctrl Pts',(-342.586013343177,19.9364276935259,0.595233632665808));
#8735=CARTESIAN_POINT('Ctrl Pts',(-342.570116176366,19.7576811574029,0.736559099980494));
#8736=CARTESIAN_POINT('Ctrl Pts',(-342.570116176366,19.5971201026147,0.897120154768736));
#8737=CARTESIAN_POINT('Ctrl Pts',(-341.951427006307,24.9605187649973,0.739481287156796));
#8738=CARTESIAN_POINT('Ctrl Pts',(-341.951427006307,24.7811225914296,0.560085113589155));
#8739=CARTESIAN_POINT('Ctrl Pts',(-341.957264122429,24.5827337715437,0.399681586339814));
#8740=CARTESIAN_POINT('Ctrl Pts',(-341.974775470798,24.1574671622944,0.120291699855385));
#8741=CARTESIAN_POINT('Ctrl Pts',(-341.986449703044,23.930589372931,0.00130534062029803));
#8742=CARTESIAN_POINT('Ctrl Pts',(-342.021472399781,23.2214670353634,-0.288380171997098));
#8743=CARTESIAN_POINT('Ctrl Pts',(-342.068169328764,22.2,-0.495231348585985));
#8744=CARTESIAN_POINT('Ctrl Pts',(-342.021472399781,21.1785329646366,-0.288380171997098));
#8745=CARTESIAN_POINT('Ctrl Pts',(-341.986449703044,20.469410627069,0.00130534062029809));
#8746=CARTESIAN_POINT('Ctrl Pts',(-341.974775470798,20.2425328377056,0.120291699855385));
#8747=CARTESIAN_POINT('Ctrl Pts',(-341.957264122429,19.8172662284563,0.399681586339814));
#8748=CARTESIAN_POINT('Ctrl Pts',(-341.951427006306,19.6188774085704,0.560085113589155));
#8749=CARTESIAN_POINT('Ctrl Pts',(-341.951427006306,19.4394812350027,0.739481287156796));
#8750=CARTESIAN_POINT('Ctrl Pts',(-341.000005364418,25.0963354844951,0.603664567658965));
#8751=CARTESIAN_POINT('Ctrl Pts',(-341.000005364418,24.9063335955446,0.413662678708477));
#8752=CARTESIAN_POINT('Ctrl Pts',(-341.000005364418,24.6970719310601,0.242920565292028));
#8753=CARTESIAN_POINT('Ctrl Pts',(-341.000005364418,24.24965893879,-0.0555536498880197));
#8754=CARTESIAN_POINT('Ctrl Pts',(-341.000005364418,24.0115076110044,-0.183285751651619));
#8755=CARTESIAN_POINT('Ctrl Pts',(-341.000005364418,23.2681639643466,-0.495231348585982));
#8756=CARTESIAN_POINT('Ctrl Pts',(-341.000005364418,22.2,-0.721156922214645));
#8757=CARTESIAN_POINT('Ctrl Pts',(-341.000005364418,21.1318360356534,-0.495231348585982));
#8758=CARTESIAN_POINT('Ctrl Pts',(-341.000005364418,20.3884923889956,-0.183285751651619));
#8759=CARTESIAN_POINT('Ctrl Pts',(-341.000005364418,20.15034106121,-0.0555536498880198));
#8760=CARTESIAN_POINT('Ctrl Pts',(-341.000005364418,19.7029280689399,0.242920565292028));
#8761=CARTESIAN_POINT('Ctrl Pts',(-341.000005364418,19.4936664044554,0.413662678708477));
#8762=CARTESIAN_POINT('Ctrl Pts',(-341.000005364418,19.3036645155049,0.603664567658964));
#8763=CARTESIAN_POINT('Ctrl Pts',(-340.048583722529,24.9605187649973,0.739481287156796));
#8764=CARTESIAN_POINT('Ctrl Pts',(-340.048583722529,24.7811225914296,0.560085113589156));
#8765=CARTESIAN_POINT('Ctrl Pts',(-340.042746606407,24.5827337715437,0.399681586339814));
#8766=CARTESIAN_POINT('Ctrl Pts',(-340.025235258038,24.1574671622944,0.120291699855385));
#8767=CARTESIAN_POINT('Ctrl Pts',(-340.013561025792,23.930589372931,0.00130534062029806));
#8768=CARTESIAN_POINT('Ctrl Pts',(-339.978538329055,23.2214670353634,-0.288380171997098));
#8769=CARTESIAN_POINT('Ctrl Pts',(-339.931841400072,22.2,-0.495231348585985));
#8770=CARTESIAN_POINT('Ctrl Pts',(-339.978538329055,21.1785329646366,-0.288380171997098));
#8771=CARTESIAN_POINT('Ctrl Pts',(-340.013561025792,20.469410627069,0.00130534062029796));
#8772=CARTESIAN_POINT('Ctrl Pts',(-340.025235258038,20.2425328377056,0.120291699855385));
#8773=CARTESIAN_POINT('Ctrl Pts',(-340.042746606406,19.8172662284563,0.399681586339814));
#8774=CARTESIAN_POINT('Ctrl Pts',(-340.048583722529,19.6188774085704,0.560085113589155));
#8775=CARTESIAN_POINT('Ctrl Pts',(-340.048583722529,19.4394812350027,0.739481287156796));
#8776=CARTESIAN_POINT('Ctrl Pts',(-339.42989455247,24.8028798973853,0.897120154768736));
#8777=CARTESIAN_POINT('Ctrl Pts',(-339.42989455247,24.6423188425971,0.736559099980494));
#8778=CARTESIAN_POINT('Ctrl Pts',(-339.413997385659,24.4635723064741,0.595233632665808));
#8779=CARTESIAN_POINT('Ctrl Pts',(-339.369684491212,24.0689730682709,0.353525129358758));
#8780=CARTESIAN_POINT('Ctrl Pts',(-339.343523491822,23.8564818725962,0.252089257601439));
#8781=CARTESIAN_POINT('Ctrl Pts',(-339.269415991487,23.1864443386259,0.0013053406202954));
#8782=CARTESIAN_POINT('Ctrl Pts',(-339.188497753414,22.2,-0.183285751651624));
#8783=CARTESIAN_POINT('Ctrl Pts',(-339.269415991487,21.2135556613741,0.00130534062029542));
#8784=CARTESIAN_POINT('Ctrl Pts',(-339.343523491822,20.5435181274038,0.252089257601439));
#8785=CARTESIAN_POINT('Ctrl Pts',(-339.369684491212,20.3310269317291,0.353525129358758));
#8786=CARTESIAN_POINT('Ctrl Pts',(-339.413997385659,19.9364276935259,0.595233632665808));
#8787=CARTESIAN_POINT('Ctrl Pts',(-339.42989455247,19.7576811574029,0.736559099980494));
#8788=CARTESIAN_POINT('Ctrl Pts',(-339.42989455247,19.5971201026147,0.897120154768736));
#8789=CARTESIAN_POINT('Ctrl Pts',(-339.250608384068,24.7480418883929,0.951958163761215));
#8790=CARTESIAN_POINT('Ctrl Pts',(-339.239151177215,24.5926534402823,0.802408192228927));
#8791=CARTESIAN_POINT('Ctrl Pts',(-339.219280120037,24.4182838438789,0.673414528197832));
#8792=CARTESIAN_POINT('Ctrl Pts',(-339.163755371097,24.0362499933211,0.448161175392519));
#8793=CARTESIAN_POINT('Ctrl Pts',(-339.131032296147,23.8303208732058,0.353525129358757));
#8794=CARTESIAN_POINT('Ctrl Pts',(-339.042538202124,23.1747701063801,0.120291699855382));
#8795=CARTESIAN_POINT('Ctrl Pts',(-338.950346425628,22.2,-0.0555536498880263));
#8796=CARTESIAN_POINT('Ctrl Pts',(-339.042538202124,21.2252298936199,0.120291699855382));
#8797=CARTESIAN_POINT('Ctrl Pts',(-339.131032296147,20.5696791267942,0.353525129358758));
#8798=CARTESIAN_POINT('Ctrl Pts',(-339.163755371097,20.3637500066789,0.448161175392519));
#8799=CARTESIAN_POINT('Ctrl Pts',(-339.219280120037,19.9817161561211,0.673414528197832));
#8800=CARTESIAN_POINT('Ctrl Pts',(-339.239151177215,19.8073465597177,0.802408192228927));
#8801=CARTESIAN_POINT('Ctrl Pts',(-339.250608384068,19.6519581116072,0.951958163761215));
#8802=CARTESIAN_POINT('Ctrl Pts',(-338.945923157166,24.6337824308309,1.06621762132317));
#8803=CARTESIAN_POINT('Ctrl Pts',(-338.906599492868,24.4902651669133,0.954948366681323));
#8804=CARTESIAN_POINT('Ctrl Pts',(-338.867138655404,24.3328667090141,0.853820507634578));
#8805=CARTESIAN_POINT('Ctrl Pts',(-338.781721520539,23.980725244381,0.67341452819783));
#8806=CARTESIAN_POINT('Ctrl Pts',(-338.736433057944,23.7860079787588,0.595233632665805));
#8807=CARTESIAN_POINT('Ctrl Pts',(-338.617271592874,23.1572587580114,0.399681586339809));
#8808=CARTESIAN_POINT('Ctrl Pts',(-338.502933433358,22.2,0.24292056529202));
#8809=CARTESIAN_POINT('Ctrl Pts',(-338.617271592874,21.2427412419886,0.399681586339809));
#8810=CARTESIAN_POINT('Ctrl Pts',(-338.736433057944,20.6139920212412,0.595233632665805));
#8811=CARTESIAN_POINT('Ctrl Pts',(-338.781721520539,20.419274755619,0.67341452819783));
#8812=CARTESIAN_POINT('Ctrl Pts',(-338.867138655404,20.0671332909859,0.853820507634578));
#8813=CARTESIAN_POINT('Ctrl Pts',(-338.906599492868,19.9097348330867,0.954948366681322));
#8814=CARTESIAN_POINT('Ctrl Pts',(-338.945923157165,19.7662175691691,1.06621762132317));
#8815=CARTESIAN_POINT('Ctrl Pts',(-338.820524098665,24.5743609822614,1.12563906989265));
#8816=CARTESIAN_POINT('Ctrl Pts',(-338.77150664522,24.4284987191975,1.02660887315316));
#8817=CARTESIAN_POINT('Ctrl Pts',(-338.709740197505,24.2934058715499,0.954948366681321));
#8818=CARTESIAN_POINT('Ctrl Pts',(-338.607351924136,23.9608541872031,0.802408192228924));
#8819=CARTESIAN_POINT('Ctrl Pts',(-338.557686521821,23.770110811948,0.736559099980491));
#8820=CARTESIAN_POINT('Ctrl Pts',(-338.418882772988,23.1514216418885,0.56008511358915));
#8821=CARTESIAN_POINT('Ctrl Pts',(-338.293671768873,22.2,0.413662678708468));
#8822=CARTESIAN_POINT('Ctrl Pts',(-338.418882772988,21.2485783581115,0.56008511358915));
#8823=CARTESIAN_POINT('Ctrl Pts',(-338.557686521821,20.629889188052,0.736559099980491));
#8824=CARTESIAN_POINT('Ctrl Pts',(-338.607351924136,20.4391458127969,0.802408192228924));
#8825=CARTESIAN_POINT('Ctrl Pts',(-338.709740197505,20.1065941284501,0.954948366681322));
#8826=CARTESIAN_POINT('Ctrl Pts',(-338.77150664522,19.9715012808025,1.02660887315316));
#8827=CARTESIAN_POINT('Ctrl Pts',(-338.820524098665,19.8256390177386,1.12563906989265));
#8828=CARTESIAN_POINT('Ctrl Pts',(-338.690604287659,24.5094010767585,1.19059897539556));
#8829=CARTESIAN_POINT('Ctrl Pts',(-338.625644382156,24.3794812657527,1.12563906989265));
#8830=CARTESIAN_POINT('Ctrl Pts',(-338.566222933587,24.2540822072525,1.06621762132317));
#8831=CARTESIAN_POINT('Ctrl Pts',(-338.451963476025,23.9493969803502,0.951958163761212));
#8832=CARTESIAN_POINT('Ctrl Pts',(-338.397125467033,23.770110811948,0.897120154768732));
#8833=CARTESIAN_POINT('Ctrl Pts',(-338.239486599421,23.1514216418885,0.73948128715679));
#8834=CARTESIAN_POINT('Ctrl Pts',(-338.103669879923,22.2,0.603664567658956));
#8835=CARTESIAN_POINT('Ctrl Pts',(-338.239486599421,21.2485783581115,0.73948128715679));
#8836=CARTESIAN_POINT('Ctrl Pts',(-338.397125467033,20.629889188052,0.897120154768733));
#8837=CARTESIAN_POINT('Ctrl Pts',(-338.451963476025,20.4506030196498,0.951958163761213));
#8838=CARTESIAN_POINT('Ctrl Pts',(-338.566222933587,20.1459177927475,1.06621762132317));
#8839=CARTESIAN_POINT('Ctrl Pts',(-338.625644382157,20.0205187342473,1.12563906989265));
#8840=CARTESIAN_POINT('Ctrl Pts',(-338.690604287659,19.8905989232415,1.19059897539556));
#8841=CARTESIAN_POINT('',(-343.111128525621,20.8704706887548,0.381938107825231));
#8842=CARTESIAN_POINT('',(-343.663716563628,20.8690780606351,0.83628885294438));
#8843=CARTESIAN_POINT('Ctrl Pts',(-343.111558313046,20.8704543966801,0.382053036602831));
#8844=CARTESIAN_POINT('Ctrl Pts',(-343.31135620625,20.8725148728009,0.514300285074186));
#8845=CARTESIAN_POINT('Ctrl Pts',(-343.497615257074,20.8690780606351,0.670187546391113));
#8846=CARTESIAN_POINT('Ctrl Pts',(-343.663716563627,20.8690780606351,0.836288852944139));
#8847=CARTESIAN_POINT('',(-342.463839162597,20.8647342645725,0.0370635056526747));
#8848=CARTESIAN_POINT('Ctrl Pts',(-342.464032543741,20.8646006521096,0.0366078460338581));
#8849=CARTESIAN_POINT('Ctrl Pts',(-342.687127781491,20.865404778117,0.13105330319532));
#8850=CARTESIAN_POINT('Ctrl Pts',(-342.901624845476,20.8682886422884,0.243130435565689));
#8851=CARTESIAN_POINT('Ctrl Pts',(-343.11120668517,20.8704507697807,0.381820320337615));
#8852=CARTESIAN_POINT('',(-339.536171566239,20.8647342645726,0.0370635056526736));
#8853=CARTESIAN_POINT('Ctrl Pts',(-339.53482451604,20.8646710902687,0.0373612962266847));
#8854=CARTESIAN_POINT('Ctrl Pts',(-339.986248815657,20.8628962755269,-0.153785332808244));
#8855=CARTESIAN_POINT('Ctrl Pts',(-340.999200235149,20.8653354512998,-0.376699649972754));
#8856=CARTESIAN_POINT('Ctrl Pts',(-342.012659652276,20.8629746968333,-0.15446716186997));
#8857=CARTESIAN_POINT('Ctrl Pts',(-342.463956039578,20.8646003764402,0.0365754594855015));
#8858=CARTESIAN_POINT('',(-338.888882203215,20.870470688755,0.381938107824986));
#8859=CARTESIAN_POINT('Ctrl Pts',(-338.888782622225,20.8704903606079,0.381787288106254));
#8860=CARTESIAN_POINT('Ctrl Pts',(-339.096484763571,20.868463779354,0.244384489932311));
#8861=CARTESIAN_POINT('Ctrl Pts',(-339.311605892907,20.8655486941179,0.131878776534722));
#8862=CARTESIAN_POINT('Ctrl Pts',(-339.53524084439,20.8646694534368,0.0371850102785871));
#8863=CARTESIAN_POINT('Ctrl Pts',(-339.535657219688,20.8646678191521,0.0370087920833126));
#8864=CARTESIAN_POINT('Ctrl Pts',(-339.536073641893,20.8646661874113,0.0368326416657227));
#8865=CARTESIAN_POINT('Ctrl Pts',(-338.336294165208,20.869078060635,0.836288852944608));
#8866=CARTESIAN_POINT('Ctrl Pts',(-338.502259524947,20.869078060635,0.670323493205611));
#8867=CARTESIAN_POINT('Ctrl Pts',(-338.690041036491,20.8724267963524,0.513361241277446));
#8868=CARTESIAN_POINT('Ctrl Pts',(-338.88769965486,20.8705009198725,0.382503982015383));
#8869=CARTESIAN_POINT('Ctrl Pts',(-343.309406441176,19.8905989232415,1.19059897539556));
#8870=CARTESIAN_POINT('Ctrl Pts',(-343.374366346679,20.0205187342473,1.12563906989265));
#8871=CARTESIAN_POINT('Ctrl Pts',(-343.433787795249,20.1459177927475,1.06621762132317));
#8872=CARTESIAN_POINT('Ctrl Pts',(-343.548047252811,20.4506030196498,0.951958163761212));
#8873=CARTESIAN_POINT('Ctrl Pts',(-343.602885261803,20.629889188052,0.897120154768732));
#8874=CARTESIAN_POINT('Ctrl Pts',(-343.658219583494,20.8470611715929,0.841785833078343));
#8875=CARTESIAN_POINT('Ctrl Pts',(-343.660981445588,20.8580479483339,0.839023970983771));
#8876=CARTESIAN_POINT('Ctrl Pts',(-343.663716563628,20.8690780606351,0.836288852944376));
#8877=CARTESIAN_POINT('Ctrl Pts',(-343.309406441176,24.5094010767585,1.19059897539556));
#8878=CARTESIAN_POINT('Ctrl Pts',(-343.374366346679,24.5743609822614,1.32051878640139));
#8879=CARTESIAN_POINT('Ctrl Pts',(-343.433787795249,24.6337824308309,1.44591784490156));
#8880=CARTESIAN_POINT('Ctrl Pts',(-343.548047252811,24.7480418883929,1.75060307180391));
#8881=CARTESIAN_POINT('Ctrl Pts',(-343.602885261803,24.8028798973853,1.92988924020607));
#8882=CARTESIAN_POINT('Ctrl Pts',(-343.760524129415,24.9605187649973,2.54857841026555));
#8883=CARTESIAN_POINT('Ctrl Pts',(-343.896340848913,25.0963354844951,3.50000005215407));
#8884=CARTESIAN_POINT('Ctrl Pts',(-343.760524129415,24.9605187649973,4.45142169404259));
#8885=CARTESIAN_POINT('Ctrl Pts',(-343.602885261803,24.8028798973853,5.07011086410206));
#8886=CARTESIAN_POINT('Ctrl Pts',(-343.548047252811,24.7480418883929,5.24939703250422));
#8887=CARTESIAN_POINT('Ctrl Pts',(-343.433787795249,24.6337824308309,5.55408225940656));
#8888=CARTESIAN_POINT('Ctrl Pts',(-343.374366346679,24.5743609822614,5.67948131790675));
#8889=CARTESIAN_POINT('Ctrl Pts',(-343.309406441176,24.5094010767585,5.80940112891257));
#8890=CARTESIAN_POINT('Ctrl Pts',(-343.374366346679,24.3794812657527,1.12563906989265));
#8891=CARTESIAN_POINT('Ctrl Pts',(-343.473396543419,24.4284987191975,1.27150133295656));
#8892=CARTESIAN_POINT('Ctrl Pts',(-343.545057049891,24.4902651669133,1.40659418060413));
#8893=CARTESIAN_POINT('Ctrl Pts',(-343.697597224343,24.5926534402824,1.73914586495095));
#8894=CARTESIAN_POINT('Ctrl Pts',(-343.763446316592,24.6423188425971,1.92988924020607));
#8895=CARTESIAN_POINT('Ctrl Pts',(-343.939920302983,24.7811225914296,2.54857841026554));
#8896=CARTESIAN_POINT('Ctrl Pts',(-344.086342737864,24.9063335955446,3.50000005215407));
#8897=CARTESIAN_POINT('Ctrl Pts',(-343.939920302983,24.7811225914296,4.45142169404259));
#8898=CARTESIAN_POINT('Ctrl Pts',(-343.763446316592,24.6423188425971,5.07011086410206));
#8899=CARTESIAN_POINT('Ctrl Pts',(-343.697597224343,24.5926534402823,5.26085423935718));
#8900=CARTESIAN_POINT('Ctrl Pts',(-343.545057049891,24.4902651669133,5.593405923704));
#8901=CARTESIAN_POINT('Ctrl Pts',(-343.473396543419,24.4284987191975,5.72849877135157));
#8902=CARTESIAN_POINT('Ctrl Pts',(-343.374366346679,24.3794812657527,5.87436103441548));
#8903=CARTESIAN_POINT('Ctrl Pts',(-343.433787795249,24.2540822072525,1.06621762132317));
#8904=CARTESIAN_POINT('Ctrl Pts',(-343.545057049891,24.2934058715499,1.20973488524078));
#8905=CARTESIAN_POINT('Ctrl Pts',(-343.646184908938,24.3328667090141,1.36713334313998));
#8906=CARTESIAN_POINT('Ctrl Pts',(-343.826590888374,24.4182838438789,1.71927480777307));
#8907=CARTESIAN_POINT('Ctrl Pts',(-343.904771783906,24.4635723064741,1.91399207339531));
#8908=CARTESIAN_POINT('Ctrl Pts',(-344.100323830232,24.5827337715437,2.54274129414264));
#8909=CARTESIAN_POINT('Ctrl Pts',(-344.25708485128,24.6970719310601,3.50000005215407));
#8910=CARTESIAN_POINT('Ctrl Pts',(-344.100323830232,24.5827337715437,4.45725881016549));
#8911=CARTESIAN_POINT('Ctrl Pts',(-343.904771783906,24.4635723064741,5.08600803091282));
#8912=CARTESIAN_POINT('Ctrl Pts',(-343.826590888374,24.4182838438789,5.28072529653506));
#8913=CARTESIAN_POINT('Ctrl Pts',(-343.646184908938,24.3328667090141,5.63286676116815));
#8914=CARTESIAN_POINT('Ctrl Pts',(-343.545057049891,24.2934058715499,5.79026521906735));
#8915=CARTESIAN_POINT('Ctrl Pts',(-343.433787795249,24.2540822072525,5.93378248298496));
#8916=CARTESIAN_POINT('Ctrl Pts',(-343.548047252811,23.9493969803502,0.951958163761212));
#8917=CARTESIAN_POINT('Ctrl Pts',(-343.697597224343,23.9608541872031,1.10734661187172));
#8918=CARTESIAN_POINT('Ctrl Pts',(-343.826590888374,23.980725244381,1.28171620827519));
#8919=CARTESIAN_POINT('Ctrl Pts',(-344.05184424118,24.0362499933211,1.66375005883292));
#8920=CARTESIAN_POINT('Ctrl Pts',(-344.146480287213,24.0689730682709,1.86967917894825));
#8921=CARTESIAN_POINT('Ctrl Pts',(-344.379713716717,24.1574671622944,2.52522994577393));
#8922=CARTESIAN_POINT('Ctrl Pts',(-344.55555906646,24.24965893879,3.50000005215407));
#8923=CARTESIAN_POINT('Ctrl Pts',(-344.379713716717,24.1574671622944,4.4747701585342));
#8924=CARTESIAN_POINT('Ctrl Pts',(-344.146480287213,24.0689730682709,5.13032092535989));
#8925=CARTESIAN_POINT('Ctrl Pts',(-344.05184424118,24.0362499933212,5.33625004547521));
#8926=CARTESIAN_POINT('Ctrl Pts',(-343.826590888374,23.980725244381,5.71828389603294));
#8927=CARTESIAN_POINT('Ctrl Pts',(-343.697597224343,23.9608541872031,5.89265349243641));
#8928=CARTESIAN_POINT('Ctrl Pts',(-343.548047252811,23.9493969803502,6.04804194054692));
#8929=CARTESIAN_POINT('Ctrl Pts',(-343.602885261803,23.770110811948,0.897120154768733));
#8930=CARTESIAN_POINT('Ctrl Pts',(-343.763446316592,23.770110811948,1.05768120955697));
#8931=CARTESIAN_POINT('Ctrl Pts',(-343.904771783906,23.7860079787588,1.23642774567995));
#8932=CARTESIAN_POINT('Ctrl Pts',(-344.146480287213,23.8303208732058,1.63102698388315));
#8933=CARTESIAN_POINT('Ctrl Pts',(-344.247916158971,23.8564818725962,1.84351817955785));
#8934=CARTESIAN_POINT('Ctrl Pts',(-344.498700075952,23.930589372931,2.51355571352813));
#8935=CARTESIAN_POINT('Ctrl Pts',(-344.683291168224,24.0115076110044,3.50000005215406));
#8936=CARTESIAN_POINT('Ctrl Pts',(-344.498700075952,23.930589372931,4.48644439078));
#8937=CARTESIAN_POINT('Ctrl Pts',(-344.247916158971,23.8564818725962,5.15648192475028));
#8938=CARTESIAN_POINT('Ctrl Pts',(-344.146480287213,23.8303208732058,5.36897312042498));
#8939=CARTESIAN_POINT('Ctrl Pts',(-343.904771783906,23.7860079787588,5.76357235862818));
#8940=CARTESIAN_POINT('Ctrl Pts',(-343.763446316592,23.770110811948,5.94231889475116));
#8941=CARTESIAN_POINT('Ctrl Pts',(-343.602885261804,23.770110811948,6.1028799495394));
#8942=CARTESIAN_POINT('Ctrl Pts',(-343.760524129415,23.1514216418885,0.73948128715679));
#8943=CARTESIAN_POINT('Ctrl Pts',(-343.939920302983,23.1514216418885,0.918877460724431));
#8944=CARTESIAN_POINT('Ctrl Pts',(-344.100323830232,23.1572587580114,1.11726628061037));
#8945=CARTESIAN_POINT('Ctrl Pts',(-344.379713716717,23.1747701063801,1.5425328898597));
#8946=CARTESIAN_POINT('Ctrl Pts',(-344.498700075952,23.1864443386259,1.76941067922309));
#8947=CARTESIAN_POINT('Ctrl Pts',(-344.788385588569,23.2214670353634,2.47853301679071));
#8948=CARTESIAN_POINT('Ctrl Pts',(-344.995236765158,23.2681639643466,3.50000005215407));
#8949=CARTESIAN_POINT('Ctrl Pts',(-344.788385588569,23.2214670353634,4.52146708751742));
#8950=CARTESIAN_POINT('Ctrl Pts',(-344.498700075952,23.1864443386259,5.23058942508504));
#8951=CARTESIAN_POINT('Ctrl Pts',(-344.379713716717,23.1747701063801,5.45746721444843));
#8952=CARTESIAN_POINT('Ctrl Pts',(-344.100323830232,23.1572587580114,5.88273382369776));
#8953=CARTESIAN_POINT('Ctrl Pts',(-343.939920302983,23.1514216418885,6.0811226435837));
#8954=CARTESIAN_POINT('Ctrl Pts',(-343.760524129415,23.1514216418885,6.26051881715134));
#8955=CARTESIAN_POINT('Ctrl Pts',(-343.896340848913,22.2,0.603664567658956));
#8956=CARTESIAN_POINT('Ctrl Pts',(-344.086342737864,22.2,0.793666456609444));
#8957=CARTESIAN_POINT('Ctrl Pts',(-344.25708485128,22.2,1.00292812109397));
#8958=CARTESIAN_POINT('Ctrl Pts',(-344.55555906646,22.2,1.45034111336408));
#8959=CARTESIAN_POINT('Ctrl Pts',(-344.683291168224,22.2,1.68849244114967));
#8960=CARTESIAN_POINT('Ctrl Pts',(-344.995236765158,22.2,2.43183608780749));
#8961=CARTESIAN_POINT('Ctrl Pts',(-345.221162338787,22.2,3.50000005215407));
#8962=CARTESIAN_POINT('Ctrl Pts',(-344.995236765158,22.2,4.56816401650064));
#8963=CARTESIAN_POINT('Ctrl Pts',(-344.683291168224,22.2,5.31150766315846));
#8964=CARTESIAN_POINT('Ctrl Pts',(-344.55555906646,22.2,5.54965899094405));
#8965=CARTESIAN_POINT('Ctrl Pts',(-344.25708485128,22.2,5.99707198321416));
#8966=CARTESIAN_POINT('Ctrl Pts',(-344.086342737864,22.2,6.20633364769869));
#8967=CARTESIAN_POINT('Ctrl Pts',(-343.896340848913,22.2,6.39633553664918));
#8968=CARTESIAN_POINT('Ctrl Pts',(-343.760524129415,21.2485783581115,0.73948128715679));
#8969=CARTESIAN_POINT('Ctrl Pts',(-343.939920302983,21.2485783581115,0.918877460724431));
#8970=CARTESIAN_POINT('Ctrl Pts',(-344.100323830232,21.2427412419886,1.11726628061037));
#8971=CARTESIAN_POINT('Ctrl Pts',(-344.379713716717,21.2252298936199,1.5425328898597));
#8972=CARTESIAN_POINT('Ctrl Pts',(-344.498700075952,21.2135556613741,1.76941067922309));
#8973=CARTESIAN_POINT('Ctrl Pts',(-344.788385588569,21.1785329646366,2.47853301679071));
#8974=CARTESIAN_POINT('Ctrl Pts',(-344.995236765158,21.1318360356534,3.50000005215407));
#8975=CARTESIAN_POINT('Ctrl Pts',(-344.788385588569,21.1785329646366,4.52146708751742));
#8976=CARTESIAN_POINT('Ctrl Pts',(-344.498700075952,21.2135556613741,5.23058942508504));
#8977=CARTESIAN_POINT('Ctrl Pts',(-344.379713716717,21.2252298936199,5.45746721444843));
#8978=CARTESIAN_POINT('Ctrl Pts',(-344.100323830232,21.2427412419886,5.88273382369776));
#8979=CARTESIAN_POINT('Ctrl Pts',(-343.939920302983,21.2485783581115,6.0811226435837));
#8980=CARTESIAN_POINT('Ctrl Pts',(-343.760524129415,21.2485783581115,6.26051881715134));
#8981=CARTESIAN_POINT('Ctrl Pts',(-343.602885261803,20.629889188052,0.897120154768732));
#8982=CARTESIAN_POINT('Ctrl Pts',(-343.763446316592,20.629889188052,1.05768120955697));
#8983=CARTESIAN_POINT('Ctrl Pts',(-343.904771783906,20.6139920212412,1.23642774567995));
#8984=CARTESIAN_POINT('Ctrl Pts',(-344.146480287213,20.5696791267942,1.63102698388315));
#8985=CARTESIAN_POINT('Ctrl Pts',(-344.247916158971,20.5435181274038,1.84351817955785));
#8986=CARTESIAN_POINT('Ctrl Pts',(-344.498700075952,20.469410627069,2.51355571352813));
#8987=CARTESIAN_POINT('Ctrl Pts',(-344.683291168223,20.3884923889956,3.50000005215407));
#8988=CARTESIAN_POINT('Ctrl Pts',(-344.498700075952,20.469410627069,4.48644439078));
#8989=CARTESIAN_POINT('Ctrl Pts',(-344.247916158971,20.5435181274038,5.15648192475028));
#8990=CARTESIAN_POINT('Ctrl Pts',(-344.146480287213,20.5696791267942,5.36897312042498));
#8991=CARTESIAN_POINT('Ctrl Pts',(-343.904771783906,20.6139920212412,5.76357235862818));
#8992=CARTESIAN_POINT('Ctrl Pts',(-343.763446316592,20.629889188052,5.94231889475116));
#8993=CARTESIAN_POINT('Ctrl Pts',(-343.602885261803,20.629889188052,6.1028799495394));
#8994=CARTESIAN_POINT('Ctrl Pts',(-343.548047252811,20.4506030196498,0.951958163761212));
#8995=CARTESIAN_POINT('Ctrl Pts',(-343.697597224343,20.4391458127969,1.10734661187172));
#8996=CARTESIAN_POINT('Ctrl Pts',(-343.826590888374,20.419274755619,1.28171620827519));
#8997=CARTESIAN_POINT('Ctrl Pts',(-344.05184424118,20.3637500066789,1.66375005883292));
#8998=CARTESIAN_POINT('Ctrl Pts',(-344.146480287213,20.3310269317291,1.86967917894824));
#8999=CARTESIAN_POINT('Ctrl Pts',(-344.379713716717,20.2425328377056,2.52522994577393));
#9000=CARTESIAN_POINT('Ctrl Pts',(-344.55555906646,20.15034106121,3.50000005215407));
#9001=CARTESIAN_POINT('Ctrl Pts',(-344.379713716717,20.2425328377056,4.4747701585342));
#9002=CARTESIAN_POINT('Ctrl Pts',(-344.146480287213,20.3310269317291,5.13032092535988));
#9003=CARTESIAN_POINT('Ctrl Pts',(-344.05184424118,20.3637500066789,5.33625004547521));
#9004=CARTESIAN_POINT('Ctrl Pts',(-343.826590888374,20.419274755619,5.71828389603294));
#9005=CARTESIAN_POINT('Ctrl Pts',(-343.697597224343,20.4391458127969,5.89265349243641));
#9006=CARTESIAN_POINT('Ctrl Pts',(-343.548047252811,20.4506030196498,6.04804194054692));
#9007=CARTESIAN_POINT('Ctrl Pts',(-343.433787795249,20.1459177927475,1.06621762132317));
#9008=CARTESIAN_POINT('Ctrl Pts',(-343.545057049891,20.1065941284501,1.20973488524078));
#9009=CARTESIAN_POINT('Ctrl Pts',(-343.646184908937,20.0671332909859,1.36713334313998));
#9010=CARTESIAN_POINT('Ctrl Pts',(-343.826590888374,19.9817161561211,1.71927480777307));
#9011=CARTESIAN_POINT('Ctrl Pts',(-343.904771783906,19.9364276935259,1.91399207339531));
#9012=CARTESIAN_POINT('Ctrl Pts',(-344.100323830232,19.8172662284563,2.54274129414264));
#9013=CARTESIAN_POINT('Ctrl Pts',(-344.25708485128,19.7029280689399,3.50000005215407));
#9014=CARTESIAN_POINT('Ctrl Pts',(-344.100323830232,19.8172662284563,4.45725881016549));
#9015=CARTESIAN_POINT('Ctrl Pts',(-343.904771783906,19.9364276935259,5.08600803091282));
#9016=CARTESIAN_POINT('Ctrl Pts',(-343.826590888374,19.9817161561211,5.28072529653506));
#9017=CARTESIAN_POINT('Ctrl Pts',(-343.646184908937,20.0671332909859,5.63286676116815));
#9018=CARTESIAN_POINT('Ctrl Pts',(-343.545057049891,20.1065941284501,5.79026521906735));
#9019=CARTESIAN_POINT('Ctrl Pts',(-343.433787795249,20.1459177927475,5.93378248298496));
#9020=CARTESIAN_POINT('Ctrl Pts',(-343.374366346679,20.0205187342473,1.12563906989265));
#9021=CARTESIAN_POINT('Ctrl Pts',(-343.473396543419,19.9715012808025,1.27150133295656));
#9022=CARTESIAN_POINT('Ctrl Pts',(-343.545057049891,19.9097348330867,1.40659418060413));
#9023=CARTESIAN_POINT('Ctrl Pts',(-343.697597224343,19.8073465597177,1.73914586495095));
#9024=CARTESIAN_POINT('Ctrl Pts',(-343.763446316592,19.7576811574029,1.92988924020607));
#9025=CARTESIAN_POINT('Ctrl Pts',(-343.939920302983,19.6188774085704,2.54857841026554));
#9026=CARTESIAN_POINT('Ctrl Pts',(-344.086342737864,19.4936664044554,3.50000005215407));
#9027=CARTESIAN_POINT('Ctrl Pts',(-343.939920302983,19.6188774085704,4.45142169404259));
#9028=CARTESIAN_POINT('Ctrl Pts',(-343.763446316592,19.7576811574029,5.07011086410206));
#9029=CARTESIAN_POINT('Ctrl Pts',(-343.697597224343,19.8073465597177,5.26085423935718));
#9030=CARTESIAN_POINT('Ctrl Pts',(-343.545057049891,19.9097348330867,5.593405923704));
#9031=CARTESIAN_POINT('Ctrl Pts',(-343.473396543419,19.9715012808025,5.72849877135157));
#9032=CARTESIAN_POINT('Ctrl Pts',(-343.374366346679,20.0205187342473,5.87436103441548));
#9033=CARTESIAN_POINT('Ctrl Pts',(-343.309406441176,19.8905989232415,1.19059897539556));
#9034=CARTESIAN_POINT('Ctrl Pts',(-343.374366346679,19.8256390177386,1.32051878640139));
#9035=CARTESIAN_POINT('Ctrl Pts',(-343.433787795249,19.7662175691691,1.44591784490156));
#9036=CARTESIAN_POINT('Ctrl Pts',(-343.548047252811,19.6519581116072,1.75060307180391));
#9037=CARTESIAN_POINT('Ctrl Pts',(-343.602885261803,19.5971201026147,1.92988924020607));
#9038=CARTESIAN_POINT('Ctrl Pts',(-343.760524129415,19.4394812350027,2.54857841026554));
#9039=CARTESIAN_POINT('Ctrl Pts',(-343.896340848913,19.3036645155049,3.50000005215407));
#9040=CARTESIAN_POINT('Ctrl Pts',(-343.760524129415,19.4394812350027,4.45142169404259));
#9041=CARTESIAN_POINT('Ctrl Pts',(-343.602885261803,19.5971201026147,5.07011086410206));
#9042=CARTESIAN_POINT('Ctrl Pts',(-343.548047252811,19.6519581116071,5.24939703250422));
#9043=CARTESIAN_POINT('Ctrl Pts',(-343.433787795249,19.7662175691691,5.55408225940656));
#9044=CARTESIAN_POINT('Ctrl Pts',(-343.374366346679,19.8256390177386,5.67948131790674));
#9045=CARTESIAN_POINT('Ctrl Pts',(-343.309406441176,19.8905989232415,5.80940112891257));
#9046=CARTESIAN_POINT('',(-344.118067308747,20.8704706887549,5.61112321335731));
#9047=CARTESIAN_POINT('',(-343.663716563628,20.8690780606353,6.16371125136382));
#9048=CARTESIAN_POINT('Ctrl Pts',(-344.117952417353,20.870454394181,5.61155297305743));
#9049=CARTESIAN_POINT('Ctrl Pts',(-343.985705157339,20.8725148702339,5.81135087577862));
#9050=CARTESIAN_POINT('Ctrl Pts',(-343.829817870181,20.8690780606354,5.99760994481046));
#9051=CARTESIAN_POINT('Ctrl Pts',(-343.663716563628,20.8690780606353,6.16371125136383));
#9052=CARTESIAN_POINT('',(-344.462941910919,20.8647342645725,4.9638338503334));
#9053=CARTESIAN_POINT('Ctrl Pts',(-344.463397610652,20.8646006518839,4.96402724846848));
#9054=CARTESIAN_POINT('Ctrl Pts',(-344.368952150301,20.8654047757384,5.18712248275454));
#9055=CARTESIAN_POINT('Ctrl Pts',(-344.256875004635,20.8682886403958,5.40161953985628));
#9056=CARTESIAN_POINT('Ctrl Pts',(-344.118185109469,20.8704507676586,5.61120138168837));
#9057=CARTESIAN_POINT('',(-344.46294191092,20.8647342645725,2.03616625397475));
#9058=CARTESIAN_POINT('Ctrl Pts',(-344.462644128713,20.8646710950073,2.03481917626848));
#9059=CARTESIAN_POINT('Ctrl Pts',(-344.653790779166,20.8628962834538,2.48624352687022));
#9060=CARTESIAN_POINT('Ctrl Pts',(-344.876705147397,20.8653354645291,3.49919493302857));
#9061=CARTESIAN_POINT('Ctrl Pts',(-344.654472651289,20.8629747014653,4.51265428306058));
#9062=CARTESIAN_POINT('Ctrl Pts',(-344.463430023481,20.8646003759916,4.96395068222679));
#9063=CARTESIAN_POINT('',(-344.118067308747,20.8704706887549,1.38887689095084));
#9064=CARTESIAN_POINT('Ctrl Pts',(-344.11821813996,20.8704903616288,1.3887773023652));
#9065=CARTESIAN_POINT('Ctrl Pts',(-344.255620930591,20.8684637816674,1.59647942848882));
#9066=CARTESIAN_POINT('Ctrl Pts',(-344.368126640941,20.865548697251,1.81160053530978));
#9067=CARTESIAN_POINT('Ctrl Pts',(-344.462820417532,20.8646694581519,2.03523551139945));
#9068=CARTESIAN_POINT('Ctrl Pts',(-344.462996638597,20.8646678238437,2.03565189348064));
#9069=CARTESIAN_POINT('Ctrl Pts',(-344.463172791881,20.8646661920796,2.03606832246887));
#9070=CARTESIAN_POINT('Ctrl Pts',(-343.663716563628,20.8690780606351,0.836288852944354));
#9071=CARTESIAN_POINT('Ctrl Pts',(-343.829681923368,20.8690780606352,1.00225421268499));
#9072=CARTESIAN_POINT('Ctrl Pts',(-343.986644174452,20.8724267963434,1.19003570445532));
#9073=CARTESIAN_POINT('Ctrl Pts',(-344.117501432421,20.8705009210879,1.38769431443231));
#9074=CARTESIAN_POINT('Ctrl Pts',(-343.309406441176,19.8905989232415,5.80940112891257));
#9075=CARTESIAN_POINT('Ctrl Pts',(-343.374366346679,20.0205187342473,5.87436103441548));
#9076=CARTESIAN_POINT('Ctrl Pts',(-343.433787795249,20.1459177927475,5.93378248298496));
#9077=CARTESIAN_POINT('Ctrl Pts',(-343.548047252811,20.4506030196498,6.04804194054692));
#9078=CARTESIAN_POINT('Ctrl Pts',(-343.602885261803,20.629889188052,6.1028799495394));
#9079=CARTESIAN_POINT('Ctrl Pts',(-343.658219583494,20.847061171593,6.15821427122981));
#9080=CARTESIAN_POINT('Ctrl Pts',(-343.660981445588,20.8580479483341,6.1609761333244));
#9081=CARTESIAN_POINT('Ctrl Pts',(-343.663716563628,20.8690780606353,6.16371125136382));
#9082=CARTESIAN_POINT('Ctrl Pts',(-343.309406441176,19.8905989232415,5.80940112891257));
#9083=CARTESIAN_POINT('Ctrl Pts',(-343.374366346679,20.0205187342473,5.87436103441548));
#9084=CARTESIAN_POINT('Ctrl Pts',(-343.433787795249,20.1459177927475,5.93378248298496));
#9085=CARTESIAN_POINT('Ctrl Pts',(-343.548047252811,20.4506030196498,6.04804194054692));
#9086=CARTESIAN_POINT('Ctrl Pts',(-343.602885261803,20.629889188052,6.1028799495394));
#9087=CARTESIAN_POINT('Ctrl Pts',(-343.760524129415,21.2485783581115,6.26051881715134));
#9088=CARTESIAN_POINT('Ctrl Pts',(-343.896340848913,22.2,6.39633553664918));
#9089=CARTESIAN_POINT('Ctrl Pts',(-343.760524129415,23.1514216418885,6.26051881715134));
#9090=CARTESIAN_POINT('Ctrl Pts',(-343.602885261804,23.770110811948,6.1028799495394));
#9091=CARTESIAN_POINT('Ctrl Pts',(-343.548047252811,23.9493969803502,6.04804194054692));
#9092=CARTESIAN_POINT('Ctrl Pts',(-343.433787795249,24.2540822072525,5.93378248298496));
#9093=CARTESIAN_POINT('Ctrl Pts',(-343.374366346679,24.3794812657527,5.87436103441548));
#9094=CARTESIAN_POINT('Ctrl Pts',(-343.309406441176,24.5094010767585,5.80940112891257));
#9095=CARTESIAN_POINT('Ctrl Pts',(-343.179486630171,19.8256390177386,5.87436103441548));
#9096=CARTESIAN_POINT('Ctrl Pts',(-343.228504083615,19.9715012808025,5.97339123115497));
#9097=CARTESIAN_POINT('Ctrl Pts',(-343.290270531331,20.1065941284501,6.04505173762681));
#9098=CARTESIAN_POINT('Ctrl Pts',(-343.3926588047,20.4391458127969,6.19759191207921));
#9099=CARTESIAN_POINT('Ctrl Pts',(-343.442324207015,20.629889188052,6.26344100432764));
#9100=CARTESIAN_POINT('Ctrl Pts',(-343.581127955848,21.2485783581115,6.43991499071898));
#9101=CARTESIAN_POINT('Ctrl Pts',(-343.706338959963,22.2,6.58633742559966));
#9102=CARTESIAN_POINT('Ctrl Pts',(-343.581127955848,23.1514216418885,6.43991499071898));
#9103=CARTESIAN_POINT('Ctrl Pts',(-343.442324207015,23.770110811948,6.26344100432764));
#9104=CARTESIAN_POINT('Ctrl Pts',(-343.392658804701,23.9608541872031,6.19759191207921));
#9105=CARTESIAN_POINT('Ctrl Pts',(-343.290270531331,24.2934058715499,6.04505173762681));
#9106=CARTESIAN_POINT('Ctrl Pts',(-343.228504083615,24.4284987191975,5.97339123115497));
#9107=CARTESIAN_POINT('Ctrl Pts',(-343.179486630171,24.5743609822614,5.87436103441548));
#9108=CARTESIAN_POINT('Ctrl Pts',(-343.05408757167,19.7662175691691,5.93378248298496));
#9109=CARTESIAN_POINT('Ctrl Pts',(-343.093411235968,19.9097348330867,6.04505173762681));
#9110=CARTESIAN_POINT('Ctrl Pts',(-343.132872073432,20.0671332909859,6.14617959667355));
#9111=CARTESIAN_POINT('Ctrl Pts',(-343.218289208297,20.419274755619,6.3265855761103));
#9112=CARTESIAN_POINT('Ctrl Pts',(-343.263577670892,20.6139920212412,6.40476647164232));
#9113=CARTESIAN_POINT('Ctrl Pts',(-343.382739135962,21.2427412419886,6.60031851796832));
#9114=CARTESIAN_POINT('Ctrl Pts',(-343.497077295478,22.2,6.75707953901611));
#9115=CARTESIAN_POINT('Ctrl Pts',(-343.382739135962,23.1572587580114,6.60031851796832));
#9116=CARTESIAN_POINT('Ctrl Pts',(-343.263577670892,23.7860079787588,6.40476647164233));
#9117=CARTESIAN_POINT('Ctrl Pts',(-343.218289208297,23.980725244381,6.3265855761103));
#9118=CARTESIAN_POINT('Ctrl Pts',(-343.132872073432,24.3328667090141,6.14617959667355));
#9119=CARTESIAN_POINT('Ctrl Pts',(-343.093411235968,24.4902651669133,6.04505173762681));
#9120=CARTESIAN_POINT('Ctrl Pts',(-343.05408757167,24.6337824308309,5.93378248298496));
#9121=CARTESIAN_POINT('Ctrl Pts',(-342.749402344768,19.6519581116072,6.04804194054692));
#9122=CARTESIAN_POINT('Ctrl Pts',(-342.760859551621,19.8073465597177,6.19759191207921));
#9123=CARTESIAN_POINT('Ctrl Pts',(-342.780730608799,19.9817161561211,6.3265855761103));
#9124=CARTESIAN_POINT('Ctrl Pts',(-342.836255357739,20.3637500066789,6.55183892891561));
#9125=CARTESIAN_POINT('Ctrl Pts',(-342.868978432689,20.5696791267942,6.64647497494937));
#9126=CARTESIAN_POINT('Ctrl Pts',(-342.957472526712,21.2252298936199,6.87970840445275));
#9127=CARTESIAN_POINT('Ctrl Pts',(-343.049664303208,22.2,7.05555375419616));
#9128=CARTESIAN_POINT('Ctrl Pts',(-342.957472526712,23.1747701063801,6.87970840445275));
#9129=CARTESIAN_POINT('Ctrl Pts',(-342.868978432689,23.8303208732058,6.64647497494937));
#9130=CARTESIAN_POINT('Ctrl Pts',(-342.836255357739,24.0362499933211,6.55183892891561));
#9131=CARTESIAN_POINT('Ctrl Pts',(-342.780730608799,24.4182838438789,6.3265855761103));
#9132=CARTESIAN_POINT('Ctrl Pts',(-342.760859551621,24.5926534402823,6.1975919120792));
#9133=CARTESIAN_POINT('Ctrl Pts',(-342.749402344768,24.7480418883929,6.04804194054691));
#9134=CARTESIAN_POINT('Ctrl Pts',(-342.570116176366,19.5971201026147,6.10287994953939));
#9135=CARTESIAN_POINT('Ctrl Pts',(-342.570116176366,19.7576811574029,6.26344100432764));
#9136=CARTESIAN_POINT('Ctrl Pts',(-342.586013343177,19.9364276935259,6.40476647164232));
#9137=CARTESIAN_POINT('Ctrl Pts',(-342.630326237624,20.3310269317291,6.64647497494937));
#9138=CARTESIAN_POINT('Ctrl Pts',(-342.656487237014,20.5435181274038,6.74791084670669));
#9139=CARTESIAN_POINT('Ctrl Pts',(-342.730594737349,21.2135556613741,6.99869476368784));
#9140=CARTESIAN_POINT('Ctrl Pts',(-342.811512975422,22.2,7.18328585595976));
#9141=CARTESIAN_POINT('Ctrl Pts',(-342.730594737349,23.1864443386259,6.99869476368783));
#9142=CARTESIAN_POINT('Ctrl Pts',(-342.656487237014,23.8564818725962,6.74791084670669));
#9143=CARTESIAN_POINT('Ctrl Pts',(-342.630326237624,24.0689730682709,6.64647497494937));
#9144=CARTESIAN_POINT('Ctrl Pts',(-342.586013343177,24.4635723064741,6.40476647164232));
#9145=CARTESIAN_POINT('Ctrl Pts',(-342.570116176366,24.6423188425971,6.26344100432764));
#9146=CARTESIAN_POINT('Ctrl Pts',(-342.570116176366,24.8028798973853,6.10287994953939));
#9147=CARTESIAN_POINT('Ctrl Pts',(-341.951427006306,19.4394812350027,6.26051881715133));
#9148=CARTESIAN_POINT('Ctrl Pts',(-341.951427006306,19.6188774085704,6.43991499071897));
#9149=CARTESIAN_POINT('Ctrl Pts',(-341.957264122429,19.8172662284563,6.60031851796832));
#9150=CARTESIAN_POINT('Ctrl Pts',(-341.974775470798,20.2425328377056,6.87970840445275));
#9151=CARTESIAN_POINT('Ctrl Pts',(-341.986449703044,20.469410627069,6.99869476368783));
#9152=CARTESIAN_POINT('Ctrl Pts',(-342.021472399781,21.1785329646366,7.28838027630523));
#9153=CARTESIAN_POINT('Ctrl Pts',(-342.068169328765,22.2,7.49523145289412));
#9154=CARTESIAN_POINT('Ctrl Pts',(-342.021472399781,23.2214670353634,7.28838027630523));
#9155=CARTESIAN_POINT('Ctrl Pts',(-341.986449703044,23.930589372931,6.99869476368783));
#9156=CARTESIAN_POINT('Ctrl Pts',(-341.974775470798,24.1574671622944,6.87970840445275));
#9157=CARTESIAN_POINT('Ctrl Pts',(-341.957264122429,24.5827337715437,6.60031851796832));
#9158=CARTESIAN_POINT('Ctrl Pts',(-341.951427006307,24.7811225914296,6.43991499071898));
#9159=CARTESIAN_POINT('Ctrl Pts',(-341.951427006307,24.9605187649973,6.26051881715133));
#9160=CARTESIAN_POINT('Ctrl Pts',(-341.000005364418,19.3036645155049,6.39633553664917));
#9161=CARTESIAN_POINT('Ctrl Pts',(-341.000005364418,19.4936664044554,6.58633742559965));
#9162=CARTESIAN_POINT('Ctrl Pts',(-341.000005364418,19.7029280689399,6.7570795390161));
#9163=CARTESIAN_POINT('Ctrl Pts',(-341.000005364418,20.15034106121,7.05555375419615));
#9164=CARTESIAN_POINT('Ctrl Pts',(-341.000005364418,20.3884923889956,7.18328585595975));
#9165=CARTESIAN_POINT('Ctrl Pts',(-341.000005364418,21.1318360356534,7.49523145289411));
#9166=CARTESIAN_POINT('Ctrl Pts',(-341.000005364418,22.2,7.72115702652278));
#9167=CARTESIAN_POINT('Ctrl Pts',(-341.000005364418,23.2681639643466,7.49523145289411));
#9168=CARTESIAN_POINT('Ctrl Pts',(-341.000005364418,24.0115076110044,7.18328585595975));
#9169=CARTESIAN_POINT('Ctrl Pts',(-341.000005364418,24.24965893879,7.05555375419615));
#9170=CARTESIAN_POINT('Ctrl Pts',(-341.000005364418,24.6970719310601,6.7570795390161));
#9171=CARTESIAN_POINT('Ctrl Pts',(-341.000005364418,24.9063335955446,6.58633742559966));
#9172=CARTESIAN_POINT('Ctrl Pts',(-341.000005364418,25.0963354844951,6.39633553664917));
#9173=CARTESIAN_POINT('Ctrl Pts',(-340.048583722529,19.4394812350027,6.26051881715133));
#9174=CARTESIAN_POINT('Ctrl Pts',(-340.04858372253,19.6188774085704,6.43991499071898));
#9175=CARTESIAN_POINT('Ctrl Pts',(-340.042746606407,19.8172662284563,6.60031851796832));
#9176=CARTESIAN_POINT('Ctrl Pts',(-340.025235258038,20.2425328377056,6.87970840445274));
#9177=CARTESIAN_POINT('Ctrl Pts',(-340.013561025792,20.469410627069,6.99869476368783));
#9178=CARTESIAN_POINT('Ctrl Pts',(-339.978538329055,21.1785329646366,7.28838027630523));
#9179=CARTESIAN_POINT('Ctrl Pts',(-339.931841400071,22.2,7.49523145289411));
#9180=CARTESIAN_POINT('Ctrl Pts',(-339.978538329055,23.2214670353634,7.28838027630523));
#9181=CARTESIAN_POINT('Ctrl Pts',(-340.013561025792,23.930589372931,6.99869476368783));
#9182=CARTESIAN_POINT('Ctrl Pts',(-340.025235258038,24.1574671622944,6.87970840445274));
#9183=CARTESIAN_POINT('Ctrl Pts',(-340.042746606406,24.5827337715437,6.60031851796832));
#9184=CARTESIAN_POINT('Ctrl Pts',(-340.048583722529,24.7811225914296,6.43991499071897));
#9185=CARTESIAN_POINT('Ctrl Pts',(-340.048583722529,24.9605187649973,6.26051881715133));
#9186=CARTESIAN_POINT('Ctrl Pts',(-339.42989455247,19.5971201026147,6.10287994953939));
#9187=CARTESIAN_POINT('Ctrl Pts',(-339.42989455247,19.7576811574029,6.26344100432764));
#9188=CARTESIAN_POINT('Ctrl Pts',(-339.413997385659,19.9364276935259,6.40476647164232));
#9189=CARTESIAN_POINT('Ctrl Pts',(-339.369684491212,20.3310269317291,6.64647497494937));
#9190=CARTESIAN_POINT('Ctrl Pts',(-339.343523491822,20.5435181274038,6.74791084670669));
#9191=CARTESIAN_POINT('Ctrl Pts',(-339.269415991487,21.2135556613741,6.99869476368784));
#9192=CARTESIAN_POINT('Ctrl Pts',(-339.188497753413,22.2,7.18328585595975));
#9193=CARTESIAN_POINT('Ctrl Pts',(-339.269415991487,23.1864443386259,6.99869476368783));
#9194=CARTESIAN_POINT('Ctrl Pts',(-339.343523491822,23.8564818725962,6.74791084670669));
#9195=CARTESIAN_POINT('Ctrl Pts',(-339.369684491212,24.0689730682709,6.64647497494937));
#9196=CARTESIAN_POINT('Ctrl Pts',(-339.413997385659,24.4635723064741,6.40476647164232));
#9197=CARTESIAN_POINT('Ctrl Pts',(-339.42989455247,24.6423188425971,6.26344100432764));
#9198=CARTESIAN_POINT('Ctrl Pts',(-339.42989455247,24.8028798973853,6.10287994953939));
#9199=CARTESIAN_POINT('Ctrl Pts',(-339.250608384068,19.6519581116072,6.04804194054691));
#9200=CARTESIAN_POINT('Ctrl Pts',(-339.239151177215,19.8073465597177,6.19759191207921));
#9201=CARTESIAN_POINT('Ctrl Pts',(-339.219280120037,19.9817161561211,6.3265855761103));
#9202=CARTESIAN_POINT('Ctrl Pts',(-339.163755371097,20.3637500066789,6.55183892891561));
#9203=CARTESIAN_POINT('Ctrl Pts',(-339.131032296147,20.5696791267942,6.64647497494937));
#9204=CARTESIAN_POINT('Ctrl Pts',(-339.042538202124,21.2252298936199,6.87970840445275));
#9205=CARTESIAN_POINT('Ctrl Pts',(-338.950346425628,22.2,7.05555375419616));
#9206=CARTESIAN_POINT('Ctrl Pts',(-339.042538202124,23.1747701063801,6.87970840445275));
#9207=CARTESIAN_POINT('Ctrl Pts',(-339.131032296147,23.8303208732058,6.64647497494937));
#9208=CARTESIAN_POINT('Ctrl Pts',(-339.163755371097,24.0362499933211,6.55183892891561));
#9209=CARTESIAN_POINT('Ctrl Pts',(-339.219280120037,24.4182838438789,6.3265855761103));
#9210=CARTESIAN_POINT('Ctrl Pts',(-339.239151177215,24.5926534402823,6.1975919120792));
#9211=CARTESIAN_POINT('Ctrl Pts',(-339.250608384068,24.7480418883929,6.04804194054692));
#9212=CARTESIAN_POINT('Ctrl Pts',(-338.945923157165,19.7662175691691,5.93378248298496));
#9213=CARTESIAN_POINT('Ctrl Pts',(-338.906599492868,19.9097348330867,6.0450517376268));
#9214=CARTESIAN_POINT('Ctrl Pts',(-338.867138655404,20.0671332909859,6.14617959667355));
#9215=CARTESIAN_POINT('Ctrl Pts',(-338.781721520539,20.419274755619,6.3265855761103));
#9216=CARTESIAN_POINT('Ctrl Pts',(-338.736433057944,20.6139920212412,6.40476647164232));
#9217=CARTESIAN_POINT('Ctrl Pts',(-338.617271592874,21.2427412419886,6.60031851796832));
#9218=CARTESIAN_POINT('Ctrl Pts',(-338.502933433358,22.2,6.75707953901611));
#9219=CARTESIAN_POINT('Ctrl Pts',(-338.617271592874,23.1572587580114,6.60031851796832));
#9220=CARTESIAN_POINT('Ctrl Pts',(-338.736433057944,23.7860079787588,6.40476647164232));
#9221=CARTESIAN_POINT('Ctrl Pts',(-338.781721520539,23.980725244381,6.3265855761103));
#9222=CARTESIAN_POINT('Ctrl Pts',(-338.867138655404,24.3328667090141,6.14617959667355));
#9223=CARTESIAN_POINT('Ctrl Pts',(-338.906599492868,24.4902651669133,6.04505173762681));
#9224=CARTESIAN_POINT('Ctrl Pts',(-338.945923157166,24.6337824308309,5.93378248298496));
#9225=CARTESIAN_POINT('Ctrl Pts',(-338.820524098665,19.8256390177386,5.87436103441548));
#9226=CARTESIAN_POINT('Ctrl Pts',(-338.77150664522,19.9715012808025,5.97339123115497));
#9227=CARTESIAN_POINT('Ctrl Pts',(-338.709740197505,20.1065941284501,6.04505173762681));
#9228=CARTESIAN_POINT('Ctrl Pts',(-338.607351924136,20.4391458127969,6.19759191207921));
#9229=CARTESIAN_POINT('Ctrl Pts',(-338.557686521821,20.629889188052,6.26344100432764));
#9230=CARTESIAN_POINT('Ctrl Pts',(-338.418882772988,21.2485783581115,6.43991499071898));
#9231=CARTESIAN_POINT('Ctrl Pts',(-338.293671768874,22.2,6.58633742559966));
#9232=CARTESIAN_POINT('Ctrl Pts',(-338.418882772988,23.1514216418885,6.43991499071898));
#9233=CARTESIAN_POINT('Ctrl Pts',(-338.557686521821,23.770110811948,6.26344100432764));
#9234=CARTESIAN_POINT('Ctrl Pts',(-338.607351924136,23.9608541872031,6.19759191207921));
#9235=CARTESIAN_POINT('Ctrl Pts',(-338.709740197505,24.2934058715499,6.04505173762681));
#9236=CARTESIAN_POINT('Ctrl Pts',(-338.77150664522,24.4284987191975,5.97339123115497));
#9237=CARTESIAN_POINT('Ctrl Pts',(-338.820524098665,24.5743609822614,5.87436103441548));
#9238=CARTESIAN_POINT('Ctrl Pts',(-338.690604287659,19.8905989232415,5.80940112891257));
#9239=CARTESIAN_POINT('Ctrl Pts',(-338.625644382156,20.0205187342473,5.87436103441548));
#9240=CARTESIAN_POINT('Ctrl Pts',(-338.566222933587,20.1459177927475,5.93378248298496));
#9241=CARTESIAN_POINT('Ctrl Pts',(-338.451963476025,20.4506030196498,6.04804194054692));
#9242=CARTESIAN_POINT('Ctrl Pts',(-338.397125467033,20.629889188052,6.1028799495394));
#9243=CARTESIAN_POINT('Ctrl Pts',(-338.239486599421,21.2485783581115,6.26051881715134));
#9244=CARTESIAN_POINT('Ctrl Pts',(-338.103669879923,22.2,6.39633553664917));
#9245=CARTESIAN_POINT('Ctrl Pts',(-338.239486599421,23.1514216418885,6.26051881715134));
#9246=CARTESIAN_POINT('Ctrl Pts',(-338.397125467033,23.770110811948,6.1028799495394));
#9247=CARTESIAN_POINT('Ctrl Pts',(-338.451963476025,23.9493969803502,6.04804194054692));
#9248=CARTESIAN_POINT('Ctrl Pts',(-338.566222933587,24.2540822072525,5.93378248298496));
#9249=CARTESIAN_POINT('Ctrl Pts',(-338.625644382157,24.3794812657527,5.87436103441548));
#9250=CARTESIAN_POINT('Ctrl Pts',(-338.690604287659,24.5094010767585,5.80940112891257));
#9251=CARTESIAN_POINT('',(-338.888882203215,20.8704706887549,6.61806199648307));
#9252=CARTESIAN_POINT('Ctrl Pts',(-338.888452443515,20.8704543941811,6.61794710508922));
#9253=CARTESIAN_POINT('Ctrl Pts',(-338.688654540795,20.872514870234,6.48569984507568));
#9254=CARTESIAN_POINT('Ctrl Pts',(-338.502395471762,20.8690780606349,6.32981255791698));
#9255=CARTESIAN_POINT('Ctrl Pts',(-338.336294165208,20.8690780606347,6.16371125136352));
#9256=CARTESIAN_POINT('',(-339.536171566239,20.8647342645725,6.9629365986554));
#9257=CARTESIAN_POINT('Ctrl Pts',(-339.535978168104,20.864600651884,6.96339229838792));
#9258=CARTESIAN_POINT('Ctrl Pts',(-339.312882933818,20.8654047757383,6.86894683803686));
#9259=CARTESIAN_POINT('Ctrl Pts',(-339.098385876715,20.8682886403957,6.75686969237082));
#9260=CARTESIAN_POINT('Ctrl Pts',(-338.888804034884,20.8704507676586,6.61817979720513));
#9261=CARTESIAN_POINT('',(-342.463839162597,20.8647342645725,6.9629365986554));
#9262=CARTESIAN_POINT('Ctrl Pts',(-342.465186240304,20.8646710950073,6.96263881644864));
#9263=CARTESIAN_POINT('Ctrl Pts',(-342.013761889703,20.8628962834538,7.15378546690132));
#9264=CARTESIAN_POINT('Ctrl Pts',(-341.000810483545,20.8653354645297,7.37669983513254));
#9265=CARTESIAN_POINT('Ctrl Pts',(-339.987351133512,20.8629747014657,7.15446733902519));
#9266=CARTESIAN_POINT('Ctrl Pts',(-339.536054734345,20.8646003759917,6.96342471121674));
#9267=CARTESIAN_POINT('',(-343.111128525621,20.8704706887551,6.61806199648313));
#9268=CARTESIAN_POINT('Ctrl Pts',(-343.111228114207,20.870490361629,6.61821282769602));
#9269=CARTESIAN_POINT('Ctrl Pts',(-342.903525988083,20.8684637816676,6.75561561832692));
#9270=CARTESIAN_POINT('Ctrl Pts',(-342.688404881262,20.865548697251,6.86812132867707));
#9271=CARTESIAN_POINT('Ctrl Pts',(-342.464769905173,20.8646694581519,6.96281510526799));
#9272=CARTESIAN_POINT('Ctrl Pts',(-342.464353523092,20.8646678238437,6.96299132633233));
#9273=CARTESIAN_POINT('Ctrl Pts',(-342.463937094103,20.8646661920796,6.96316747961679));
#9274=CARTESIAN_POINT('Ctrl Pts',(-343.663716563628,20.8690780606353,6.16371125136396));
#9275=CARTESIAN_POINT('Ctrl Pts',(-343.497751203885,20.8690780606352,6.32967661110603));
#9276=CARTESIAN_POINT('Ctrl Pts',(-343.309969712118,20.8724267963436,6.48663886218764));
#9277=CARTESIAN_POINT('Ctrl Pts',(-343.112311102141,20.8705009210881,6.61749612015631));
#9278=CARTESIAN_POINT('Ctrl Pts',(-339.003561185111,22.2000001788139,5.49644423146094));
#9279=CARTESIAN_POINT('Ctrl Pts',(-339.12810846395,22.2000001788139,5.6209915102998));
#9280=CARTESIAN_POINT('Ctrl Pts',(-339.265397752557,22.2000001788139,5.7344867172148));
#9281=CARTESIAN_POINT('Ctrl Pts',(-339.566359247045,22.2000001788139,5.9349079439362));
#9282=CARTESIAN_POINT('Ctrl Pts',(-339.730641110888,22.2000001788139,6.02239833734171));
#9283=CARTESIAN_POINT('Ctrl Pts',(-340.249804753851,22.2000001788139,6.24164557496338));
#9284=CARTESIAN_POINT('Ctrl Pts',(-340.999762083506,22.2000001788139,6.40594770045568));
#9285=CARTESIAN_POINT('Ctrl Pts',(-341.752435288426,22.2000001788139,6.24093150128368));
#9286=CARTESIAN_POINT('Ctrl Pts',(-342.268610415088,22.2000001788139,6.02264314429754));
#9287=CARTESIAN_POINT('Ctrl Pts',(-342.432990855744,22.2000001788139,5.93534199992552));
#9288=CARTESIAN_POINT('Ctrl Pts',(-342.734803941232,22.2000001788139,5.73435185590484));
#9289=CARTESIAN_POINT('Ctrl Pts',(-342.872004201505,22.2000001788139,5.62088957368112));
#9290=CARTESIAN_POINT('Ctrl Pts',(-342.996449543725,22.2000001788139,5.49644423146087));
#9291=CARTESIAN_POINT('Ctrl Pts',(-338.875064602137,22.2000001788139,5.62494081443506));
#9292=CARTESIAN_POINT('Ctrl Pts',(-339.007619372148,22.2000001788139,5.7574955844458));
#9293=CARTESIAN_POINT('Ctrl Pts',(-339.154676208553,22.1999983728,5.87868987813074));
#9294=CARTESIAN_POINT('Ctrl Pts',(-339.476112449174,22.2000005752048,6.09328515726676));
#9295=CARTESIAN_POINT('Ctrl Pts',(-339.649893902847,22.2000020885894,6.18598508300976));
#9296=CARTESIAN_POINT('Ctrl Pts',(-340.19897369021,22.2000033572984,6.41844698962919));
#9297=CARTESIAN_POINT('Ctrl Pts',(-340.999959212951,22.2000020866728,6.59359680098133));
#9298=CARTESIAN_POINT('Ctrl Pts',(-341.803049694652,22.2000033989102,6.41775334949367));
#9299=CARTESIAN_POINT('Ctrl Pts',(-342.349798500826,22.2000020119971,6.18597515015485));
#9300=CARTESIAN_POINT('Ctrl Pts',(-342.523815904465,22.2000004797573,6.0933142809956));
#9301=CARTESIAN_POINT('Ctrl Pts',(-342.845230524444,22.1999984188306,5.87877356236049));
#9302=CARTESIAN_POINT('Ctrl Pts',(-342.992499847096,22.2000001788139,5.75738709403841));
#9303=CARTESIAN_POINT('Ctrl Pts',(-343.124946126699,22.2000001788139,5.62494081443501));
#9304=CARTESIAN_POINT('Ctrl Pts',(-338.618893887419,22.0983065189982,5.88111152915331));
#9305=CARTESIAN_POINT('Ctrl Pts',(-338.767424580772,22.0983065189982,6.02964222250663));
#9306=CARTESIAN_POINT('Ctrl Pts',(-338.933946108132,22.0987025867314,6.16620068743361));
#9307=CARTESIAN_POINT('Ctrl Pts',(-339.296218518807,22.098215986716,6.40907003424529));
#9308=CARTESIAN_POINT('Ctrl Pts',(-339.488942823634,22.0978819628261,6.51215965746635));
#9309=CARTESIAN_POINT('Ctrl Pts',(-340.097661760835,22.097600227213,6.77098241594413));
#9310=CARTESIAN_POINT('Ctrl Pts',(-341.000352667947,22.0978739465558,6.96777653830606));
#9311=CARTESIAN_POINT('Ctrl Pts',(-341.903929485002,22.0975910960436,6.77032942471186));
#9312=CARTESIAN_POINT('Ctrl Pts',(-342.511629324475,22.097898802503,6.51164167035952));
#9313=CARTESIAN_POINT('Ctrl Pts',(-342.70486364231,22.0982370018307,6.4082914791988));
#9314=CARTESIAN_POINT('Ctrl Pts',(-343.065372026068,22.0986924505642,6.16672030149902));
#9315=CARTESIAN_POINT('Ctrl Pts',(-343.232707714081,22.0983065189983,6.02952065648997));
#9316=CARTESIAN_POINT('Ctrl Pts',(-343.381116841417,22.0983065189983,5.8811115291533));
#9317=CARTESIAN_POINT('Ctrl Pts',(-338.29864033799,21.6167491133705,6.20136507858223));
#9318=CARTESIAN_POINT('Ctrl Pts',(-338.467089151778,21.6167491133706,6.36981389237006));
#9319=CARTESIAN_POINT('Ctrl Pts',(-338.657570147702,21.6188366219523,6.52607808241209));
#9320=CARTESIAN_POINT('Ctrl Pts',(-339.071340862319,21.616271796631,6.8035429785948));
#9321=CARTESIAN_POINT('Ctrl Pts',(-339.287966842536,21.6145125963887,6.91905341469465));
#9322=CARTESIAN_POINT('Ctrl Pts',(-339.971257537668,21.6130293719362,7.2102297395491));
#9323=CARTESIAN_POINT('Ctrl Pts',(-341.00084847643,21.6144702654933,7.43438169261007));
#9324=CARTESIAN_POINT('Ctrl Pts',(-342.0297938072,21.6129813410262,7.20961074382389));
#9325=CARTESIAN_POINT('Ctrl Pts',(-342.713715644342,21.6146012973177,6.91792782362138));
#9326=CARTESIAN_POINT('Ctrl Pts',(-342.931200811221,21.6163825537219,6.80178706126543));
#9327=CARTESIAN_POINT('Ctrl Pts',(-343.341003778941,21.6187831837944,6.52712763896698));
#9328=CARTESIAN_POINT('Ctrl Pts',(-343.533059445204,21.6167491133708,6.36967602422468));
#9329=CARTESIAN_POINT('Ctrl Pts',(-343.701370390846,21.6167491133709,6.20136507858237));
#9330=CARTESIAN_POINT('Ctrl Pts',(-338.272510623083,21.1263026566013,6.2274947934884));
#9331=CARTESIAN_POINT('Ctrl Pts',(-338.442695798948,21.1263026566014,6.39767996935316));
#9332=CARTESIAN_POINT('Ctrl Pts',(-338.634315640799,21.1295841487565,6.55671988442202));
#9333=CARTESIAN_POINT('Ctrl Pts',(-339.053404818651,21.1255521499673,6.83592929458471));
#9334=CARTESIAN_POINT('Ctrl Pts',(-339.272457271062,21.1227910642709,6.95149093990679));
#9335=CARTESIAN_POINT('Ctrl Pts',(-339.961828019546,21.1204651478997,7.24449277449257));
#9336=CARTESIAN_POINT('Ctrl Pts',(-341.000903944086,21.1227250205664,7.47173514929456));
#9337=CARTESIAN_POINT('Ctrl Pts',(-342.039176314029,21.1203899488587,7.24384457291306));
#9338=CARTESIAN_POINT('Ctrl Pts',(-342.729348866612,21.1229303240149,6.95036223530579));
#9339=CARTESIAN_POINT('Ctrl Pts',(-342.949304287952,21.1257262335136,6.83414543605374));
#9340=CARTESIAN_POINT('Ctrl Pts',(-343.364172636241,21.129500103118,6.55778943405972));
#9341=CARTESIAN_POINT('Ctrl Pts',(-343.557454219171,21.1263026566017,6.39754068006992));
#9342=CARTESIAN_POINT('Ctrl Pts',(-343.727500105752,21.1263026566019,6.22749479348873));
#9343=CARTESIAN_POINT('Ctrl Pts',(-338.336294165208,20.8690780606347,6.16371125136352));
#9344=CARTESIAN_POINT('Ctrl Pts',(-338.502395471762,20.8690780606349,6.32981255791698));
#9345=CARTESIAN_POINT('Ctrl Pts',(-338.688654540795,20.872514870234,6.48569984507568));
#9346=CARTESIAN_POINT('Ctrl Pts',(-339.098169960299,20.8682916191202,6.75676020869999));
#9347=CARTESIAN_POINT('Ctrl Pts',(-339.312807254084,20.8654045653057,6.86891966894407));
#9348=CARTESIAN_POINT('Ctrl Pts',(-339.987351133512,20.8629747014657,7.15446733902519));
#9349=CARTESIAN_POINT('Ctrl Pts',(-341.000810483545,20.8653354645297,7.37669983513254));
#9350=CARTESIAN_POINT('Ctrl Pts',(-342.013761889703,20.8628962834538,7.15378546690132));
#9351=CARTESIAN_POINT('Ctrl Pts',(-342.688792869754,20.8655502226593,6.86795704267782));
#9352=CARTESIAN_POINT('Ctrl Pts',(-342.90427379107,20.8684739215575,6.75522445936172));
#9353=CARTESIAN_POINT('Ctrl Pts',(-343.309969712118,20.8724267963436,6.48663886218764));
#9354=CARTESIAN_POINT('Ctrl Pts',(-343.497751203885,20.8690780606352,6.32967661110603));
#9355=CARTESIAN_POINT('Ctrl Pts',(-343.663716563628,20.8690780606353,6.16371125136396));
#9356=CARTESIAN_POINT('',(-342.996449543725,22.2000001788139,5.4964442314609));
#9357=CARTESIAN_POINT('Origin',(-342.996449543725,21.2000001788139,5.4964442314609));
#9358=CARTESIAN_POINT('',(-339.003561185111,22.2000001788139,5.49644423146099));
#9359=CARTESIAN_POINT('Origin',(-339.003561185111,21.2000001788139,5.49644423146099));
#9360=CARTESIAN_POINT('Ctrl Pts',(-339.003561185111,22.2000001788139,5.49644423146094));
#9361=CARTESIAN_POINT('Ctrl Pts',(-339.12810846395,22.2000001788139,5.6209915102998));
#9362=CARTESIAN_POINT('Ctrl Pts',(-339.265397752557,22.2000001788139,5.7344867172148));
#9363=CARTESIAN_POINT('Ctrl Pts',(-339.566359247045,22.2000001788139,5.9349079439362));
#9364=CARTESIAN_POINT('Ctrl Pts',(-339.730641110888,22.2000001788139,6.02239833734171));
#9365=CARTESIAN_POINT('Ctrl Pts',(-340.249804753851,22.2000001788139,6.24164557496338));
#9366=CARTESIAN_POINT('Ctrl Pts',(-340.999762083506,22.2000001788139,6.40594770045568));
#9367=CARTESIAN_POINT('Ctrl Pts',(-341.752435288426,22.2000001788139,6.24093150128368));
#9368=CARTESIAN_POINT('Ctrl Pts',(-342.268610415088,22.2000001788139,6.02264314429754));
#9369=CARTESIAN_POINT('Ctrl Pts',(-342.432990855744,22.2000001788139,5.93534199992552));
#9370=CARTESIAN_POINT('Ctrl Pts',(-342.734803941232,22.2000001788139,5.73435185590484));
#9371=CARTESIAN_POINT('Ctrl Pts',(-342.872004201505,22.2000001788139,5.62088957368112));
#9372=CARTESIAN_POINT('Ctrl Pts',(-342.996449543725,22.2000001788139,5.49644423146087));
#9373=CARTESIAN_POINT('Ctrl Pts',(-339.003561185111,22.2000001788139,1.50355587284727));
#9374=CARTESIAN_POINT('Ctrl Pts',(-338.879013906272,22.2000001788139,1.62810315168611));
#9375=CARTESIAN_POINT('Ctrl Pts',(-338.765518702347,22.2000001788139,1.7653924462948));
#9376=CARTESIAN_POINT('Ctrl Pts',(-338.565097478764,22.2000001788139,2.06635394557453));
#9377=CARTESIAN_POINT('Ctrl Pts',(-338.477607086881,22.2000001788139,2.23063581465788));
#9378=CARTESIAN_POINT('Ctrl Pts',(-338.258359856715,22.2000001788139,2.74979946308624));
#9379=CARTESIAN_POINT('Ctrl Pts',(-338.094057745152,22.2000001788139,3.49975681769082));
#9380=CARTESIAN_POINT('Ctrl Pts',(-338.259073932314,22.2000001788139,4.25243001448988));
#9381=CARTESIAN_POINT('Ctrl Pts',(-338.477362280237,22.2000001788139,4.76860511504109));
#9382=CARTESIAN_POINT('Ctrl Pts',(-338.564663422803,22.2000001788139,4.93298555458174));
#9383=CARTESIAN_POINT('Ctrl Pts',(-338.76565356362,22.2000001788139,5.23479863458665));
#9384=CARTESIAN_POINT('Ctrl Pts',(-338.879115842891,22.2000001788139,5.37199888924057));
#9385=CARTESIAN_POINT('Ctrl Pts',(-339.003561185111,22.2000001788139,5.49644423146096));
#9386=CARTESIAN_POINT('Ctrl Pts',(-338.875064602137,22.2000001788139,1.37505928987313));
#9387=CARTESIAN_POINT('Ctrl Pts',(-338.742509832127,22.2000001788139,1.50761405988362));
#9388=CARTESIAN_POINT('Ctrl Pts',(-338.62131554753,22.1999983727082,1.65467089801668));
#9389=CARTESIAN_POINT('Ctrl Pts',(-338.406720276538,22.2000005750178,1.97610713878998));
#9390=CARTESIAN_POINT('Ctrl Pts',(-338.314020355493,22.2000020883258,2.14988859647196));
#9391=CARTESIAN_POINT('Ctrl Pts',(-338.081558457191,22.2000033568622,2.69896838501324));
#9392=CARTESIAN_POINT('Ctrl Pts',(-337.906408660704,22.2000020859289,3.49995394106537));
#9393=CARTESIAN_POINT('Ctrl Pts',(-338.082252090179,22.2000033984754,4.30304441849774));
#9394=CARTESIAN_POINT('Ctrl Pts',(-338.314030275133,22.2000020117366,4.84979318883414));
#9395=CARTESIAN_POINT('Ctrl Pts',(-338.406691141927,22.200000479573,5.02381059444747));
#9396=CARTESIAN_POINT('Ctrl Pts',(-338.621231857764,22.1999984187405,5.34522521295948));
#9397=CARTESIAN_POINT('Ctrl Pts',(-338.742618322534,22.2000001788139,5.49249453483184));
#9398=CARTESIAN_POINT('Ctrl Pts',(-338.875064602137,22.2000001788139,5.62494081443515));
#9399=CARTESIAN_POINT('Ctrl Pts',(-338.618893676736,22.098306645579,1.1188883644725));
#9400=CARTESIAN_POINT('Ctrl Pts',(-338.470362983384,22.098306645579,1.26741905782512));
#9401=CARTESIAN_POINT('Ctrl Pts',(-338.333804543627,22.0987027136622,1.43394059897992));
#9402=CARTESIAN_POINT('Ctrl Pts',(-338.090935217808,22.0982161136855,1.79621301841378));
#9403=CARTESIAN_POINT('Ctrl Pts',(-337.987845607675,22.0978820899011,1.98893733699595));
#9404=CARTESIAN_POINT('Ctrl Pts',(-337.729022863747,22.0976003535081,2.59765631769528));
#9405=CARTESIAN_POINT('Ctrl Pts',(-337.532228766976,22.0978740720346,3.50034738377529));
#9406=CARTESIAN_POINT('Ctrl Pts',(-337.729675829751,22.0975912219605,4.40392431338612));
#9407=CARTESIAN_POINT('Ctrl Pts',(-337.98836355459,22.0978989288722,5.0116241486));
#9408=CARTESIAN_POINT('Ctrl Pts',(-338.091713740205,22.0982371282316,5.20485848684865));
#9409=CARTESIAN_POINT('Ctrl Pts',(-338.333284913045,22.0986925771998,5.56536689504572));
#9410=CARTESIAN_POINT('Ctrl Pts',(-338.4704845494,22.098306645579,5.73270261249978));
#9411=CARTESIAN_POINT('Ctrl Pts',(-338.618893676737,22.098306645579,5.88111173983591));
#9412=CARTESIAN_POINT('Ctrl Pts',(-338.298640013256,21.616749223965,0.798634700991831));
#9413=CARTESIAN_POINT('Ctrl Pts',(-338.130191199469,21.6167492239651,0.967083514778361));
#9414=CARTESIAN_POINT('Ctrl Pts',(-337.973927036207,21.6188367340176,1.15756452739177));
#9415=CARTESIAN_POINT('Ctrl Pts',(-337.696462163799,21.6162719085097,1.57133525049467));
#9416=CARTESIAN_POINT('Ctrl Pts',(-337.580951741673,21.6145127085103,1.78796124901672));
#9417=CARTESIAN_POINT('Ctrl Pts',(-337.289775419785,21.6130294792283,2.47125200433233));
#9418=CARTESIAN_POINT('Ctrl Pts',(-337.065623466199,21.614470367207,3.50084317610496));
#9419=CARTESIAN_POINT('Ctrl Pts',(-337.290394368186,21.6129814463226,4.52978868283135));
#9420=CARTESIAN_POINT('Ctrl Pts',(-337.582077259914,21.6146014057194,5.21371051915803));
#9421=CARTESIAN_POINT('Ctrl Pts',(-337.69821802218,21.6163826626041,5.4311957220454));
#9422=CARTESIAN_POINT('Ctrl Pts',(-337.972877449915,21.6187832943051,5.84099873593212));
#9423=CARTESIAN_POINT('Ctrl Pts',(-338.130329067615,21.6167492239648,6.03305445767547));
#9424=CARTESIAN_POINT('Ctrl Pts',(-338.298640013256,21.6167492239649,6.20136540331669));
#9425=CARTESIAN_POINT('Ctrl Pts',(-338.272510623083,21.1263026566015,0.772505310819592));
#9426=CARTESIAN_POINT('Ctrl Pts',(-338.10232544722,21.1263026566016,0.942690486682948));
#9427=CARTESIAN_POINT('Ctrl Pts',(-337.943285598778,21.1295841516684,1.13431030155592));
#9428=CARTESIAN_POINT('Ctrl Pts',(-337.664076242009,21.1255521532236,1.55339945340334));
#9429=CARTESIAN_POINT('Ctrl Pts',(-337.548514631607,21.1227910684195,1.77245190102771));
#9430=CARTESIAN_POINT('Ctrl Pts',(-337.255512847764,21.120465145661,2.46182262982586));
#9431=CARTESIAN_POINT('Ctrl Pts',(-337.028270563401,21.1227250116662,3.50089864006995));
#9432=CARTESIAN_POINT('Ctrl Pts',(-337.256161001035,21.1203899434805,4.53917103911138));
#9433=CARTESIAN_POINT('Ctrl Pts',(-337.549643262475,21.1229303223187,5.22934351048327));
#9434=CARTESIAN_POINT('Ctrl Pts',(-337.665860040777,21.1257262320595,5.44929894615937));
#9435=CARTESIAN_POINT('Ctrl Pts',(-337.942216018966,21.1295001035855,5.8641673089805));
#9436=CARTESIAN_POINT('Ctrl Pts',(-338.102464736504,21.1263026566012,6.05744890690879));
#9437=CARTESIAN_POINT('Ctrl Pts',(-338.272510623084,21.1263026566012,6.22749479348886));
#9438=CARTESIAN_POINT('Ctrl Pts',(-338.336294165208,20.869078060635,0.836288852944431));
#9439=CARTESIAN_POINT('Ctrl Pts',(-338.170192858656,20.8690780606351,1.00239015949656));
#9440=CARTESIAN_POINT('Ctrl Pts',(-338.014305597338,20.8725148728011,1.18864921032305));
#9441=CARTESIAN_POINT('Ctrl Pts',(-337.743245257372,20.8682916215476,1.59816461032026));
#9442=CARTESIAN_POINT('Ctrl Pts',(-337.63108581083,20.8654045682676,1.81280190260243));
#9443=CARTESIAN_POINT('Ctrl Pts',(-337.345538150396,20.8629746968333,2.48734576429082));
#9444=CARTESIAN_POINT('Ctrl Pts',(-337.123305662291,20.8653354513001,3.50080518142285));
#9445=CARTESIAN_POINT('Ctrl Pts',(-337.346219979456,20.8628962755267,4.51375660091494));
#9446=CARTESIAN_POINT('Ctrl Pts',(-337.632048371652,20.8655502194998,5.18878750472614));
#9447=CARTESIAN_POINT('Ctrl Pts',(-337.744780953712,20.8684739190531,5.40426844180769));
#9448=CARTESIAN_POINT('Ctrl Pts',(-338.013366553541,20.8724267963526,5.80996438008042));
#9449=CARTESIAN_POINT('Ctrl Pts',(-338.170328805468,20.8690780606347,5.99774589162286));
#9450=CARTESIAN_POINT('Ctrl Pts',(-338.336294165209,20.8690780606347,6.16371125136393));
#9451=CARTESIAN_POINT('',(-339.003561185111,22.2000001788139,1.50355587284737));
#9452=CARTESIAN_POINT('Origin',(-339.003561185111,21.2000001788139,1.50355587284737));
#9453=CARTESIAN_POINT('Ctrl Pts',(-339.003561185111,22.2000001788139,1.50355587284727));
#9454=CARTESIAN_POINT('Ctrl Pts',(-338.879013906272,22.2000001788139,1.62810315168611));
#9455=CARTESIAN_POINT('Ctrl Pts',(-338.765518702347,22.2000001788139,1.7653924462948));
#9456=CARTESIAN_POINT('Ctrl Pts',(-338.565097478764,22.2000001788139,2.06635394557453));
#9457=CARTESIAN_POINT('Ctrl Pts',(-338.477607086881,22.2000001788139,2.23063581465788));
#9458=CARTESIAN_POINT('Ctrl Pts',(-338.258359856715,22.2000001788139,2.74979946308624));
#9459=CARTESIAN_POINT('Ctrl Pts',(-338.094057745152,22.2000001788139,3.49975681769082));
#9460=CARTESIAN_POINT('Ctrl Pts',(-338.259073932314,22.2000001788139,4.25243001448988));
#9461=CARTESIAN_POINT('Ctrl Pts',(-338.477362280237,22.2000001788139,4.76860511504109));
#9462=CARTESIAN_POINT('Ctrl Pts',(-338.564663422803,22.2000001788139,4.93298555458174));
#9463=CARTESIAN_POINT('Ctrl Pts',(-338.76565356362,22.2000001788139,5.23479863458665));
#9464=CARTESIAN_POINT('Ctrl Pts',(-338.879115842891,22.2000001788139,5.37199888924057));
#9465=CARTESIAN_POINT('Ctrl Pts',(-339.003561185111,22.2000001788139,5.49644423146096));
#9466=CARTESIAN_POINT('Ctrl Pts',(-342.996449543725,22.2000001788139,1.5035558728472));
#9467=CARTESIAN_POINT('Ctrl Pts',(-342.871902264886,22.2000001788139,1.37900859400837));
#9468=CARTESIAN_POINT('Ctrl Pts',(-342.734612970277,22.2000001788139,1.26551339008288));
#9469=CARTESIAN_POINT('Ctrl Pts',(-342.433651470998,22.2000001788139,1.06509216650055));
#9470=CARTESIAN_POINT('Ctrl Pts',(-342.269369601914,22.200000178814,0.977601774616864));
#9471=CARTESIAN_POINT('Ctrl Pts',(-341.750205953486,22.2000001788139,0.758354544450534));
#9472=CARTESIAN_POINT('Ctrl Pts',(-341.000248598881,22.2000001788139,0.594052432887697));
#9473=CARTESIAN_POINT('Ctrl Pts',(-340.247575402082,22.2000001788139,0.759068620049658));
#9474=CARTESIAN_POINT('Ctrl Pts',(-339.73140030153,22.2000001788139,0.977356967972726));
#9475=CARTESIAN_POINT('Ctrl Pts',(-339.56701986199,22.2000001788139,1.06465811053884));
#9476=CARTESIAN_POINT('Ctrl Pts',(-339.265206781985,22.2000001788139,1.26564825135658));
#9477=CARTESIAN_POINT('Ctrl Pts',(-339.128006527331,22.2000001788139,1.37911053062698));
#9478=CARTESIAN_POINT('Ctrl Pts',(-339.003561185111,22.2000001788139,1.50355587284739));
#9479=CARTESIAN_POINT('Ctrl Pts',(-343.124946126699,22.2000001788139,1.37505928987303));
#9480=CARTESIAN_POINT('Ctrl Pts',(-342.992391356688,22.2000001788139,1.24250451986238));
#9481=CARTESIAN_POINT('Ctrl Pts',(-342.845334518556,22.1999983727082,1.12131023526653));
#9482=CARTESIAN_POINT('Ctrl Pts',(-342.523898277782,22.2000005750178,0.906714964273951));
#9483=CARTESIAN_POINT('Ctrl Pts',(-342.3501168201,22.2000020883258,0.814015043228882));
#9484=CARTESIAN_POINT('Ctrl Pts',(-341.801037031558,22.2000033568622,0.581553144926222));
#9485=CARTESIAN_POINT('Ctrl Pts',(-341.000051475507,22.2000020859289,0.406403348440439));
#9486=CARTESIAN_POINT('Ctrl Pts',(-340.196960998074,22.2000033984754,0.582246777914984));
#9487=CARTESIAN_POINT('Ctrl Pts',(-339.650212227737,22.2000020117365,0.814024962869459));
#9488=CARTESIAN_POINT('Ctrl Pts',(-339.476194822124,22.200000479573,0.906685829663617));
#9489=CARTESIAN_POINT('Ctrl Pts',(-339.154780203612,22.1999984187404,1.12122654550059));
#9490=CARTESIAN_POINT('Ctrl Pts',(-339.00751088174,22.2000001788139,1.24261301027033));
#9491=CARTESIAN_POINT('Ctrl Pts',(-338.875064602137,22.2000001788139,1.37505928987326));
#9492=CARTESIAN_POINT('Ctrl Pts',(-343.381117052099,22.098306645579,1.11888836447233));
#9493=CARTESIAN_POINT('Ctrl Pts',(-343.232586358746,22.098306645579,0.970357671119214));
#9494=CARTESIAN_POINT('Ctrl Pts',(-343.066064817593,22.0987027136622,0.83379923136281));
#9495=CARTESIAN_POINT('Ctrl Pts',(-342.703792398157,22.0982161136856,0.590929905543474));
#9496=CARTESIAN_POINT('Ctrl Pts',(-342.511068079576,22.0978820899011,0.487840295411221));
#9497=CARTESIAN_POINT('Ctrl Pts',(-341.902349098874,22.0976003535081,0.229017551481887));
#9498=CARTESIAN_POINT('Ctrl Pts',(-340.999658032796,22.0978740720345,0.0322234547120147));
#9499=CARTESIAN_POINT('Ctrl Pts',(-340.096081103186,22.0975912219605,0.229670517486493));
#9500=CARTESIAN_POINT('Ctrl Pts',(-339.488381267971,22.0978989288722,0.488358242326086));
#9501=CARTESIAN_POINT('Ctrl Pts',(-339.295146929723,22.0982371282316,0.591708427941593));
#9502=CARTESIAN_POINT('Ctrl Pts',(-338.934638521526,22.0986925771997,0.833279600781513));
#9503=CARTESIAN_POINT('Ctrl Pts',(-338.767302804071,22.098306645579,0.970479237137686));
#9504=CARTESIAN_POINT('Ctrl Pts',(-338.618893676736,22.098306645579,1.11888836447264));
#9505=CARTESIAN_POINT('Ctrl Pts',(-343.70137071558,21.6167492239651,0.798634700991577));
#9506=CARTESIAN_POINT('Ctrl Pts',(-343.532921901792,21.6167492239651,0.630185887204127));
#9507=CARTESIAN_POINT('Ctrl Pts',(-343.342440889181,21.6188367340175,0.473921723943938));
#9508=CARTESIAN_POINT('Ctrl Pts',(-342.928670166076,21.6162719085099,0.196456851533941));
#9509=CARTESIAN_POINT('Ctrl Pts',(-342.712044167556,21.6145127085103,0.0809464294095196));
#9510=CARTESIAN_POINT('Ctrl Pts',(-342.028753412234,21.6130294792283,-0.210229892481126));
#9511=CARTESIAN_POINT('Ctrl Pts',(-340.999162240466,21.6144703672068,-0.434381846065327));
#9512=CARTESIAN_POINT('Ctrl Pts',(-339.970216733741,21.6129814463227,-0.209610944078082));
#9513=CARTESIAN_POINT('Ctrl Pts',(-339.286294897413,21.6146014057195,0.0820719476497593));
#9514=CARTESIAN_POINT('Ctrl Pts',(-339.068809694526,21.6163826626042,0.19821270991668));
#9515=CARTESIAN_POINT('Ctrl Pts',(-338.659006680639,21.618783294305,0.472872137651105));
#9516=CARTESIAN_POINT('Ctrl Pts',(-338.466950958895,21.616749223965,0.630323755352973));
#9517=CARTESIAN_POINT('Ctrl Pts',(-338.298640013256,21.616749223965,0.798634700991998));
#9518=CARTESIAN_POINT('Ctrl Pts',(-343.727500105752,21.1263026566016,0.772505310819305));
#9519=CARTESIAN_POINT('Ctrl Pts',(-343.557314929888,21.1263026566016,0.60232013495498));
#9520=CARTESIAN_POINT('Ctrl Pts',(-343.365695115017,21.1295841516683,0.443280286514773));
#9521=CARTESIAN_POINT('Ctrl Pts',(-342.946605963167,21.1255521532239,0.164070929744496));
#9522=CARTESIAN_POINT('Ctrl Pts',(-342.727553515545,21.1227910684196,0.0485093193430806));
#9523=CARTESIAN_POINT('Ctrl Pts',(-342.038182786741,21.120465145661,-0.244492464502112));
#9524=CARTESIAN_POINT('Ctrl Pts',(-340.999106776501,21.1227250116659,-0.471734748863596));
#9525=CARTESIAN_POINT('Ctrl Pts',(-339.960834377461,21.1203899434807,-0.243844311229061));
#9526=CARTESIAN_POINT('Ctrl Pts',(-339.270661906088,21.1229303223188,0.0496379502108342));
#9527=CARTESIAN_POINT('Ctrl Pts',(-339.050706470412,21.1257262320598,0.165854728512952));
#9528=CARTESIAN_POINT('Ctrl Pts',(-338.635838107591,21.1295001035853,0.442210706702742));
#9529=CARTESIAN_POINT('Ctrl Pts',(-338.442556509661,21.1263026566015,0.602459424241982));
#9530=CARTESIAN_POINT('Ctrl Pts',(-338.272510623083,21.1263026566015,0.772505310819768));
#9531=CARTESIAN_POINT('Ctrl Pts',(-343.663716563627,20.8690780606351,0.836288852944139));
#9532=CARTESIAN_POINT('Ctrl Pts',(-343.497615257074,20.8690780606351,0.670187546391113));
#9533=CARTESIAN_POINT('Ctrl Pts',(-343.31135620625,20.8725148728009,0.514300285074186));
#9534=CARTESIAN_POINT('Ctrl Pts',(-342.90184080625,20.8682916215479,0.243239945107234));
#9535=CARTESIAN_POINT('Ctrl Pts',(-342.68720351397,20.8654045682676,0.13108049856607));
#9536=CARTESIAN_POINT('Ctrl Pts',(-342.012659652276,20.8629746968333,-0.15446716186997));
#9537=CARTESIAN_POINT('Ctrl Pts',(-340.999200235149,20.8653354512998,-0.376699649972754));
#9538=CARTESIAN_POINT('Ctrl Pts',(-339.986248815657,20.8628962755269,-0.153785332808244));
#9539=CARTESIAN_POINT('Ctrl Pts',(-339.311217911845,20.8655502194999,0.132043059388514));
#9540=CARTESIAN_POINT('Ctrl Pts',(-339.095736974763,20.8684739190534,0.244775641448759));
#9541=CARTESIAN_POINT('Ctrl Pts',(-338.690041036491,20.8724267963524,0.513361241277446));
#9542=CARTESIAN_POINT('Ctrl Pts',(-338.502259524947,20.869078060635,0.670323493205611));
#9543=CARTESIAN_POINT('Ctrl Pts',(-338.336294165208,20.869078060635,0.836288852944608));
#9544=CARTESIAN_POINT('',(-342.996449543725,22.2000001788139,1.50355587284709));
#9545=CARTESIAN_POINT('Origin',(-342.996449543725,21.2000001788139,1.50355587284709));
#9546=CARTESIAN_POINT('Ctrl Pts',(-342.996449543725,22.2000001788139,1.5035558728472));
#9547=CARTESIAN_POINT('Ctrl Pts',(-342.871902264886,22.2000001788139,1.37900859400837));
#9548=CARTESIAN_POINT('Ctrl Pts',(-342.734612970277,22.2000001788139,1.26551339008288));
#9549=CARTESIAN_POINT('Ctrl Pts',(-342.433651470998,22.2000001788139,1.06509216650055));
#9550=CARTESIAN_POINT('Ctrl Pts',(-342.269369601914,22.200000178814,0.977601774616864));
#9551=CARTESIAN_POINT('Ctrl Pts',(-341.750205953486,22.2000001788139,0.758354544450534));
#9552=CARTESIAN_POINT('Ctrl Pts',(-341.000248598881,22.2000001788139,0.594052432887697));
#9553=CARTESIAN_POINT('Ctrl Pts',(-340.247575402082,22.2000001788139,0.759068620049658));
#9554=CARTESIAN_POINT('Ctrl Pts',(-339.73140030153,22.2000001788139,0.977356967972726));
#9555=CARTESIAN_POINT('Ctrl Pts',(-339.56701986199,22.2000001788139,1.06465811053884));
#9556=CARTESIAN_POINT('Ctrl Pts',(-339.265206781985,22.2000001788139,1.26564825135658));
#9557=CARTESIAN_POINT('Ctrl Pts',(-339.128006527331,22.2000001788139,1.37911053062698));
#9558=CARTESIAN_POINT('Ctrl Pts',(-339.003561185111,22.2000001788139,1.50355587284739));
#9559=CARTESIAN_POINT('Ctrl Pts',(-342.996449543725,22.2000001788139,5.49644423146092));
#9560=CARTESIAN_POINT('Ctrl Pts',(-343.120996822564,22.2000001788139,5.37189695262215));
#9561=CARTESIAN_POINT('Ctrl Pts',(-343.234492029479,22.2000001788139,5.23460766401516));
#9562=CARTESIAN_POINT('Ctrl Pts',(-343.4349132562,22.2000001788139,4.93364616952739));
#9563=CARTESIAN_POINT('Ctrl Pts',(-343.522403649605,22.2000001788139,4.76936430568417));
#9564=CARTESIAN_POINT('Ctrl Pts',(-343.741650887227,22.2000001788139,4.25020066272107));
#9565=CARTESIAN_POINT('Ctrl Pts',(-343.90595301272,22.2000001788139,3.50024333306664));
#9566=CARTESIAN_POINT('Ctrl Pts',(-343.740936813547,22.2000001788139,2.74757012814565));
#9567=CARTESIAN_POINT('Ctrl Pts',(-343.522648456562,22.2000001788139,2.23139500148441));
#9568=CARTESIAN_POINT('Ctrl Pts',(-343.435347312189,22.2000001788139,2.067014560828));
#9569=CARTESIAN_POINT('Ctrl Pts',(-343.234357168169,22.2000001788139,1.76520147534042));
#9570=CARTESIAN_POINT('Ctrl Pts',(-343.120894885945,22.2000001788139,1.62800121506751));
#9571=CARTESIAN_POINT('Ctrl Pts',(-342.996449543725,22.2000001788139,1.50355587284706));
#9572=CARTESIAN_POINT('Ctrl Pts',(-343.124946126699,22.2000001788139,5.62494081443503));
#9573=CARTESIAN_POINT('Ctrl Pts',(-343.25750089671,22.2000001788139,5.49238604442437));
#9574=CARTESIAN_POINT('Ctrl Pts',(-343.378695190394,22.1999983728,5.34532920801927));
#9575=CARTESIAN_POINT('Ctrl Pts',(-343.593290469531,22.2000005752048,5.02389296739748));
#9576=CARTESIAN_POINT('Ctrl Pts',(-343.685990395274,22.2000020885894,4.85011151372541));
#9577=CARTESIAN_POINT('Ctrl Pts',(-343.918452301893,22.2000033572984,4.30103172636134));
#9578=CARTESIAN_POINT('Ctrl Pts',(-344.093602113245,22.2000020866728,3.500046203621));
#9579=CARTESIAN_POINT('Ctrl Pts',(-343.917758661758,22.2000033989102,2.69695572192012));
#9580=CARTESIAN_POINT('Ctrl Pts',(-343.685980462419,22.2000020119971,2.1502069157464));
#9581=CARTESIAN_POINT('Ctrl Pts',(-343.59331959326,22.2000004797573,1.97618951210683));
#9582=CARTESIAN_POINT('Ctrl Pts',(-343.378778874625,22.1999984188306,1.65477489212791));
#9583=CARTESIAN_POINT('Ctrl Pts',(-343.257392406302,22.2000001788139,1.50750556947625));
#9584=CARTESIAN_POINT('Ctrl Pts',(-343.124946126699,22.2000001788139,1.37505928987296));
#9585=CARTESIAN_POINT('Ctrl Pts',(-343.381116841417,22.0983065189983,5.88111152915326));
#9586=CARTESIAN_POINT('Ctrl Pts',(-343.529647534771,22.0983065189983,5.73258083579997));
#9587=CARTESIAN_POINT('Ctrl Pts',(-343.666205999697,22.0987025867314,5.56605930844114));
#9588=CARTESIAN_POINT('Ctrl Pts',(-343.909075346509,22.098215986716,5.20378689776485));
#9589=CARTESIAN_POINT('Ctrl Pts',(-344.01216496973,22.0978819628261,5.0110625929384));
#9590=CARTESIAN_POINT('Ctrl Pts',(-344.270987728208,22.097600227213,4.40234365573749));
#9591=CARTESIAN_POINT('Ctrl Pts',(-344.46778185057,22.0978739465557,3.49965274862616));
#9592=CARTESIAN_POINT('Ctrl Pts',(-344.270334736976,22.0975910960436,2.59607593157096));
#9593=CARTESIAN_POINT('Ctrl Pts',(-344.011646982624,22.0978988025029,1.98837609209767));
#9594=CARTESIAN_POINT('Ctrl Pts',(-343.908296791463,22.0982370018307,1.79514177426222));
#9595=CARTESIAN_POINT('Ctrl Pts',(-343.666725613764,22.0986924505641,1.43463339050502));
#9596=CARTESIAN_POINT('Ctrl Pts',(-343.529525968753,22.0983065189983,1.26729770249072));
#9597=CARTESIAN_POINT('Ctrl Pts',(-343.381116841417,22.0983065189983,1.11888857515476));
#9598=CARTESIAN_POINT('Ctrl Pts',(-343.701370390846,21.6167491133709,6.20136507858225));
#9599=CARTESIAN_POINT('Ctrl Pts',(-343.869819204634,21.616749113371,6.03291626479442));
#9600=CARTESIAN_POINT('Ctrl Pts',(-344.026083394675,21.6188366219522,5.84243526887212));
#9601=CARTESIAN_POINT('Ctrl Pts',(-344.303548290859,21.616271796631,5.42866455425283));
#9602=CARTESIAN_POINT('Ctrl Pts',(-344.419058726958,21.6145125963888,5.21203857403675));
#9603=CARTESIAN_POINT('Ctrl Pts',(-344.710235051814,21.613029371936,4.52874787890478));
#9604=CARTESIAN_POINT('Ctrl Pts',(-344.934387004875,21.614470265493,3.49915694014333));
#9605=CARTESIAN_POINT('Ctrl Pts',(-344.709616056089,21.6129813410262,2.47021160937346));
#9606=CARTESIAN_POINT('Ctrl Pts',(-344.417933135886,21.6146012973177,1.78628977223094));
#9607=CARTESIAN_POINT('Ctrl Pts',(-344.30179237353,21.6163825537218,1.56880460535208));
#9608=CARTESIAN_POINT('Ctrl Pts',(-344.027132951232,21.6187831837943,1.1590016376319));
#9609=CARTESIAN_POINT('Ctrl Pts',(-343.869681336487,21.6167491133708,0.966945971366649));
#9610=CARTESIAN_POINT('Ctrl Pts',(-343.701370390846,21.6167491133708,0.798635025725833));
#9611=CARTESIAN_POINT('Ctrl Pts',(-343.727500105753,21.1263026566018,6.22749479348859));
#9612=CARTESIAN_POINT('Ctrl Pts',(-343.897685281617,21.1263026566019,6.05730961762388));
#9613=CARTESIAN_POINT('Ctrl Pts',(-344.056725196685,21.1295841487564,5.86568977577478));
#9614=CARTESIAN_POINT('Ctrl Pts',(-344.335934606849,21.1255521499673,5.4466005979205));
#9615=CARTESIAN_POINT('Ctrl Pts',(-344.45149625217,21.122791064271,5.22754814551056));
#9616=CARTESIAN_POINT('Ctrl Pts',(-344.744498086757,21.1204651478994,4.5381773970262));
#9617=CARTESIAN_POINT('Ctrl Pts',(-344.971740461559,21.1227250205659,3.49910147248738));
#9618=CARTESIAN_POINT('Ctrl Pts',(-344.743849885178,21.1203899488587,2.46082910254466));
#9619=CARTESIAN_POINT('Ctrl Pts',(-344.45036754757,21.1229303240149,1.77065654996062));
#9620=CARTESIAN_POINT('Ctrl Pts',(-344.334150748318,21.1257262335135,1.55070112862079));
#9621=CARTESIAN_POINT('Ctrl Pts',(-344.057794746325,21.1295001031178,1.13583278033188));
#9622=CARTESIAN_POINT('Ctrl Pts',(-343.897545992332,21.1263026566017,0.94255119739917));
#9623=CARTESIAN_POINT('Ctrl Pts',(-343.727500105752,21.1263026566016,0.772505310819554));
#9624=CARTESIAN_POINT('Ctrl Pts',(-343.663716563628,20.8690780606353,6.16371125136383));
#9625=CARTESIAN_POINT('Ctrl Pts',(-343.829817870181,20.8690780606354,5.99760994481046));
#9626=CARTESIAN_POINT('Ctrl Pts',(-343.985705157339,20.8725148702339,5.81135087577862));
#9627=CARTESIAN_POINT('Ctrl Pts',(-344.256765520964,20.8682916191203,5.40183545627228));
#9628=CARTESIAN_POINT('Ctrl Pts',(-344.368924981208,20.8654045653058,5.18719816248816));
#9629=CARTESIAN_POINT('Ctrl Pts',(-344.654472651289,20.8629747014653,4.51265428306058));
#9630=CARTESIAN_POINT('Ctrl Pts',(-344.876705147397,20.8653354645291,3.49919493302857));
#9631=CARTESIAN_POINT('Ctrl Pts',(-344.653790779166,20.8628962834538,2.48624352687022));
#9632=CARTESIAN_POINT('Ctrl Pts',(-344.367962354942,20.8655502226593,1.81121254681876));
#9633=CARTESIAN_POINT('Ctrl Pts',(-344.255229771626,20.8684739215574,1.59573162550213));
#9634=CARTESIAN_POINT('Ctrl Pts',(-343.986644174452,20.8724267963434,1.19003570445532));
#9635=CARTESIAN_POINT('Ctrl Pts',(-343.829681923368,20.8690780606352,1.00225421268499));
#9636=CARTESIAN_POINT('Ctrl Pts',(-343.663716563628,20.8690780606351,0.836288852944354));
#9637=CARTESIAN_POINT('Ctrl Pts',(-342.996449543725,22.2000001788139,5.49644423146092));
#9638=CARTESIAN_POINT('Ctrl Pts',(-343.120996822564,22.2000001788139,5.37189695262215));
#9639=CARTESIAN_POINT('Ctrl Pts',(-343.234492029479,22.2000001788139,5.23460766401516));
#9640=CARTESIAN_POINT('Ctrl Pts',(-343.4349132562,22.2000001788139,4.93364616952739));
#9641=CARTESIAN_POINT('Ctrl Pts',(-343.522403649605,22.2000001788139,4.76936430568417));
#9642=CARTESIAN_POINT('Ctrl Pts',(-343.741650887227,22.2000001788139,4.25020066272107));
#9643=CARTESIAN_POINT('Ctrl Pts',(-343.90595301272,22.2000001788139,3.50024333306664));
#9644=CARTESIAN_POINT('Ctrl Pts',(-343.740936813547,22.2000001788139,2.74757012814565));
#9645=CARTESIAN_POINT('Ctrl Pts',(-343.522648456562,22.2000001788139,2.23139500148441));
#9646=CARTESIAN_POINT('Ctrl Pts',(-343.435347312189,22.2000001788139,2.067014560828));
#9647=CARTESIAN_POINT('Ctrl Pts',(-343.234357168169,22.2000001788139,1.76520147534042));
#9648=CARTESIAN_POINT('Ctrl Pts',(-343.120894885945,22.2000001788139,1.62800121506751));
#9649=CARTESIAN_POINT('Ctrl Pts',(-342.996449543725,22.2000001788139,1.50355587284706));
#9650=CARTESIAN_POINT('Origin',(-347.000005334616,22.2000001788139,0.));
#9651=CARTESIAN_POINT('Origin',(-15.,27.,-9.00000013411045));
#9652=CARTESIAN_POINT('Origin',(-144.000002160668,23.8,9.74999991059304));
#9653=CARTESIAN_POINT('',(-145.000002160668,23.8,-9.00000107288359));
#9654=CARTESIAN_POINT('',(-144.000002160668,22.8,-9.00000107288359));
#9655=CARTESIAN_POINT('Origin',(-144.000002160668,23.8,-9.00000107288359));
#9656=CARTESIAN_POINT('',(-144.000002160668,22.8,16.0000002384186));
#9657=CARTESIAN_POINT('',(-144.000002160668,22.8,9.74999991059304));
#9658=CARTESIAN_POINT('',(-145.000002160668,23.8,16.0000002384186));
#9659=CARTESIAN_POINT('Origin',(-144.000002160668,23.8,16.0000002384186));
#9660=CARTESIAN_POINT('',(-145.000002160668,23.8,9.74999991059304));
#9661=CARTESIAN_POINT('Origin',(-94.9999978393316,25.,16.0000002384186));
#9662=CARTESIAN_POINT('',(-95.9999978393316,22.8,16.0000002384186));
#9663=CARTESIAN_POINT('',(-120.,22.8,16.0000002384186));
#9664=CARTESIAN_POINT('',(-94.9999978393316,23.8,16.0000002384186));
#9665=CARTESIAN_POINT('Origin',(-95.9999978393316,23.8,16.0000002384186));
#9666=CARTESIAN_POINT('',(-94.9999978393316,25.,16.0000002384186));
#9667=CARTESIAN_POINT('',(-94.9999978393316,25.,16.0000002384186));
#9668=CARTESIAN_POINT('',(-145.000002160668,25.,16.0000002384186));
#9669=CARTESIAN_POINT('',(-120.,25.,16.0000002384186));
#9670=CARTESIAN_POINT('',(-145.000002160668,25.,16.0000002384186));
#9671=CARTESIAN_POINT('Origin',(-120.,22.8,3.4999995827675));
#9672=CARTESIAN_POINT('',(-95.9999978393316,22.8,-9.00000107288359));
#9673=CARTESIAN_POINT('',(-94.9999978393316,22.8,-9.00000107288359));
#9674=CARTESIAN_POINT('',(-95.9999978393316,22.8,-2.75000074505805));
#9675=CARTESIAN_POINT('',(-107.700001564622,22.8,3.50000005215406));
#9676=CARTESIAN_POINT('Origin',(-105.000001564622,22.8,3.50000005215406));
#9677=CARTESIAN_POINT('',(-137.7,22.8,3.4999995827675));
#9678=CARTESIAN_POINT('Origin',(-135.,22.8,3.4999995827675));
#9679=CARTESIAN_POINT('Origin',(-95.9999978393316,23.8,-2.75000074505805));
#9680=CARTESIAN_POINT('',(-94.9999978393316,23.8,-9.00000107288359));
#9681=CARTESIAN_POINT('Origin',(-95.9999978393316,23.8,-9.00000107288359));
#9682=CARTESIAN_POINT('',(-94.9999978393316,23.8,-2.75000074505805));
#9683=CARTESIAN_POINT('Origin',(-135.,25.,3.4999995827675));
#9684=CARTESIAN_POINT('',(-137.7,25.,3.4999995827675));
#9685=CARTESIAN_POINT('',(-137.7,25.,3.4999995827675));
#9686=CARTESIAN_POINT('Origin',(-135.,25.,3.4999995827675));
#9687=CARTESIAN_POINT('Origin',(-105.000001564622,25.,3.50000005215406));
#9688=CARTESIAN_POINT('',(-107.700001564622,25.,3.50000005215406));
#9689=CARTESIAN_POINT('',(-107.700001564622,25.,3.50000005215406));
#9690=CARTESIAN_POINT('Origin',(-105.000001564622,25.,3.50000005215406));
#9691=CARTESIAN_POINT('Origin',(-145.000002160668,25.,-9.00000107288359));
#9692=CARTESIAN_POINT('',(-145.000002160668,25.,-9.00000107288359));
#9693=CARTESIAN_POINT('',(-145.000002160668,25.,-9.00000107288359));
#9694=CARTESIAN_POINT('',(-94.9999978393316,25.,-9.00000107288359));
#9695=CARTESIAN_POINT('',(-94.9999978393316,25.,-9.00000107288359));
#9696=CARTESIAN_POINT('',(-94.9999978393316,25.,-9.00000107288359));
#9697=CARTESIAN_POINT('Origin',(-145.000002160668,25.,16.0000002384186));
#9698=CARTESIAN_POINT('',(-145.000002160668,25.,-9.00000107288359));
#9699=CARTESIAN_POINT('Origin',(-94.9999978393316,25.,-9.00000107288359));
#9700=CARTESIAN_POINT('',(-94.9999978393316,25.,16.0000002384186));
#9701=CARTESIAN_POINT('Origin',(-120.,25.,3.4999995827675));
#9702=CARTESIAN_POINT('Origin',(143.000002160668,24.8,-2.75000074505805));
#9703=CARTESIAN_POINT('',(145.000002160668,24.8,16.0000002384186));
#9704=CARTESIAN_POINT('',(143.000002160668,22.8,16.0000002384186));
#9705=CARTESIAN_POINT('Origin',(143.000002160668,24.8,16.0000002384186));
#9706=CARTESIAN_POINT('',(143.000002160668,22.8,-9.00000107288359));
#9707=CARTESIAN_POINT('',(143.000002160668,22.8,-2.75000074505805));
#9708=CARTESIAN_POINT('',(145.000002160668,24.8,-9.00000107288359));
#9709=CARTESIAN_POINT('Origin',(143.000002160668,24.8,-9.00000107288359));
#9710=CARTESIAN_POINT('',(145.000002160668,24.8,-2.75000074505805));
#9711=CARTESIAN_POINT('Origin',(94.9999978393316,25.,-9.00000107288359));
#9712=CARTESIAN_POINT('',(96.9999978393316,22.8,-9.00000107288359));
#9713=CARTESIAN_POINT('',(145.000002160668,22.8,-9.00000107288359));
#9714=CARTESIAN_POINT('',(94.9999978393316,24.8,-9.00000107288359));
#9715=CARTESIAN_POINT('Origin',(96.9999978393316,24.8,-9.00000107288359));
#9716=CARTESIAN_POINT('',(94.9999978393316,25.,-9.00000107288359));
#9717=CARTESIAN_POINT('',(94.9999978393316,25.,-9.00000107288359));
#9718=CARTESIAN_POINT('',(145.000002160668,25.,-9.00000107288359));
#9719=CARTESIAN_POINT('',(145.000002160668,25.,-9.00000107288359));
#9720=CARTESIAN_POINT('',(145.000002160668,25.,-9.00000107288359));
#9721=CARTESIAN_POINT('Origin',(120.,22.8,3.4999995827675));
#9722=CARTESIAN_POINT('',(96.9999978393316,22.8,16.0000002384186));
#9723=CARTESIAN_POINT('',(120.,22.8,16.0000002384186));
#9724=CARTESIAN_POINT('',(96.9999978393316,22.8,9.74999991059304));
#9725=CARTESIAN_POINT('',(132.299998435378,22.8,3.50000005215406));
#9726=CARTESIAN_POINT('Origin',(134.999998435378,22.8,3.50000005215406));
#9727=CARTESIAN_POINT('',(102.3,22.8,3.4999995827675));
#9728=CARTESIAN_POINT('Origin',(105.,22.8,3.4999995827675));
#9729=CARTESIAN_POINT('Origin',(96.9999978393316,24.8,9.74999991059304));
#9730=CARTESIAN_POINT('',(94.9999978393316,24.8,16.0000002384186));
#9731=CARTESIAN_POINT('Origin',(96.9999978393316,24.8,16.0000002384186));
#9732=CARTESIAN_POINT('',(94.9999978393316,24.8,9.74999991059304));
#9733=CARTESIAN_POINT('Origin',(105.,25.,3.4999995827675));
#9734=CARTESIAN_POINT('',(102.3,25.,3.4999995827675));
#9735=CARTESIAN_POINT('',(102.3,25.,3.4999995827675));
#9736=CARTESIAN_POINT('Origin',(105.,25.,3.4999995827675));
#9737=CARTESIAN_POINT('Origin',(134.999998435378,25.,3.50000005215406));
#9738=CARTESIAN_POINT('',(132.299998435378,25.,3.50000005215406));
#9739=CARTESIAN_POINT('',(132.299998435378,25.,3.50000005215406));
#9740=CARTESIAN_POINT('Origin',(134.999998435378,25.,3.50000005215406));
#9741=CARTESIAN_POINT('Origin',(94.9999978393316,25.,16.0000002384186));
#9742=CARTESIAN_POINT('',(94.9999978393316,25.,16.0000002384186));
#9743=CARTESIAN_POINT('',(94.9999978393316,25.,16.0000002384186));
#9744=CARTESIAN_POINT('',(94.9999978393316,25.,-9.00000107288359));
#9745=CARTESIAN_POINT('Origin',(145.000002160668,25.,16.0000002384186));
#9746=CARTESIAN_POINT('',(145.000002160668,25.,16.0000002384186));
#9747=CARTESIAN_POINT('',(145.000002160668,25.,16.0000002384186));
#9748=CARTESIAN_POINT('',(120.,25.,16.0000002384186));
#9749=CARTESIAN_POINT('Origin',(145.000002160668,25.,-9.00000107288359));
#9750=CARTESIAN_POINT('',(145.000002160668,25.,16.0000002384186));
#9751=CARTESIAN_POINT('Origin',(120.,25.,3.4999995827675));
#9752=UNCERTAINTY_MEASURE_WITH_UNIT(LENGTH_MEASURE(0.01),#9756,
'DISTANCE_ACCURACY_VALUE',
'Maximum model space distance between geometric entities at asserted c
onnectivities');
#9753=UNCERTAINTY_MEASURE_WITH_UNIT(LENGTH_MEASURE(0.01),#9756,
'DISTANCE_ACCURACY_VALUE',
'Maximum model space distance between geometric entities at asserted c
onnectivities');
#9754=(
GEOMETRIC_REPRESENTATION_CONTEXT(3)
GLOBAL_UNCERTAINTY_ASSIGNED_CONTEXT((#9752))
GLOBAL_UNIT_ASSIGNED_CONTEXT((#9756,#9757,#9758))
REPRESENTATION_CONTEXT('','3D')
);
#9755=(
GEOMETRIC_REPRESENTATION_CONTEXT(3)
GLOBAL_UNCERTAINTY_ASSIGNED_CONTEXT((#9753))
GLOBAL_UNIT_ASSIGNED_CONTEXT((#9756,#9757,#9758))
REPRESENTATION_CONTEXT('','3D')
);
#9756=(
LENGTH_UNIT()
NAMED_UNIT(*)
SI_UNIT(.MILLI.,.METRE.)
);
#9757=(
NAMED_UNIT(*)
PLANE_ANGLE_UNIT()
SI_UNIT($,.RADIAN.)
);
#9758=(
NAMED_UNIT(*)
SI_UNIT($,.STERADIAN.)
SOLID_ANGLE_UNIT()
);
#9759=SHAPE_DEFINITION_REPRESENTATION(#9760,#9761);
#9760=PRODUCT_DEFINITION_SHAPE('',$,#9763);
#9761=SHAPE_REPRESENTATION('',(#3460),#9754);
#9762=PRODUCT_DEFINITION_CONTEXT('part definition',#9767,'design');
#9763=PRODUCT_DEFINITION('2026-10-03-13-57-58-205','strap 240mm mushroom to hole adapter',#9764,#9762);
#9764=PRODUCT_DEFINITION_FORMATION('',$,#9769);
#9765=PRODUCT_RELATED_PRODUCT_CATEGORY('strap 240mm mushroom to hole adapter','strap 240mm mushroom to hole adapter',(#9769));
#9766=APPLICATION_PROTOCOL_DEFINITION('international standard',
'automotive_design',2009,#9767);
#9767=APPLICATION_CONTEXT(
'Core Data for Automotive Mechanical Design Process');
#9768=PRODUCT_CONTEXT('part definition',#9767,'mechanical');
#9769=PRODUCT('2026-10-03-13-57-58-205','strap 240mm mushroom to hole adapter',$,(#9768));
#9770=PRESENTATION_STYLE_ASSIGNMENT((#9771));
#9771=SURFACE_STYLE_USAGE(.BOTH.,#9772);
#9772=SURFACE_SIDE_STYLE('',(#9773));
#9773=SURFACE_STYLE_FILL_AREA(#9774);
#9774=FILL_AREA_STYLE('Steel - Satin',(#9775));
#9775=FILL_AREA_STYLE_COLOUR('Steel - Satin',#9776);
#9776=COLOUR_RGB('Steel - Satin',0.627450980392157,0.627450980392157,0.627450980392157);
ENDSEC;
END-ISO-10303-21;
